# Blender 4.1.1
# www.blender.org
mtllib title.mtl
o テキスト
v -0.871990 1.680801 -0.119798
v -0.577849 1.680801 -0.119798
v -0.688202 2.216415 -0.088684
v -0.969904 2.216415 -0.088684
v -0.962681 2.184366 -0.090546
v -0.718298 2.184366 -0.090546
v -0.674157 1.971242 -0.102926
v -0.900080 1.971242 -0.102926
v -0.893660 1.939193 -0.104788
v -0.666533 1.939193 -0.104788
v -0.620786 1.712850 -0.117936
v -0.880417 1.712850 -0.117936
v -0.047753 2.216415 -0.088684
v -0.102327 2.216415 -0.088684
v -0.166934 1.842246 -0.110420
v -0.168784 1.831867 -0.111023
v -0.170590 1.821559 -0.111621
v -0.172351 1.811324 -0.112216
v -0.174068 1.801162 -0.112806
v -0.175740 1.791071 -0.113392
v -0.177367 1.781053 -0.113974
v -0.178950 1.771108 -0.114552
v -0.180489 1.761234 -0.115126
v -0.181982 1.751433 -0.115695
v -0.183431 1.741704 -0.116260
v -0.184836 1.732048 -0.116821
v -0.186196 1.722464 -0.117378
v -0.187801 1.722464 -0.117378
v -0.230738 1.795776 -0.113119
v -0.479534 2.216415 -0.088684
v -0.535313 2.216415 -0.088684
v -0.421750 1.680801 -0.119798
v -0.387239 1.680801 -0.119798
v -0.399052 1.735499 -0.116621
v -0.410012 1.786222 -0.113674
v -0.420119 1.832970 -0.110958
v -0.429374 1.875741 -0.108474
v -0.437776 1.914538 -0.106220
v -0.445325 1.949359 -0.104197
v -0.452021 1.980204 -0.102405
v -0.457865 2.007074 -0.100845
v -0.462856 2.029969 -0.099515
v -0.466994 2.048888 -0.098416
v -0.470280 2.063832 -0.097548
v -0.472713 2.074800 -0.096910
v -0.474730 2.083787 -0.096388
v -0.476770 2.092788 -0.095865
v -0.478832 2.101803 -0.095342
v -0.480917 2.110832 -0.094817
v -0.483023 2.119875 -0.094292
v -0.485152 2.128932 -0.093766
v -0.487304 2.138003 -0.093239
v -0.489477 2.147087 -0.092711
v -0.491673 2.156186 -0.092183
v -0.493892 2.165298 -0.091653
v -0.496132 2.174425 -0.091123
v -0.498395 2.183565 -0.090592
v -0.495184 2.183565 -0.090592
v -0.397271 2.016511 -0.100296
v -0.197432 1.680801 -0.119798
v -0.162921 1.680801 -0.119798
v -0.095506 2.068590 -0.097271
v -0.093769 2.079059 -0.096663
v -0.092039 2.089366 -0.096064
v -0.090314 2.099512 -0.095475
v -0.088595 2.109497 -0.094895
v -0.086881 2.119320 -0.094324
v -0.085172 2.128982 -0.093763
v -0.083470 2.138482 -0.093211
v -0.081773 2.147822 -0.092669
v -0.080081 2.156999 -0.092135
v -0.078395 2.166016 -0.091612
v -0.076715 2.174871 -0.091097
v -0.075040 2.183565 -0.090592
v -0.072632 2.183565 -0.090592
v -0.067625 2.156760 -0.092149
v -0.062767 2.130963 -0.093648
v -0.058061 2.106172 -0.095088
v -0.053504 2.082389 -0.096470
v -0.049099 2.059613 -0.097793
v -0.044843 2.037843 -0.099057
v -0.040739 2.017081 -0.100263
v -0.036784 1.997326 -0.101411
v -0.032980 1.978578 -0.102500
v -0.029327 1.960837 -0.103531
v -0.025824 1.944104 -0.104503
v -0.022472 1.928377 -0.105416
v 0.030096 1.680801 -0.119798
v 0.065409 1.680801 -0.119798
v 0.543740 1.680801 -0.119798
v 0.581862 1.680801 -0.119798
v 0.285714 2.216415 -0.088684
v 0.264446 2.216415 -0.088684
v 0.161718 1.680801 -0.119798
v 0.196228 1.680801 -0.119798
v 0.233949 1.871090 -0.108744
v 0.437801 1.871090 -0.108744
v 0.422151 1.903139 -0.106882
v 0.240771 1.903139 -0.106882
v 0.286517 2.153519 -0.092338
v 0.287319 2.153519 -0.092338
v 0.290296 2.146748 -0.092731
v 0.293740 2.139253 -0.093166
v 0.297653 2.131035 -0.093644
v 0.302033 2.122094 -0.094163
v 0.306882 2.112429 -0.094724
v 0.312199 2.102041 -0.095328
v 0.317984 2.090930 -0.095973
v 0.324238 2.079095 -0.096661
v 0.330959 2.066537 -0.097390
v 0.338149 2.053256 -0.098162
v 0.345807 2.039251 -0.098975
v 0.353933 2.024523 -0.099831
v 1.028090 1.764127 -0.114958
v 1.032641 1.772234 -0.114487
v 1.036796 1.780664 -0.113997
v 1.040555 1.789416 -0.113489
v 1.043918 1.798491 -0.112961
v 1.046886 1.807888 -0.112415
v 1.049458 1.817609 -0.111851
v 1.051635 1.827652 -0.111267
v 1.053415 1.838017 -0.110665
v 1.054800 1.848706 -0.110044
v 1.055790 1.859717 -0.109405
v 1.056383 1.871051 -0.108746
v 1.056581 1.882708 -0.108069
v 1.056364 1.895096 -0.107350
v 1.055712 1.907557 -0.106626
v 1.054625 1.920089 -0.105898
v 1.053103 1.932695 -0.105165
v 1.051147 1.945372 -0.104429
v 1.048756 1.958122 -0.103688
v 1.045930 1.970945 -0.102943
v 1.042670 1.983839 -0.102194
v 1.038975 1.996806 -0.101441
v 1.034845 2.009845 -0.100684
v 1.030280 2.022957 -0.099922
v 1.025281 2.036141 -0.099156
v 1.019786 2.049198 -0.098398
v 1.013733 2.061930 -0.097658
v 1.007123 2.074336 -0.096937
v 0.999955 2.086417 -0.096236
v 0.992231 2.098173 -0.095553
v 0.983949 2.109602 -0.094889
v 0.975109 2.120707 -0.094244
v 0.965713 2.131486 -0.093617
v 0.955759 2.141939 -0.093010
v 0.945247 2.152067 -0.092422
v 0.934178 2.161870 -0.091852
v 0.922552 2.171346 -0.091302
v 0.910358 2.180272 -0.090783
v 0.897583 2.188422 -0.090310
v 0.884230 2.195796 -0.089882
v 0.870296 2.202394 -0.089498
v 0.855783 2.208215 -0.089160
v 0.840690 2.213260 -0.088867
v 0.825018 2.217529 -0.088619
v 0.808766 2.221022 -0.088416
v 0.791934 2.223738 -0.088258
v 0.774523 2.225679 -0.088146
v 0.756532 2.226843 -0.088078
v 0.737962 2.227231 -0.088056
v 0.731740 2.227190 -0.088058
v 0.725516 2.227064 -0.088065
v 0.719289 2.226856 -0.088077
v 0.713060 2.226563 -0.088094
v 0.706827 2.226188 -0.088116
v 0.700592 2.225729 -0.088143
v 0.694354 2.225186 -0.088174
v 0.688113 2.224560 -0.088211
v 0.681870 2.223851 -0.088252
v 0.675623 2.223058 -0.088298
v 0.669374 2.222182 -0.088349
v 0.663122 2.221222 -0.088405
v 0.657007 2.220209 -0.088463
v 0.651167 2.219174 -0.088524
v 0.645603 2.218117 -0.088585
v 0.640316 2.217038 -0.088648
v 0.635304 2.215936 -0.088712
v 0.630568 2.214812 -0.088777
v 0.626108 2.213666 -0.088844
v 0.621924 2.212498 -0.088911
v 0.618015 2.211307 -0.088981
v 0.614383 2.210094 -0.089051
v 0.611026 2.208859 -0.089123
v 0.607946 2.207601 -0.089196
v 0.614767 2.175553 -0.091058
v 0.618256 2.176870 -0.090981
v 0.621901 2.178151 -0.090907
v 0.625702 2.179396 -0.090834
v 0.629659 2.180605 -0.090764
v 0.633773 2.181777 -0.090696
v 0.638042 2.182914 -0.090630
v 0.642467 2.184014 -0.090566
v 0.647048 2.185078 -0.090504
v 0.651786 2.186106 -0.090445
v 0.656679 2.187098 -0.090387
v 0.661729 2.188054 -0.090331
v 0.666934 2.188973 -0.090278
v 0.672235 2.189837 -0.090228
v 0.677568 2.190626 -0.090182
v 0.682935 2.191339 -0.090141
v 0.688336 2.191978 -0.090103
v 0.693770 2.192541 -0.090071
v 0.699238 2.193029 -0.090042
v 0.704738 2.193442 -0.090018
v 0.710273 2.193780 -0.089999
v 0.715841 2.194043 -0.089983
v 0.721442 2.194231 -0.089973
v 0.727076 2.194344 -0.089966
v 0.732745 2.194381 -0.089964
v 0.746954 2.194114 -0.089979
v 0.760824 2.193313 -0.090026
v 0.774353 2.191978 -0.090103
v 0.787542 2.190108 -0.090212
v 0.800392 2.187705 -0.090352
v 0.812901 2.184767 -0.090522
v 0.825071 2.181295 -0.090724
v 0.836900 2.177289 -0.090957
v 0.848390 2.172748 -0.091220
v 0.859540 2.167674 -0.091515
v 0.870349 2.162066 -0.091841
v 0.880819 2.155923 -0.092198
v 0.890948 2.149250 -0.092586
v 0.900738 2.142052 -0.093004
v 0.910188 2.134327 -0.093452
v 0.919297 2.126077 -0.093932
v 0.928067 2.117302 -0.094441
v 0.936497 2.108000 -0.094982
v 0.944587 2.098173 -0.095553
v 0.952336 2.087819 -0.096154
v 0.959746 2.076940 -0.096786
v 0.966816 2.065536 -0.097449
v 0.973546 2.053605 -0.098142
v 0.979936 2.041148 -0.098865
v 0.985897 2.028411 -0.099605
v 0.991339 2.015637 -0.100347
v 0.996263 2.002828 -0.101091
v 1.000669 1.989982 -0.101838
v 1.004556 1.977100 -0.102586
v 1.007925 1.964181 -0.103336
v 1.010776 1.951227 -0.104089
v 1.013108 1.938236 -0.104843
v 1.014923 1.925210 -0.105600
v 1.016218 1.912147 -0.106359
v 1.016996 1.899048 -0.107120
v 1.017255 1.885913 -0.107883
v 1.016936 1.871884 -0.108698
v 1.015979 1.858376 -0.109483
v 1.014384 1.845388 -0.110237
v 1.012150 1.832921 -0.110961
v 1.009278 1.820974 -0.111655
v 1.005769 1.809546 -0.112319
v 1.001621 1.798640 -0.112953
v 0.996834 1.788253 -0.113556
v 0.991410 1.778387 -0.114129
v 0.985348 1.769040 -0.114672
v 0.978647 1.760215 -0.115185
v 0.971308 1.751909 -0.115667
v 0.963404 1.744199 -0.116115
v 0.955006 1.737159 -0.116524
v 0.946115 1.730789 -0.116894
v 0.936731 1.725090 -0.117225
v 0.926853 1.720062 -0.117517
v 0.916483 1.715704 -0.117771
v 0.905619 1.712016 -0.117985
v 0.894262 1.708999 -0.118160
v 0.882411 1.706653 -0.118296
v 0.870068 1.704976 -0.118394
v 0.857231 1.703971 -0.118452
v 0.843901 1.703636 -0.118472
v 0.833108 1.703876 -0.118458
v 0.822666 1.704598 -0.118416
v 0.812575 1.705801 -0.118346
v 0.802836 1.707486 -0.118248
v 0.793447 1.709652 -0.118122
v 0.784410 1.712299 -0.117968
v 0.775724 1.715427 -0.117787
v 0.767389 1.719037 -0.117577
v 0.759405 1.723128 -0.117339
v 0.751772 1.727700 -0.117074
v 0.744491 1.732753 -0.116780
v 0.737560 1.738288 -0.116459
v 0.730975 1.744324 -0.116108
v 0.724730 1.750880 -0.115727
v 0.718825 1.757956 -0.115316
v 0.713260 1.765552 -0.114875
v 0.708035 1.773668 -0.114403
v 0.703150 1.782305 -0.113902
v 0.698605 1.791462 -0.113370
v 0.694400 1.801139 -0.112808
v 0.690535 1.811337 -0.112215
v 0.687010 1.822054 -0.111593
v 0.683824 1.833292 -0.110940
v 0.680979 1.845050 -0.110257
v 0.666533 1.912353 -0.106347
v 0.790530 1.912353 -0.106347
v 0.782905 1.946004 -0.104392
v 0.624398 1.946004 -0.104392
v 0.648475 1.835836 -0.110792
v 0.651847 1.821555 -0.111622
v 0.655676 1.807955 -0.112412
v 0.659962 1.795037 -0.113162
v 0.664705 1.782800 -0.113873
v 0.669905 1.771245 -0.114544
v 0.675562 1.760372 -0.115176
v 0.681676 1.750180 -0.115768
v 0.688247 1.740670 -0.116320
v 0.695275 1.731841 -0.116833
v 0.702760 1.723694 -0.117306
v 0.710702 1.716228 -0.117740
v 0.719101 1.709444 -0.118134
v 0.727882 1.703270 -0.118493
v 0.736970 1.697632 -0.118820
v 0.746363 1.692531 -0.119117
v 0.756064 1.687967 -0.119382
v 0.766071 1.683940 -0.119616
v 0.776385 1.680450 -0.119818
v 0.787005 1.677497 -0.119990
v 0.797931 1.675081 -0.120130
v 0.809164 1.673202 -0.120239
v 0.820704 1.671860 -0.120317
v 0.832550 1.671054 -0.120364
v 0.844703 1.670786 -0.120380
v 0.854458 1.670944 -0.120371
v 0.864060 1.671420 -0.120343
v 0.873508 1.672213 -0.120297
v 0.882803 1.673323 -0.120232
v 0.891945 1.674750 -0.120150
v 0.900933 1.676494 -0.120048
v 0.909768 1.678556 -0.119928
v 0.918450 1.680934 -0.119790
v 0.926979 1.683630 -0.119634
v 0.935354 1.686643 -0.119459
v 0.943576 1.689973 -0.119265
v 0.951645 1.693620 -0.119053
v 0.959502 1.697599 -0.118822
v 0.967089 1.701922 -0.118571
v 0.974406 1.706590 -0.118300
v 0.981452 1.711603 -0.118009
v 0.988228 1.716961 -0.117697
v 0.994733 1.722664 -0.117366
v 1.000968 1.728713 -0.117015
v 1.006933 1.735106 -0.116643
v 1.012628 1.741844 -0.116252
v 1.018052 1.748927 -0.115841
v 1.023206 1.756355 -0.115409
v -0.871990 1.666883 0.119798
v -0.577849 1.666883 0.119798
v -0.688202 2.202497 0.150912
v -0.969904 2.202497 0.150912
v -0.962681 2.170448 0.149050
v -0.718298 2.170448 0.149050
v -0.674157 1.957324 0.136670
v -0.900080 1.957324 0.136670
v -0.893660 1.925275 0.134808
v -0.666533 1.925275 0.134808
v -0.620786 1.698931 0.121660
v -0.880417 1.698931 0.121660
v -0.047753 2.202497 0.150912
v -0.102327 2.202497 0.150912
v -0.166934 1.828328 0.129176
v -0.168784 1.817948 0.128574
v -0.170590 1.807641 0.127975
v -0.172351 1.797406 0.127380
v -0.174068 1.787243 0.126790
v -0.175740 1.777153 0.126204
v -0.177367 1.767135 0.125622
v -0.178950 1.757189 0.125044
v -0.180489 1.747316 0.124470
v -0.181982 1.737515 0.123901
v -0.183431 1.727786 0.123336
v -0.184836 1.718130 0.122775
v -0.186196 1.708546 0.122218
v -0.187801 1.708546 0.122218
v -0.230738 1.781857 0.126477
v -0.479534 2.202497 0.150912
v -0.535313 2.202497 0.150912
v -0.421750 1.666883 0.119798
v -0.387239 1.666883 0.119798
v -0.399052 1.721581 0.122976
v -0.410012 1.772304 0.125922
v -0.420119 1.819051 0.128638
v -0.429374 1.861823 0.131122
v -0.437776 1.900620 0.133376
v -0.445325 1.935441 0.135399
v -0.452021 1.966286 0.137191
v -0.457865 1.993156 0.138751
v -0.462856 2.016051 0.140081
v -0.466994 2.034970 0.141180
v -0.470280 2.049913 0.142049
v -0.472713 2.060881 0.142686
v -0.474730 2.069869 0.143208
v -0.476770 2.078870 0.143731
v -0.478832 2.087885 0.144254
v -0.480917 2.096914 0.144779
v -0.483023 2.105957 0.145304
v -0.485152 2.115014 0.145830
v -0.487304 2.124084 0.146357
v -0.489477 2.133169 0.146885
v -0.491673 2.142267 0.147413
v -0.493892 2.151380 0.147943
v -0.496132 2.160506 0.148473
v -0.498395 2.169647 0.149004
v -0.495184 2.169647 0.149004
v -0.397271 2.002593 0.139300
v -0.197432 1.666883 0.119798
v -0.162921 1.666883 0.119798
v -0.095506 2.054672 0.142325
v -0.093769 2.065140 0.142933
v -0.092039 2.075448 0.143532
v -0.090314 2.085594 0.144121
v -0.088595 2.095578 0.144701
v -0.086881 2.105402 0.145272
v -0.085172 2.115064 0.145833
v -0.083470 2.124564 0.146385
v -0.081773 2.133903 0.146928
v -0.080081 2.143081 0.147461
v -0.078395 2.152098 0.147985
v -0.076715 2.160953 0.148499
v -0.075040 2.169647 0.149004
v -0.072632 2.169647 0.149004
v -0.067625 2.142842 0.147447
v -0.062767 2.117044 0.145948
v -0.058061 2.092254 0.144508
v -0.053504 2.068470 0.143127
v -0.049099 2.045694 0.141803
v -0.044843 2.023925 0.140539
v -0.040739 2.003163 0.139333
v -0.036784 1.983408 0.138185
v -0.032980 1.964660 0.137096
v -0.029327 1.946919 0.136066
v -0.025824 1.930185 0.135093
v -0.022472 1.914459 0.134180
v 0.030096 1.666883 0.119798
v 0.065409 1.666883 0.119798
v 0.543740 1.666883 0.119798
v 0.581862 1.666883 0.119798
v 0.285714 2.202497 0.150912
v 0.264446 2.202497 0.150912
v 0.161718 1.666883 0.119798
v 0.196228 1.666883 0.119798
v 0.233949 1.857172 0.130852
v 0.437801 1.857172 0.130852
v 0.422151 1.889220 0.132714
v 0.240771 1.889220 0.132714
v 0.286517 2.139601 0.147259
v 0.287319 2.139601 0.147259
v 0.290296 2.132829 0.146865
v 0.293740 2.125335 0.146430
v 0.297653 2.117117 0.145952
v 0.302033 2.108175 0.145433
v 0.306882 2.098511 0.144872
v 0.312199 2.088123 0.144268
v 0.317984 2.077011 0.143623
v 0.324238 2.065177 0.142935
v 0.330959 2.052619 0.142206
v 0.338149 2.039337 0.141434
v 0.345807 2.025333 0.140621
v 0.353933 2.010605 0.139765
v 1.028090 1.750209 0.124639
v 1.032641 1.758316 0.125109
v 1.036796 1.766745 0.125599
v 1.040555 1.775498 0.126108
v 1.043918 1.784572 0.126635
v 1.046886 1.793970 0.127181
v 1.049458 1.803690 0.127745
v 1.051635 1.813733 0.128329
v 1.053415 1.824099 0.128931
v 1.054800 1.834788 0.129552
v 1.055790 1.845799 0.130191
v 1.056383 1.857133 0.130850
v 1.056581 1.868789 0.131527
v 1.056364 1.881178 0.132247
v 1.055712 1.893638 0.132970
v 1.054625 1.906171 0.133698
v 1.053103 1.918777 0.134431
v 1.051147 1.931454 0.135167
v 1.048756 1.944204 0.135908
v 1.045930 1.957026 0.136653
v 1.042670 1.969921 0.137402
v 1.038975 1.982888 0.138155
v 1.034845 1.995927 0.138912
v 1.030280 2.009039 0.139674
v 1.025281 2.022223 0.140440
v 1.019786 2.035280 0.141198
v 1.013733 2.048012 0.141938
v 1.007123 2.060418 0.142659
v 0.999955 2.072499 0.143361
v 0.992231 2.084254 0.144043
v 0.983949 2.095684 0.144707
v 0.975109 2.106789 0.145352
v 0.965713 2.117568 0.145979
v 0.955759 2.128021 0.146586
v 0.945247 2.138149 0.147174
v 0.934178 2.147951 0.147744
v 0.922552 2.157428 0.148294
v 0.910358 2.166354 0.148813
v 0.897583 2.174504 0.149286
v 0.884230 2.181878 0.149714
v 0.870296 2.188475 0.150098
v 0.855783 2.194297 0.150436
v 0.840690 2.199342 0.150729
v 0.825018 2.203611 0.150977
v 0.808766 2.207103 0.151180
v 0.791934 2.209820 0.151338
v 0.774523 2.211761 0.151450
v 0.756532 2.212925 0.151518
v 0.737962 2.213313 0.151541
v 0.731740 2.213271 0.151538
v 0.725516 2.213146 0.151531
v 0.719289 2.212937 0.151519
v 0.713060 2.212645 0.151502
v 0.706827 2.212270 0.151480
v 0.700592 2.211811 0.151453
v 0.694354 2.211268 0.151422
v 0.688113 2.210642 0.151385
v 0.681870 2.209933 0.151344
v 0.675623 2.209140 0.151298
v 0.669374 2.208264 0.151247
v 0.663122 2.207304 0.151191
v 0.657007 2.206291 0.151133
v 0.651167 2.205256 0.151073
v 0.645603 2.204199 0.151011
v 0.640316 2.203120 0.150948
v 0.635304 2.202018 0.150884
v 0.630568 2.200894 0.150819
v 0.626108 2.199748 0.150753
v 0.621924 2.198580 0.150685
v 0.618015 2.197389 0.150615
v 0.614383 2.196176 0.150545
v 0.611026 2.194941 0.150473
v 0.607946 2.193683 0.150400
v 0.614767 2.161634 0.148539
v 0.618256 2.162952 0.148615
v 0.621901 2.164233 0.148689
v 0.625702 2.165478 0.148762
v 0.629659 2.166687 0.148832
v 0.633773 2.167859 0.148900
v 0.638042 2.168996 0.148966
v 0.642467 2.170096 0.149030
v 0.647048 2.171160 0.149092
v 0.651786 2.172188 0.149152
v 0.656679 2.173180 0.149209
v 0.661729 2.174135 0.149265
v 0.666934 2.175055 0.149318
v 0.672235 2.175919 0.149368
v 0.677568 2.176707 0.149414
v 0.682935 2.177421 0.149456
v 0.688336 2.178059 0.149493
v 0.693770 2.178623 0.149525
v 0.699238 2.179111 0.149554
v 0.704738 2.179524 0.149578
v 0.710273 2.179862 0.149597
v 0.715841 2.180125 0.149613
v 0.721442 2.180313 0.149624
v 0.727076 2.180425 0.149630
v 0.732745 2.180463 0.149632
v 0.746954 2.180196 0.149617
v 0.760824 2.179395 0.149570
v 0.774353 2.178059 0.149493
v 0.787542 2.176190 0.149384
v 0.800392 2.173786 0.149244
v 0.812901 2.170848 0.149074
v 0.825071 2.167377 0.148872
v 0.836900 2.163370 0.148639
v 0.848390 2.158830 0.148376
v 0.859540 2.153756 0.148081
v 0.870349 2.148147 0.147755
v 0.880819 2.142004 0.147398
v 0.890948 2.135332 0.147011
v 0.900738 2.128134 0.146592
v 0.910188 2.120409 0.146144
v 0.919297 2.112159 0.145664
v 0.928067 2.103383 0.145155
v 0.936497 2.094082 0.144614
v 0.944587 2.084254 0.144043
v 0.952336 2.073901 0.143442
v 0.959746 2.063022 0.142810
v 0.966816 2.051617 0.142148
v 0.973546 2.039687 0.141454
v 0.979936 2.027230 0.140731
v 0.985897 2.014493 0.139991
v 0.991339 2.001719 0.139249
v 0.996263 1.988909 0.138505
v 1.000669 1.976063 0.137759
v 1.004556 1.963181 0.137010
v 1.007925 1.950263 0.136260
v 1.010776 1.937309 0.135507
v 1.013108 1.924318 0.134753
v 1.014923 1.911291 0.133996
v 1.016218 1.898229 0.133237
v 1.016996 1.885129 0.132476
v 1.017255 1.871994 0.131713
v 1.016936 1.857966 0.130898
v 1.015979 1.844458 0.130114
v 1.014384 1.831470 0.129359
v 1.012150 1.819003 0.128635
v 1.009278 1.807055 0.127941
v 1.005769 1.795628 0.127277
v 1.001621 1.784721 0.126643
v 0.996834 1.774335 0.126040
v 0.991410 1.764468 0.125467
v 0.985348 1.755122 0.124924
v 0.978647 1.746296 0.124411
v 0.971308 1.737991 0.123929
v 0.963404 1.730280 0.123481
v 0.955006 1.723240 0.123072
v 0.946115 1.716871 0.122702
v 0.936731 1.711172 0.122371
v 0.926853 1.706144 0.122079
v 0.916483 1.701786 0.121826
v 0.905619 1.698098 0.121611
v 0.894262 1.695081 0.121436
v 0.882411 1.692734 0.121300
v 0.870068 1.691058 0.121202
v 0.857231 1.690053 0.121144
v 0.843901 1.689717 0.121125
v 0.833108 1.689958 0.121139
v 0.822666 1.690680 0.121180
v 0.812575 1.691883 0.121250
v 0.802836 1.693568 0.121348
v 0.793447 1.695733 0.121474
v 0.784410 1.698380 0.121628
v 0.775724 1.701509 0.121810
v 0.767389 1.705118 0.122019
v 0.759405 1.709209 0.122257
v 0.751772 1.713782 0.122522
v 0.744491 1.718835 0.122816
v 0.737560 1.724370 0.123138
v 0.730975 1.730405 0.123488
v 0.724730 1.736961 0.123869
v 0.718825 1.744037 0.124280
v 0.713260 1.751634 0.124721
v 0.708035 1.759750 0.125193
v 0.703150 1.768387 0.125694
v 0.698605 1.777544 0.126226
v 0.694400 1.787221 0.126789
v 0.690535 1.797418 0.127381
v 0.687010 1.808136 0.128004
v 0.683824 1.819374 0.128656
v 0.680979 1.831132 0.129339
v 0.666533 1.898434 0.133249
v 0.790530 1.898434 0.133249
v 0.782905 1.932086 0.135204
v 0.624398 1.932086 0.135204
v 0.648475 1.821918 0.128804
v 0.651847 1.807637 0.127975
v 0.655676 1.794037 0.127185
v 0.659962 1.781119 0.126434
v 0.664705 1.768882 0.125723
v 0.669905 1.757327 0.125052
v 0.675562 1.746454 0.124420
v 0.681676 1.736262 0.123828
v 0.688247 1.726751 0.123276
v 0.695275 1.717923 0.122763
v 0.702760 1.709776 0.122290
v 0.710702 1.702310 0.121856
v 0.719101 1.695526 0.121462
v 0.727882 1.689351 0.121103
v 0.736970 1.683714 0.120776
v 0.746363 1.678613 0.120479
v 0.756064 1.674049 0.120214
v 0.766071 1.670022 0.119980
v 0.776385 1.666532 0.119778
v 0.787005 1.663579 0.119606
v 0.797931 1.661163 0.119466
v 0.809164 1.659284 0.119357
v 0.820704 1.657941 0.119279
v 0.832550 1.657136 0.119232
v 0.844703 1.656867 0.119216
v 0.854458 1.657026 0.119225
v 0.864060 1.657502 0.119253
v 0.873508 1.658295 0.119299
v 0.882803 1.659405 0.119364
v 0.891945 1.660832 0.119447
v 0.900933 1.662576 0.119548
v 0.909768 1.664637 0.119668
v 0.918450 1.667016 0.119806
v 0.926979 1.669712 0.119962
v 0.935354 1.672725 0.120137
v 0.943576 1.676055 0.120331
v 0.951645 1.679702 0.120543
v 0.959502 1.683680 0.120774
v 0.967089 1.688004 0.121025
v 0.974406 1.692672 0.121296
v 0.981452 1.697685 0.121587
v 0.988228 1.703043 0.121899
v 0.994733 1.708746 0.122230
v 1.000968 1.714794 0.122581
v 1.006933 1.721187 0.122953
v 1.012628 1.727925 0.123344
v 1.018052 1.735008 0.123756
v 1.023206 1.742436 0.124187
v 1.028090 1.750209 0.124639
v 1.033407 1.747117 0.123478
v 1.038203 1.744440 0.120477
v 1.042010 1.742442 0.115929
v 1.044454 1.741318 0.110279
v 1.045296 1.741178 0.104080
v 1.045296 1.752776 -0.095583
v 1.044454 1.753634 -0.101724
v 1.042010 1.755404 -0.107206
v 1.038203 1.757916 -0.111492
v 1.033407 1.760921 -0.114163
v 1.028090 1.764127 -0.114958
v 1.032641 1.758316 0.125109
v 1.038113 1.755500 0.123965
v 1.043050 1.753074 0.120979
v 1.046967 1.751274 0.116442
v 1.049483 1.750278 0.110800
v 1.050349 1.750181 0.104603
v 1.050349 1.761780 -0.095060
v 1.049483 1.762593 -0.101204
v 1.046967 1.764236 -0.106693
v 1.043050 1.766549 -0.110991
v 1.038113 1.769305 -0.113676
v 1.032641 1.772234 -0.114487
v 1.036796 1.766745 0.125599
v 1.042412 1.764223 0.124472
v 1.047479 1.762060 0.121501
v 1.051500 1.760470 0.116976
v 1.054082 1.759608 0.111342
v 1.054971 1.759557 0.105148
v 1.054971 1.771156 -0.094516
v 1.054082 1.771923 -0.100662
v 1.051500 1.773432 -0.106159
v 1.047479 1.775536 -0.110469
v 1.042412 1.778027 -0.113170
v 1.036796 1.780664 -0.113997
v 1.040555 1.775498 0.126108
v 1.046297 1.773267 0.124997
v 1.051477 1.771368 0.122042
v 1.055587 1.769986 0.117529
v 1.058227 1.769258 0.111902
v 1.059136 1.769254 0.105711
v 1.059136 1.780853 -0.093952
v 1.058227 1.781573 -0.100101
v 1.055587 1.782948 -0.105606
v 1.051477 1.784843 -0.109928
v 1.046297 1.787071 -0.112644
v 1.040555 1.789416 -0.113489
v 1.043918 1.784572 0.126635
v 1.049767 1.782630 0.125541
v 1.055043 1.780991 0.122601
v 1.059231 1.779816 0.118100
v 1.061919 1.779221 0.112481
v 1.062846 1.779262 0.106293
v 1.062846 1.790861 -0.093371
v 1.061919 1.791536 -0.099522
v 1.059231 1.792778 -0.105035
v 1.055043 1.794466 -0.109369
v 1.049767 1.796435 -0.112100
v 1.043918 1.798491 -0.112961
v 1.046886 1.793970 0.127181
v 1.052824 1.792310 0.126104
v 1.058181 1.790927 0.123178
v 1.062433 1.789955 0.118689
v 1.065162 1.789489 0.113077
v 1.066103 1.789575 0.106892
v 1.066103 1.801174 -0.092772
v 1.065162 1.801804 -0.098926
v 1.062433 1.802917 -0.104446
v 1.058181 1.804402 -0.108792
v 1.052824 1.806115 -0.111538
v 1.046886 1.807888 -0.112415
v 1.049458 1.803690 0.127745
v 1.055469 1.802306 0.126684
v 1.060892 1.801171 0.123773
v 1.065195 1.800396 0.119296
v 1.067958 1.800057 0.113691
v 1.068910 1.800187 0.107508
v 1.068910 1.811786 -0.092155
v 1.067958 1.812372 -0.098312
v 1.065195 1.813358 -0.103840
v 1.060892 1.814646 -0.108197
v 1.055469 1.816111 -0.110957
v 1.049458 1.817609 -0.111851
v 1.051635 1.813733 0.128329
v 1.057703 1.812616 0.127283
v 1.063178 1.811721 0.124386
v 1.067523 1.811137 0.119920
v 1.070313 1.810921 0.114322
v 1.071274 1.811093 0.108142
v 1.071274 1.822692 -0.091522
v 1.070313 1.823236 -0.097681
v 1.067523 1.824099 -0.103216
v 1.063178 1.825197 -0.107584
v 1.057703 1.826421 -0.110358
v 1.051635 1.827652 -0.111267
v 1.053415 1.824099 0.128931
v 1.059528 1.823238 0.127900
v 1.065043 1.822575 0.125016
v 1.069419 1.822175 0.120561
v 1.072229 1.822077 0.114970
v 1.073197 1.822290 0.108792
v 1.073197 1.833888 -0.090871
v 1.072229 1.834392 -0.097033
v 1.069419 1.835137 -0.102574
v 1.065043 1.836051 -0.106953
v 1.059528 1.837043 -0.109741
v 1.053415 1.838017 -0.110665
v 1.054800 1.834788 0.129552
v 1.060945 1.834173 0.128536
v 1.066489 1.833732 0.125664
v 1.070888 1.833507 0.121219
v 1.073712 1.833522 0.115635
v 1.074685 1.833774 0.109459
v 1.074685 1.845373 -0.090204
v 1.073712 1.845837 -0.096368
v 1.070888 1.846470 -0.101916
v 1.066489 1.847207 -0.106305
v 1.060945 1.847978 -0.109106
v 1.054800 1.848706 -0.110044
v 1.055790 1.845799 0.130191
v 1.061956 1.845419 0.129189
v 1.067518 1.845190 0.126330
v 1.071932 1.845133 0.121895
v 1.074766 1.845256 0.116317
v 1.075743 1.845545 0.110143
v 1.075743 1.857144 -0.089520
v 1.074766 1.857571 -0.095686
v 1.071932 1.858095 -0.101241
v 1.067518 1.858665 -0.105640
v 1.061956 1.859224 -0.108453
v 1.055790 1.859717 -0.109405
v 1.056383 1.857133 0.130850
v 1.062561 1.856976 0.129860
v 1.068134 1.856948 0.127013
v 1.072556 1.857052 0.122587
v 1.075396 1.857277 0.117015
v 1.076374 1.857602 0.110843
v 1.076374 1.869201 -0.088820
v 1.075396 1.869593 -0.094988
v 1.072556 1.870014 -0.100548
v 1.068134 1.870424 -0.104957
v 1.062561 1.870781 -0.107781
v 1.056383 1.871051 -0.108746
v 1.056581 1.868789 0.131527
v 1.062762 1.868848 0.130550
v 1.068339 1.869014 0.127714
v 1.072764 1.869272 0.123297
v 1.075605 1.869596 0.117731
v 1.076584 1.869955 0.111561
v 1.076584 1.881553 -0.088102
v 1.075605 1.881912 -0.094272
v 1.072764 1.882234 -0.099838
v 1.068339 1.882489 -0.104256
v 1.062762 1.882653 -0.107092
v 1.056581 1.882708 -0.108069
v 1.056364 1.881178 0.132247
v 1.062541 1.881449 0.131282
v 1.068114 1.881808 0.128457
v 1.072537 1.882219 0.124049
v 1.075376 1.882641 0.118489
v 1.076355 1.883033 0.112321
v 1.076355 1.894632 -0.087343
v 1.075376 1.894956 -0.093515
v 1.072537 1.895181 -0.099086
v 1.068114 1.895283 -0.103513
v 1.062541 1.895254 -0.106360
v 1.056364 1.895096 -0.107350
v 1.055712 1.893638 0.132970
v 1.061878 1.894122 0.132018
v 1.067441 1.894672 0.129204
v 1.071856 1.895235 0.124805
v 1.074690 1.895754 0.119250
v 1.075667 1.896180 0.113084
v 1.075667 1.907779 -0.086579
v 1.074690 1.908070 -0.092753
v 1.071856 1.908197 -0.098330
v 1.067441 1.908148 -0.102765
v 1.061878 1.907927 -0.105624
v 1.055712 1.907557 -0.106626
v 1.054625 1.906171 0.133698
v 1.060773 1.906863 0.132758
v 1.066320 1.907601 0.129955
v 1.070722 1.908313 0.125565
v 1.073548 1.908928 0.120016
v 1.074521 1.909387 0.113852
v 1.074521 1.920986 -0.085812
v 1.073548 1.921243 -0.091988
v 1.070722 1.921275 -0.097571
v 1.066320 1.921077 -0.102014
v 1.060773 1.920668 -0.104883
v 1.054625 1.920089 -0.105898
v 1.053103 1.918777 0.134431
v 1.059227 1.919672 0.133502
v 1.064751 1.920594 0.130710
v 1.069136 1.921451 0.126328
v 1.071950 1.922160 0.120784
v 1.072920 1.922651 0.114622
v 1.072920 1.934250 -0.085041
v 1.071950 1.934475 -0.091219
v 1.069136 1.934413 -0.096807
v 1.064751 1.934069 -0.101259
v 1.059227 1.933477 -0.104139
v 1.053103 1.932695 -0.105165
v 1.051147 1.931454 0.135167
v 1.057240 1.932549 0.134250
v 1.062737 1.933649 0.131469
v 1.067099 1.934649 0.127095
v 1.069900 1.935449 0.121556
v 1.070865 1.935972 0.115396
v 1.070865 1.947570 -0.084268
v 1.069900 1.947764 -0.090447
v 1.067099 1.947611 -0.096041
v 1.062737 1.947124 -0.100501
v 1.057240 1.946353 -0.103391
v 1.051147 1.945372 -0.104429
v 1.048756 1.944204 0.135908
v 1.054813 1.945492 0.135002
v 1.060277 1.946767 0.132231
v 1.064613 1.947904 0.127865
v 1.067397 1.948794 0.122331
v 1.068357 1.949347 0.116173
v 1.068357 1.960945 -0.083491
v 1.067397 1.961109 -0.089672
v 1.064613 1.960867 -0.095271
v 1.060277 1.960242 -0.099739
v 1.054813 1.959296 -0.102640
v 1.048756 1.958122 -0.103688
v 1.045930 1.957026 0.136653
v 1.051946 1.958501 0.135758
v 1.057373 1.959945 0.132996
v 1.061679 1.961217 0.128638
v 1.064445 1.962193 0.123110
v 1.065397 1.962776 0.116953
v 1.065397 1.974374 -0.082710
v 1.064445 1.974508 -0.088893
v 1.061679 1.974180 -0.094497
v 1.057373 1.973421 -0.098973
v 1.051946 1.972306 -0.101884
v 1.045930 1.970945 -0.102943
v 1.042670 1.969921 0.137402
v 1.048640 1.971577 0.136517
v 1.054025 1.973185 0.133765
v 1.058299 1.974587 0.129415
v 1.061043 1.975645 0.123891
v 1.061988 1.976257 0.117736
v 1.061988 1.987856 -0.081927
v 1.061043 1.987961 -0.088112
v 1.058299 1.987549 -0.093721
v 1.054025 1.986660 -0.098204
v 1.048640 1.985382 -0.101124
v 1.042670 1.983839 -0.102194
v 1.038975 1.982888 0.138155
v 1.044895 1.984719 0.137281
v 1.050235 1.986485 0.134538
v 1.054473 1.988012 0.130194
v 1.057194 1.989151 0.124676
v 1.058132 1.989790 0.118522
v 1.058132 2.001389 -0.081141
v 1.057194 2.001466 -0.087327
v 1.054473 2.000974 -0.092941
v 1.050235 1.999960 -0.097432
v 1.044895 1.998524 -0.100361
v 1.038975 1.996806 -0.101441
v 1.034845 1.995927 0.138912
v 1.040711 1.997927 0.138048
v 1.046004 1.999845 0.135314
v 1.050203 2.001493 0.130978
v 1.052900 2.002709 0.125463
v 1.053829 2.003375 0.119311
v 1.053829 2.014974 -0.080352
v 1.052900 2.015024 -0.086540
v 1.050203 2.014455 -0.092158
v 1.046004 2.013320 -0.096656
v 1.040711 2.011732 -0.099594
v 1.034845 2.009845 -0.100684
v 1.030280 2.009039 0.139674
v 1.036090 2.011201 0.138819
v 1.041332 2.013265 0.136094
v 1.045491 2.015029 0.131764
v 1.048162 2.016320 0.126254
v 1.049082 2.017012 0.120104
v 1.049082 2.028610 -0.079560
v 1.048162 2.028635 -0.085749
v 1.045491 2.027991 -0.091371
v 1.041332 2.026740 -0.095876
v 1.036090 2.025006 -0.098822
v 1.030280 2.022957 -0.099922
v 1.025281 2.022223 0.140440
v 1.031022 2.024567 0.139596
v 1.036201 2.026796 0.136880
v 1.040311 2.028690 0.132557
v 1.042949 2.030066 0.127053
v 1.043859 2.030786 0.120904
v 1.043859 2.042385 -0.078760
v 1.042949 2.042381 -0.084951
v 1.040311 2.041652 -0.090578
v 1.036201 2.040271 -0.095090
v 1.031022 2.038372 -0.098046
v 1.025281 2.036141 -0.099156
v 1.019786 2.035280 0.141198
v 1.025429 2.037856 0.140368
v 1.030520 2.040293 0.137664
v 1.034561 2.042353 0.133351
v 1.037155 2.043834 0.127852
v 1.038049 2.044591 0.121706
v 1.038049 2.056190 -0.077958
v 1.037155 2.056149 -0.084151
v 1.034561 2.055315 -0.089784
v 1.030520 2.053768 -0.094306
v 1.025429 2.051660 -0.097274
v 1.019786 2.049198 -0.098398
v 1.013733 2.048012 0.141938
v 1.019256 2.050841 0.141122
v 1.024238 2.053508 0.138431
v 1.028192 2.055749 0.134129
v 1.030730 2.057347 0.128637
v 1.031605 2.058145 0.122493
v 1.031605 2.069743 -0.077170
v 1.030730 2.069663 -0.083366
v 1.028192 2.068711 -0.089006
v 1.024238 2.066983 -0.093538
v 1.019256 2.064646 -0.096520
v 1.013733 2.061930 -0.097658
v 1.007123 2.060418 0.142659
v 1.012513 2.063497 0.141857
v 1.017375 2.066389 0.139179
v 1.021234 2.068809 0.134888
v 1.023711 2.070522 0.129403
v 1.024565 2.071359 0.123261
v 1.024565 2.082957 -0.076403
v 1.023711 2.082837 -0.082601
v 1.021234 2.081771 -0.088247
v 1.017375 2.079864 -0.092790
v 1.012513 2.077302 -0.095785
v 1.007123 2.074336 -0.096937
v 0.999955 2.072499 0.143361
v 1.005201 2.075822 0.142573
v 1.009933 2.078933 0.139908
v 1.013688 2.081527 0.135627
v 1.016099 2.083352 0.130148
v 1.016930 2.084228 0.124008
v 1.016930 2.095826 -0.075655
v 1.016099 2.095668 -0.081855
v 1.013688 2.094490 -0.087508
v 1.009933 2.092408 -0.092061
v 1.005201 2.089627 -0.095069
v 0.999955 2.086417 -0.096236
v 0.992231 2.084254 0.144043
v 0.997321 2.087813 0.143270
v 1.001913 2.091137 0.140617
v 1.005557 2.093901 0.136346
v 1.007897 2.095834 0.130873
v 1.008703 2.096747 0.124735
v 1.008703 2.108346 -0.074928
v 1.007897 2.108150 -0.081130
v 1.005557 2.106863 -0.086790
v 1.001913 2.104613 -0.091352
v 0.997321 2.101618 -0.094372
v 0.992231 2.098173 -0.095553
v 0.983949 2.095684 0.144707
v 0.988874 2.099470 0.143947
v 0.993318 2.102999 0.141306
v 0.996844 2.105926 0.137044
v 0.999108 2.107963 0.131578
v 0.999888 2.108912 0.125442
v 0.999888 2.120511 -0.074221
v 0.999108 2.120279 -0.080426
v 0.996844 2.118888 -0.086091
v 0.993318 2.116475 -0.090663
v 0.988874 2.113275 -0.093695
v 0.983949 2.109602 -0.094889
v 0.975109 2.106789 0.145352
v 0.979862 2.110792 0.144605
v 0.984149 2.114517 0.141975
v 0.987552 2.117599 0.137722
v 0.989736 2.119736 0.132262
v 0.990489 2.120720 0.126128
v 0.990489 2.132318 -0.073535
v 0.989736 2.132052 -0.079742
v 0.987552 2.130561 -0.085413
v 0.984149 2.127992 -0.089994
v 0.979862 2.124597 -0.093037
v 0.975109 2.120707 -0.094244
v 0.965713 2.117568 0.145979
v 0.970285 2.121777 0.145243
v 0.974411 2.125688 0.142624
v 0.977685 2.128918 0.138380
v 0.979786 2.131150 0.132925
v 0.980511 2.132166 0.126793
v 0.980511 2.143764 -0.072870
v 0.979786 2.143465 -0.079079
v 0.977685 2.141880 -0.084755
v 0.974411 2.139163 -0.089345
v 0.970285 2.135582 -0.092399
v 0.965713 2.131486 -0.093617
v 0.955759 2.128021 0.146586
v 0.960146 2.132425 0.145861
v 0.964104 2.136511 0.143253
v 0.967246 2.139880 0.139017
v 0.969262 2.142202 0.133567
v 0.969957 2.143249 0.127437
v 0.969957 2.154847 -0.072227
v 0.969262 2.154517 -0.078437
v 0.967246 2.152842 -0.084119
v 0.964104 2.149987 -0.088717
v 0.960146 2.146230 -0.091780
v 0.955759 2.141939 -0.093010
v 0.945247 2.138149 0.147174
v 0.949446 2.142735 0.146460
v 0.953233 2.146986 0.143861
v 0.956239 2.150485 0.139633
v 0.958169 2.152891 0.134188
v 0.958834 2.153966 0.128059
v 0.958834 2.165565 -0.071604
v 0.958169 2.165206 -0.077816
v 0.956239 2.163447 -0.083503
v 0.953233 2.160461 -0.088108
v 0.949446 2.156540 -0.091182
v 0.945247 2.152067 -0.092422
v 0.934178 2.147951 0.147744
v 0.938185 2.152707 0.147039
v 0.941800 2.157111 0.144450
v 0.944668 2.160732 0.140228
v 0.946510 2.163216 0.134787
v 0.947145 2.164318 0.128661
v 0.947145 2.175917 -0.071003
v 0.946510 2.175531 -0.077216
v 0.944668 2.173694 -0.082907
v 0.941800 2.170587 -0.087520
v 0.938185 2.166512 -0.090602
v 0.934178 2.161870 -0.091852
v 0.922552 2.157428 0.148294
v 0.926336 2.162365 0.147600
v 0.929750 2.166933 0.145020
v 0.932459 2.170684 0.140806
v 0.934199 2.173251 0.135370
v 0.934798 2.174382 0.129245
v 0.934798 2.185981 -0.070418
v 0.934199 2.185566 -0.076633
v 0.932459 2.183646 -0.082329
v 0.929750 2.180408 -0.086949
v 0.926336 2.176170 -0.090041
v 0.922552 2.171346 -0.091302
v 0.910358 2.166354 0.148813
v 0.913853 2.171503 0.148131
v 0.917005 2.176262 0.145562
v 0.919507 2.180165 0.141357
v 0.921114 2.182829 0.135927
v 0.921667 2.183994 0.129804
v 0.921667 2.195592 -0.069860
v 0.921114 2.195144 -0.076077
v 0.919507 2.193127 -0.081779
v 0.917005 2.189738 -0.086407
v 0.913853 2.185308 -0.089510
v 0.910358 2.180272 -0.090783
v 0.897583 2.174504 0.149286
v 0.900746 2.179865 0.148617
v 0.903600 2.184815 0.146059
v 0.905864 2.188869 0.141862
v 0.907318 2.191631 0.136438
v 0.907819 2.192829 0.130317
v 0.907819 2.204428 -0.069347
v 0.907318 2.203946 -0.075565
v 0.905864 2.201831 -0.081273
v 0.903600 2.198290 -0.085911
v 0.900746 2.193670 -0.089025
v 0.897583 2.188422 -0.090310
v 0.884230 2.181878 0.149714
v 0.887052 2.187427 0.149056
v 0.889599 2.192546 0.146508
v 0.891619 2.196734 0.142319
v 0.892917 2.199583 0.136900
v 0.893364 2.200811 0.130781
v 0.893364 2.212409 -0.068883
v 0.892917 2.211898 -0.075103
v 0.891619 2.209697 -0.080816
v 0.889599 2.206021 -0.085462
v 0.887052 2.201231 -0.088585
v 0.884230 2.195796 -0.089882
v 0.870296 2.188475 0.150098
v 0.872775 2.194187 0.149449
v 0.875011 2.199453 0.146909
v 0.876785 2.203759 0.142727
v 0.877925 2.206681 0.137312
v 0.878317 2.207935 0.131194
v 0.878317 2.219534 -0.068469
v 0.877925 2.218997 -0.074691
v 0.876785 2.216721 -0.080408
v 0.875011 2.212929 -0.085060
v 0.872775 2.207992 -0.088193
v 0.870296 2.202394 -0.089498
v 0.855783 2.194297 0.150436
v 0.857918 2.200146 0.149795
v 0.859844 2.205537 0.147263
v 0.861373 2.209941 0.143086
v 0.862354 2.212927 0.137675
v 0.862692 2.214203 0.131559
v 0.862692 2.225801 -0.068105
v 0.862354 2.225242 -0.074328
v 0.861373 2.222903 -0.080049
v 0.859844 2.219012 -0.084707
v 0.857918 2.213951 -0.087846
v 0.855783 2.208215 -0.089160
v 0.840690 2.199342 0.150729
v 0.842486 2.205305 0.150095
v 0.844106 2.210798 0.147568
v 0.845392 2.215283 0.143397
v 0.846218 2.218321 0.137988
v 0.846502 2.219615 0.131873
v 0.846502 2.231213 -0.067791
v 0.846218 2.230636 -0.074015
v 0.845392 2.228245 -0.079738
v 0.844106 2.224273 -0.084401
v 0.842486 2.219110 -0.087547
v 0.840690 2.213260 -0.088867
v 0.825018 2.203611 0.150977
v 0.826483 2.209664 0.150348
v 0.827804 2.215238 0.147826
v 0.828853 2.219788 0.143658
v 0.829526 2.222867 0.138253
v 0.829758 2.224176 0.132138
v 0.829758 2.235774 -0.067526
v 0.829526 2.235183 -0.073751
v 0.828853 2.232750 -0.079477
v 0.827804 2.228714 -0.084143
v 0.826483 2.223469 -0.087294
v 0.825018 2.217529 -0.088619
v 0.808766 2.207103 0.151180
v 0.809910 2.213226 0.150555
v 0.810942 2.218862 0.148037
v 0.811762 2.223461 0.143872
v 0.812288 2.226572 0.138468
v 0.812469 2.227891 0.132354
v 0.812469 2.239490 -0.067310
v 0.812288 2.238888 -0.073535
v 0.811762 2.236423 -0.079263
v 0.810942 2.232337 -0.083933
v 0.809910 2.227030 -0.087087
v 0.808766 2.221022 -0.088416
v 0.791934 2.209820 0.151338
v 0.792771 2.215992 0.150716
v 0.793525 2.221673 0.148200
v 0.794124 2.226308 0.144037
v 0.794509 2.229442 0.138635
v 0.794641 2.230769 0.132521
v 0.794641 2.242367 -0.067143
v 0.794509 2.241757 -0.073369
v 0.794124 2.239270 -0.079098
v 0.793525 2.235148 -0.083770
v 0.792771 2.229797 -0.086926
v 0.791934 2.223738 -0.088258
v 0.774523 2.211761 0.151450
v 0.775066 2.217965 0.150830
v 0.775556 2.223676 0.148316
v 0.775945 2.228334 0.144155
v 0.776194 2.231483 0.138753
v 0.776280 2.232815 0.132640
v 0.776280 2.244413 -0.067024
v 0.776194 2.243798 -0.073250
v 0.775945 2.241296 -0.078980
v 0.775556 2.237151 -0.083653
v 0.775066 2.231770 -0.086811
v 0.774523 2.225679 -0.088146
v 0.756532 2.212925 0.151518
v 0.756797 2.219147 0.150899
v 0.757036 2.224874 0.148386
v 0.757225 2.229545 0.144225
v 0.757347 2.232702 0.138824
v 0.757389 2.234037 0.132711
v 0.757389 2.245636 -0.066953
v 0.757347 2.245018 -0.073179
v 0.757225 2.242507 -0.078910
v 0.757036 2.238349 -0.083584
v 0.756797 2.232952 -0.086743
v 0.756532 2.226843 -0.088078
v 0.737962 2.213313 0.151541
v 0.738005 2.219540 0.150922
v 0.738045 2.225271 0.148409
v 0.738077 2.229945 0.144249
v 0.738097 2.233105 0.138847
v 0.738104 2.234441 0.132734
v 0.738104 2.246039 -0.066929
v 0.738097 2.245420 -0.073156
v 0.738077 2.242907 -0.078887
v 0.738045 2.238746 -0.083561
v 0.738005 2.233345 -0.086720
v 0.737962 2.227231 -0.088056
v 0.731740 2.213271 0.151538
v 0.731657 2.219497 0.150919
v 0.731582 2.225228 0.148407
v 0.731523 2.229901 0.144246
v 0.731485 2.233060 0.138845
v 0.731472 2.234396 0.132732
v 0.731472 2.245995 -0.066932
v 0.731485 2.245376 -0.073159
v 0.731523 2.242863 -0.078889
v 0.731582 2.238703 -0.083563
v 0.731657 2.233302 -0.086722
v 0.731740 2.227190 -0.088058
v 0.725516 2.213146 0.151531
v 0.725350 2.219371 0.150912
v 0.725201 2.225100 0.148399
v 0.725082 2.229772 0.144238
v 0.725006 2.232930 0.138837
v 0.724979 2.234265 0.132724
v 0.724979 2.245864 -0.066939
v 0.725006 2.245245 -0.073166
v 0.725082 2.242734 -0.078897
v 0.725201 2.238575 -0.083571
v 0.725350 2.233175 -0.086730
v 0.725516 2.227064 -0.088065
v 0.719289 2.212937 0.151519
v 0.719041 2.219159 0.150900
v 0.718816 2.224885 0.148387
v 0.718638 2.229556 0.144226
v 0.718524 2.232713 0.138825
v 0.718485 2.234048 0.132711
v 0.718485 2.245646 -0.066952
v 0.718524 2.245028 -0.073179
v 0.718638 2.242518 -0.078909
v 0.718816 2.238361 -0.083583
v 0.719041 2.232964 -0.086742
v 0.719289 2.226856 -0.088077
v 0.713060 2.212645 0.151502
v 0.712728 2.218863 0.150882
v 0.712430 2.224586 0.148369
v 0.712193 2.229254 0.144208
v 0.712040 2.232409 0.138807
v 0.711988 2.233743 0.132694
v 0.711988 2.245342 -0.066970
v 0.712040 2.244724 -0.073196
v 0.712193 2.242216 -0.078927
v 0.712430 2.238061 -0.083600
v 0.712728 2.232668 -0.086759
v 0.713060 2.226563 -0.088094
v 0.706827 2.212270 0.151480
v 0.706414 2.218483 0.150860
v 0.706041 2.224201 0.148347
v 0.705745 2.228865 0.144186
v 0.705555 2.232018 0.138784
v 0.705489 2.233352 0.132671
v 0.705489 2.244950 -0.066993
v 0.705555 2.244334 -0.073219
v 0.705745 2.241827 -0.078949
v 0.706041 2.237676 -0.083623
v 0.706414 2.232287 -0.086781
v 0.706827 2.226188 -0.088116
v 0.700592 2.211811 0.151453
v 0.700096 2.218018 0.150833
v 0.699650 2.223731 0.148320
v 0.699295 2.228390 0.144158
v 0.699067 2.231541 0.138756
v 0.698989 2.232873 0.132643
v 0.698989 2.244472 -0.067020
v 0.699067 2.243856 -0.073247
v 0.699295 2.241352 -0.078977
v 0.699650 2.237206 -0.083650
v 0.700096 2.231822 -0.086808
v 0.700592 2.225729 -0.088143
v 0.694354 2.211268 0.151422
v 0.693777 2.217468 0.150801
v 0.693256 2.223175 0.148287
v 0.692843 2.227829 0.144126
v 0.692578 2.230976 0.138724
v 0.692486 2.232308 0.132610
v 0.692486 2.243906 -0.067053
v 0.692578 2.243292 -0.073280
v 0.692843 2.240791 -0.079010
v 0.693256 2.236650 -0.083682
v 0.693777 2.231273 -0.086840
v 0.694354 2.225186 -0.088174
v 0.688113 2.210642 0.151385
v 0.687455 2.216834 0.150765
v 0.686861 2.222533 0.148250
v 0.686389 2.227182 0.144088
v 0.686087 2.230325 0.138686
v 0.685983 2.231655 0.132572
v 0.685983 2.243254 -0.067091
v 0.686087 2.242640 -0.073317
v 0.686389 2.240144 -0.079047
v 0.686861 2.236008 -0.083720
v 0.687455 2.230639 -0.086877
v 0.688113 2.224560 -0.088211
v 0.681870 2.209933 0.151344
v 0.681130 2.216115 0.150723
v 0.680463 2.221806 0.148208
v 0.679934 2.226449 0.144045
v 0.679594 2.229588 0.138643
v 0.679477 2.230916 0.132529
v 0.679477 2.242515 -0.067134
v 0.679594 2.241903 -0.073360
v 0.679934 2.239410 -0.079090
v 0.680463 2.235281 -0.083762
v 0.681130 2.229920 -0.086919
v 0.681870 2.223851 -0.088252
v 0.675623 2.209140 0.151298
v 0.674803 2.215312 0.150676
v 0.674064 2.220994 0.148161
v 0.673477 2.225629 0.143998
v 0.673100 2.228763 0.138595
v 0.672971 2.230090 0.132481
v 0.672971 2.241689 -0.067182
v 0.673100 2.241079 -0.073408
v 0.673477 2.238591 -0.079137
v 0.674064 2.234469 -0.083809
v 0.674803 2.229117 -0.086965
v 0.675623 2.223058 -0.088298
v 0.669374 2.208264 0.151247
v 0.668474 2.214425 0.150625
v 0.667663 2.220096 0.148108
v 0.667019 2.224723 0.143945
v 0.666605 2.227852 0.138542
v 0.666463 2.229177 0.132428
v 0.666463 2.240776 -0.067235
v 0.666605 2.240168 -0.073461
v 0.667019 2.237685 -0.079190
v 0.667663 2.233572 -0.083861
v 0.668474 2.228230 -0.087017
v 0.669374 2.222182 -0.088349
v 0.663122 2.207304 0.151191
v 0.662147 2.213453 0.150568
v 0.661267 2.219114 0.148051
v 0.660568 2.223733 0.143888
v 0.660120 2.226857 0.138484
v 0.659966 2.228180 0.132370
v 0.659966 2.239779 -0.067293
v 0.660120 2.239172 -0.073519
v 0.660568 2.236695 -0.079248
v 0.661267 2.232590 -0.083918
v 0.662147 2.227258 -0.087073
v 0.663122 2.221222 -0.088405
v 0.657007 2.206291 0.151133
v 0.655961 2.212429 0.150509
v 0.655017 2.218080 0.147991
v 0.654269 2.222690 0.143827
v 0.653788 2.225808 0.138423
v 0.653622 2.227130 0.132309
v 0.653622 2.238728 -0.067354
v 0.653788 2.238123 -0.073580
v 0.654269 2.235652 -0.079308
v 0.655017 2.231555 -0.083978
v 0.655961 2.226234 -0.087133
v 0.657007 2.220209 -0.088463
v 0.651167 2.205256 0.151073
v 0.650049 2.211381 0.150448
v 0.649041 2.217020 0.147930
v 0.648240 2.221621 0.143765
v 0.647726 2.224734 0.138361
v 0.647549 2.226053 0.132247
v 0.647549 2.237652 -0.067416
v 0.647726 2.237049 -0.073642
v 0.648240 2.234583 -0.079370
v 0.649041 2.230495 -0.084040
v 0.650049 2.225186 -0.087194
v 0.651167 2.219174 -0.088524
v 0.645603 2.204199 0.151011
v 0.644407 2.210309 0.150386
v 0.643327 2.215935 0.147867
v 0.642470 2.220525 0.143701
v 0.641920 2.223631 0.138297
v 0.641730 2.224948 0.132183
v 0.641730 2.236546 -0.067481
v 0.641920 2.235946 -0.073706
v 0.642470 2.233487 -0.079434
v 0.643327 2.229410 -0.084103
v 0.644407 2.224114 -0.087256
v 0.645603 2.218117 -0.088585
v 0.640316 2.203120 0.150948
v 0.639032 2.209212 0.150322
v 0.637874 2.214822 0.147802
v 0.636955 2.219399 0.143636
v 0.636365 2.222497 0.138231
v 0.636162 2.223811 0.132117
v 0.636162 2.235410 -0.067547
v 0.636365 2.234812 -0.073772
v 0.636955 2.232361 -0.079499
v 0.637874 2.228297 -0.084168
v 0.639032 2.223017 -0.087320
v 0.640316 2.217038 -0.088648
v 0.635304 2.202018 0.150884
v 0.633925 2.208089 0.150257
v 0.632680 2.213680 0.147736
v 0.631693 2.218242 0.143569
v 0.631059 2.221330 0.138163
v 0.630841 2.222641 0.132049
v 0.630841 2.234240 -0.067615
v 0.631059 2.233646 -0.073840
v 0.631693 2.231205 -0.079567
v 0.632680 2.227155 -0.084234
v 0.633925 2.221894 -0.087385
v 0.635304 2.215936 -0.088712
v 0.630568 2.200894 0.150819
v 0.629083 2.206940 0.150190
v 0.627743 2.212508 0.147668
v 0.626680 2.217053 0.143500
v 0.625997 2.220129 0.138094
v 0.625762 2.221436 0.131979
v 0.625762 2.233035 -0.067685
v 0.625997 2.232445 -0.073910
v 0.626680 2.230015 -0.079636
v 0.627743 2.225983 -0.084302
v 0.629083 2.220745 -0.087452
v 0.630568 2.214812 -0.088777
v 0.626108 2.199748 0.150753
v 0.624505 2.205764 0.150121
v 0.623059 2.211304 0.147598
v 0.621911 2.215827 0.143428
v 0.621174 2.218890 0.138022
v 0.620920 2.220192 0.131906
v 0.620920 2.231791 -0.067757
v 0.621174 2.231205 -0.073982
v 0.621911 2.228789 -0.079707
v 0.623059 2.224780 -0.084372
v 0.624505 2.219568 -0.087520
v 0.626108 2.213666 -0.088844
v 0.621924 2.198580 0.150685
v 0.620189 2.204559 0.150051
v 0.618624 2.210066 0.147526
v 0.617382 2.214562 0.143355
v 0.616585 2.217608 0.137947
v 0.616310 2.218904 0.131832
v 0.616310 2.230503 -0.067832
v 0.616585 2.229923 -0.074056
v 0.617382 2.227525 -0.079780
v 0.618624 2.223541 -0.084444
v 0.620189 2.218363 -0.087590
v 0.621924 2.212498 -0.088911
v 0.618015 2.197389 0.150615
v 0.616133 2.203323 0.149980
v 0.614434 2.208790 0.147452
v 0.613087 2.213254 0.143279
v 0.612221 2.216279 0.137870
v 0.611923 2.217568 0.131754
v 0.611923 2.229167 -0.067909
v 0.612221 2.228594 -0.074133
v 0.613087 2.226216 -0.079856
v 0.614434 2.222265 -0.084518
v 0.616133 2.217128 -0.087662
v 0.618015 2.211307 -0.088981
v 0.614383 2.196176 0.150545
v 0.612333 2.202054 0.149906
v 0.610484 2.207471 0.147375
v 0.609017 2.211895 0.143200
v 0.608075 2.214894 0.137789
v 0.607751 2.216175 0.131673
v 0.607751 2.227773 -0.067990
v 0.608075 2.227210 -0.074214
v 0.609017 2.224857 -0.079935
v 0.610484 2.220946 -0.084595
v 0.612333 2.215859 -0.087736
v 0.614383 2.210094 -0.089051
v 0.611026 2.194941 0.150473
v 0.608787 2.200749 0.149830
v 0.606767 2.206103 0.147296
v 0.605164 2.210477 0.143118
v 0.604135 2.213444 0.137705
v 0.603781 2.214714 0.131588
v 0.603781 2.226312 -0.068075
v 0.604135 2.225760 -0.074298
v 0.605164 2.223439 -0.080018
v 0.606767 2.219578 -0.084674
v 0.608787 2.214554 -0.087811
v 0.611026 2.208859 -0.089123
v 0.607946 2.193683 0.150400
v 0.600827 2.197500 0.149641
v 0.594405 2.201056 0.147002
v 0.589309 2.204005 0.142742
v 0.586037 2.206056 0.137276
v 0.584909 2.207010 0.131141
v 0.584909 2.218609 -0.068523
v 0.586037 2.218372 -0.074727
v 0.589309 2.216967 -0.080394
v 0.594405 2.214532 -0.084967
v 0.600827 2.211305 -0.088000
v 0.607946 2.207601 -0.089196
v 0.614767 2.161634 0.148539
v 0.610219 2.153377 0.147078
v 0.606115 2.146042 0.143807
v 0.602859 2.140347 0.139044
v 0.600768 2.136848 0.133256
v 0.600047 2.135890 0.127009
v 0.600047 2.147489 -0.072654
v 0.600768 2.149164 -0.078748
v 0.602859 2.153309 -0.084092
v 0.606115 2.159517 -0.088163
v 0.610219 2.167182 -0.090563
v 0.614767 2.175553 -0.091058
v 0.618256 2.162952 0.148615
v 0.620376 2.157212 0.147301
v 0.622288 2.152148 0.144161
v 0.623805 2.148255 0.139503
v 0.624780 2.145914 0.133782
v 0.625115 2.145355 0.127559
v 0.625115 2.156953 -0.072104
v 0.624780 2.158230 -0.078221
v 0.623805 2.161217 -0.083632
v 0.622288 2.165623 -0.087808
v 0.620376 2.171017 -0.090341
v 0.618256 2.176870 -0.090981
v 0.621901 2.164233 0.148689
v 0.623891 2.158448 0.147373
v 0.625686 2.153342 0.144231
v 0.627110 2.149417 0.139571
v 0.628025 2.147055 0.133849
v 0.628340 2.146488 0.127625
v 0.628340 2.158087 -0.072038
v 0.628025 2.159370 -0.078155
v 0.627110 2.162379 -0.083565
v 0.625686 2.166818 -0.087739
v 0.623891 2.172252 -0.090269
v 0.621901 2.178151 -0.090907
v 0.625702 2.165478 0.148762
v 0.627570 2.159653 0.147443
v 0.629255 2.154511 0.144299
v 0.630592 2.150557 0.139637
v 0.631450 2.148177 0.133914
v 0.631746 2.147604 0.127690
v 0.631746 2.159202 -0.071974
v 0.631450 2.160492 -0.078089
v 0.630592 2.163519 -0.083498
v 0.629255 2.167987 -0.087671
v 0.627570 2.173457 -0.090199
v 0.625702 2.179396 -0.090834
v 0.629659 2.166687 0.148832
v 0.631412 2.160826 0.147511
v 0.632994 2.155653 0.144365
v 0.634248 2.151674 0.139702
v 0.635054 2.149278 0.133978
v 0.635332 2.148699 0.127753
v 0.635332 2.160298 -0.071910
v 0.635054 2.161593 -0.078026
v 0.634248 2.164636 -0.083434
v 0.632994 2.169129 -0.087605
v 0.631412 2.174631 -0.090131
v 0.629659 2.180605 -0.090764
v 0.633773 2.167859 0.148900
v 0.635417 2.161968 0.147577
v 0.636901 2.156767 0.144430
v 0.638079 2.152766 0.139765
v 0.638835 2.150356 0.134040
v 0.639095 2.149772 0.127816
v 0.639095 2.161371 -0.071848
v 0.638835 2.162671 -0.077963
v 0.638079 2.165728 -0.083370
v 0.636901 2.170243 -0.087540
v 0.635417 2.175773 -0.090064
v 0.633773 2.181777 -0.090696
v 0.638042 2.168996 0.148966
v 0.639585 2.163078 0.147642
v 0.640977 2.157852 0.144493
v 0.642082 2.153832 0.139827
v 0.642791 2.151409 0.134102
v 0.643035 2.150821 0.127877
v 0.643035 2.162419 -0.071787
v 0.642791 2.163724 -0.077902
v 0.642082 2.166794 -0.083308
v 0.640977 2.171328 -0.087477
v 0.639585 2.176882 -0.090000
v 0.638042 2.182914 -0.090630
v 0.642467 2.170096 0.149030
v 0.643914 2.164154 0.147704
v 0.645220 2.158907 0.144554
v 0.646256 2.154870 0.139887
v 0.646921 2.152436 0.134161
v 0.647150 2.151844 0.127936
v 0.647150 2.163442 -0.071727
v 0.646921 2.164751 -0.077842
v 0.646256 2.167831 -0.083248
v 0.645220 2.172383 -0.087416
v 0.643914 2.177959 -0.089937
v 0.642467 2.184014 -0.090566
v 0.647048 2.171160 0.149092
v 0.648405 2.165197 0.147765
v 0.649629 2.159931 0.144613
v 0.650600 2.155879 0.139946
v 0.651224 2.153435 0.134219
v 0.651439 2.152840 0.127994
v 0.651439 2.164438 -0.071670
v 0.651224 2.165750 -0.077784
v 0.650600 2.168841 -0.083189
v 0.649629 2.173407 -0.087356
v 0.648405 2.179002 -0.089877
v 0.647048 2.185078 -0.090504
v 0.651786 2.172188 0.149152
v 0.653057 2.166207 0.147824
v 0.654204 2.160924 0.144671
v 0.655114 2.156858 0.140003
v 0.655698 2.154406 0.134276
v 0.655900 2.153808 0.128050
v 0.655900 2.165406 -0.071613
v 0.655698 2.166721 -0.077728
v 0.655114 2.169820 -0.083132
v 0.654204 2.174399 -0.087298
v 0.653057 2.180011 -0.089818
v 0.651786 2.186106 -0.090445
v 0.656679 2.173180 0.149209
v 0.657870 2.167182 0.147880
v 0.658944 2.161885 0.144727
v 0.659796 2.157807 0.140058
v 0.660343 2.155347 0.134330
v 0.660532 2.154747 0.128105
v 0.660532 2.166345 -0.071559
v 0.660343 2.167663 -0.077673
v 0.659796 2.170769 -0.083077
v 0.658944 2.175360 -0.087243
v 0.657870 2.180987 -0.089761
v 0.656679 2.187098 -0.090387
v 0.661729 2.174135 0.149265
v 0.662843 2.168123 0.147935
v 0.663848 2.162813 0.144781
v 0.664645 2.158725 0.140111
v 0.665157 2.156258 0.134383
v 0.665334 2.155655 0.128157
v 0.665334 2.167254 -0.071506
v 0.665157 2.168574 -0.077620
v 0.664645 2.171687 -0.083024
v 0.663848 2.176288 -0.087189
v 0.662843 2.181928 -0.089707
v 0.661729 2.188054 -0.090331
v 0.666934 2.175055 0.149318
v 0.667971 2.169029 0.147988
v 0.668905 2.163706 0.144833
v 0.669647 2.159608 0.140163
v 0.670124 2.157135 0.134434
v 0.670288 2.156531 0.128208
v 0.670288 2.168129 -0.071455
v 0.670124 2.169451 -0.077569
v 0.669647 2.172570 -0.082973
v 0.668905 2.177181 -0.087137
v 0.667971 2.182834 -0.089654
v 0.666934 2.188973 -0.090278
v 0.672235 2.175919 0.149368
v 0.673185 2.169879 0.148037
v 0.674043 2.164544 0.144881
v 0.674724 2.160435 0.140211
v 0.675160 2.157956 0.134482
v 0.675311 2.157349 0.128256
v 0.675311 2.168948 -0.071408
v 0.675160 2.170272 -0.077521
v 0.674724 2.173398 -0.082925
v 0.674043 2.178019 -0.087088
v 0.673185 2.183683 -0.089605
v 0.672235 2.189837 -0.090228
v 0.677568 2.176707 0.149414
v 0.678429 2.170654 0.148082
v 0.679205 2.165307 0.144926
v 0.679822 2.161189 0.140254
v 0.680217 2.158704 0.134525
v 0.680354 2.158095 0.128299
v 0.680354 2.169693 -0.071364
v 0.680217 2.171020 -0.077478
v 0.679822 2.174151 -0.082881
v 0.679205 2.178782 -0.087044
v 0.678429 2.184459 -0.089560
v 0.677568 2.190626 -0.090182
v 0.682935 2.177421 0.149456
v 0.683707 2.171356 0.148123
v 0.684403 2.165998 0.144966
v 0.684955 2.161872 0.140294
v 0.685309 2.159381 0.134565
v 0.685432 2.158770 0.128338
v 0.685432 2.170369 -0.071325
v 0.685309 2.171697 -0.077439
v 0.684955 2.174834 -0.082841
v 0.684403 2.179473 -0.087004
v 0.683707 2.185161 -0.089519
v 0.682935 2.191339 -0.090141
v 0.688336 2.178059 0.149493
v 0.689019 2.171984 0.148159
v 0.689634 2.166616 0.145002
v 0.690123 2.162483 0.140330
v 0.690437 2.159987 0.134600
v 0.690545 2.159374 0.128374
v 0.690545 2.170973 -0.071290
v 0.690437 2.172303 -0.077403
v 0.690123 2.175445 -0.082806
v 0.689634 2.180092 -0.086968
v 0.689019 2.185789 -0.089482
v 0.688336 2.191978 -0.090103
v 0.693770 2.178623 0.149525
v 0.694365 2.172538 0.148191
v 0.694901 2.167162 0.145034
v 0.695327 2.163022 0.140361
v 0.695600 2.160522 0.134631
v 0.695694 2.159908 0.128404
v 0.695694 2.171507 -0.071259
v 0.695600 2.172838 -0.077372
v 0.695327 2.175984 -0.082774
v 0.694901 2.180638 -0.086936
v 0.694365 2.186343 -0.089450
v 0.693770 2.192541 -0.090071
v 0.699238 2.179111 0.149554
v 0.699745 2.173018 0.148219
v 0.700202 2.167636 0.145061
v 0.700565 2.163490 0.140388
v 0.700798 2.160987 0.134658
v 0.700879 2.160371 0.128431
v 0.700879 2.171970 -0.071232
v 0.700798 2.173302 -0.077345
v 0.700565 2.176452 -0.082747
v 0.700202 2.181111 -0.086909
v 0.699745 2.186823 -0.089422
v 0.699238 2.193029 -0.090042
v 0.704738 2.179524 0.149578
v 0.705159 2.173425 0.148243
v 0.705538 2.168036 0.145084
v 0.705839 2.163886 0.140411
v 0.706033 2.161380 0.134681
v 0.706099 2.160763 0.128454
v 0.706099 2.172362 -0.071209
v 0.706033 2.173695 -0.077323
v 0.705839 2.176848 -0.082724
v 0.705538 2.181512 -0.086885
v 0.705159 2.187230 -0.089399
v 0.704738 2.193442 -0.090018
v 0.710273 2.179862 0.149597
v 0.710607 2.173758 0.148262
v 0.710909 2.168365 0.145103
v 0.711149 2.164210 0.140430
v 0.711303 2.161702 0.134699
v 0.711356 2.161084 0.128473
v 0.711356 2.172683 -0.071191
v 0.711303 2.174017 -0.077304
v 0.711149 2.177172 -0.082705
v 0.710909 2.181840 -0.086866
v 0.710607 2.187562 -0.089379
v 0.710273 2.193780 -0.089999
v 0.715841 2.180125 0.149613
v 0.716090 2.174016 0.148277
v 0.716316 2.168620 0.145118
v 0.716494 2.164463 0.140445
v 0.716609 2.161952 0.134714
v 0.716649 2.161334 0.128487
v 0.716649 2.172933 -0.071176
v 0.716609 2.174268 -0.077289
v 0.716494 2.177425 -0.082691
v 0.716316 2.182095 -0.086851
v 0.716090 2.187821 -0.089364
v 0.715841 2.194043 -0.089983
v 0.721442 2.180313 0.149624
v 0.721607 2.174201 0.148288
v 0.721757 2.168802 0.145129
v 0.721875 2.164643 0.140455
v 0.721951 2.162131 0.134724
v 0.721978 2.161513 0.128498
v 0.721978 2.173111 -0.071166
v 0.721951 2.174447 -0.077279
v 0.721875 2.177605 -0.082680
v 0.721757 2.182277 -0.086841
v 0.721607 2.188006 -0.089354
v 0.721442 2.194231 -0.089973
v 0.727076 2.180425 0.149630
v 0.727159 2.174313 0.148294
v 0.727233 2.168912 0.145135
v 0.727292 2.164752 0.140461
v 0.727330 2.162239 0.134731
v 0.727343 2.161620 0.128504
v 0.727343 2.173219 -0.071159
v 0.727330 2.174554 -0.077273
v 0.727292 2.177713 -0.082674
v 0.727233 2.182387 -0.086834
v 0.727159 2.188118 -0.089347
v 0.727076 2.194344 -0.089966
v 0.732745 2.180463 0.149632
v 0.732707 2.174349 0.148297
v 0.732673 2.168948 0.145137
v 0.732646 2.164787 0.140463
v 0.732629 2.162274 0.134733
v 0.732623 2.161655 0.128506
v 0.732623 2.173254 -0.071157
v 0.732629 2.174590 -0.077271
v 0.732646 2.177749 -0.082672
v 0.732673 2.182423 -0.086832
v 0.732707 2.188154 -0.089345
v 0.732745 2.194381 -0.089964
v 0.746954 2.180196 0.149617
v 0.746717 2.174086 0.148281
v 0.746504 2.168688 0.145122
v 0.746334 2.164530 0.140448
v 0.746225 2.162019 0.134718
v 0.746188 2.161400 0.128491
v 0.746188 2.172999 -0.071172
v 0.746225 2.174334 -0.077285
v 0.746334 2.177492 -0.082687
v 0.746504 2.182163 -0.086847
v 0.746717 2.187891 -0.089360
v 0.746954 2.194114 -0.089979
v 0.760824 2.179395 0.149570
v 0.760341 2.173299 0.148236
v 0.759905 2.167914 0.145077
v 0.759560 2.163766 0.140404
v 0.759338 2.161261 0.134674
v 0.759261 2.160645 0.128447
v 0.759261 2.172244 -0.071216
v 0.759338 2.173576 -0.077329
v 0.759560 2.176728 -0.082731
v 0.759905 2.181389 -0.086892
v 0.760341 2.187104 -0.089406
v 0.760824 2.193313 -0.090026
v 0.774353 2.178059 0.149493
v 0.773614 2.171989 0.148159
v 0.772948 2.166626 0.145002
v 0.772419 2.162497 0.140330
v 0.772079 2.160003 0.134601
v 0.771962 2.159391 0.128374
v 0.771962 2.170990 -0.071289
v 0.772079 2.172319 -0.077402
v 0.772419 2.175458 -0.082805
v 0.772948 2.180102 -0.086967
v 0.773614 2.185794 -0.089482
v 0.774353 2.191978 -0.090103
v 0.787542 2.176190 0.149384
v 0.786538 2.170157 0.148053
v 0.785633 2.164828 0.144898
v 0.784914 2.160725 0.140227
v 0.784452 2.158250 0.134499
v 0.784293 2.157644 0.128273
v 0.784293 2.169242 -0.071390
v 0.784452 2.170565 -0.077504
v 0.784914 2.173687 -0.082908
v 0.785633 2.178304 -0.087072
v 0.786538 2.183962 -0.089589
v 0.787542 2.190108 -0.090212
v 0.800392 2.173786 0.149244
v 0.799114 2.167804 0.147916
v 0.797962 2.162522 0.144764
v 0.797048 2.158456 0.140096
v 0.796460 2.156003 0.134368
v 0.796258 2.155406 0.128143
v 0.796258 2.167004 -0.071520
v 0.796460 2.168319 -0.077635
v 0.797048 2.171418 -0.083040
v 0.797962 2.175997 -0.087206
v 0.799114 2.181609 -0.089725
v 0.800392 2.187705 -0.090352
v 0.812901 2.170848 0.149074
v 0.811344 2.164932 0.147750
v 0.809939 2.159709 0.144601
v 0.808824 2.155690 0.139935
v 0.808108 2.153268 0.134210
v 0.807861 2.152681 0.127985
v 0.807861 2.164279 -0.071679
v 0.808108 2.165584 -0.077794
v 0.808824 2.168652 -0.083200
v 0.809939 2.173185 -0.087369
v 0.811344 2.178737 -0.089892
v 0.812901 2.184767 -0.090522
v 0.825071 2.167377 0.148872
v 0.823228 2.161542 0.147553
v 0.821565 2.156392 0.144408
v 0.820246 2.152431 0.139746
v 0.819399 2.150047 0.134022
v 0.819107 2.149472 0.127798
v 0.819107 2.161071 -0.071865
v 0.819399 2.162362 -0.077981
v 0.820246 2.165393 -0.083390
v 0.821565 2.169868 -0.087562
v 0.823228 2.175347 -0.090089
v 0.825071 2.181295 -0.090724
v 0.836900 2.163370 0.148639
v 0.834769 2.157634 0.147326
v 0.832846 2.152572 0.144186
v 0.831320 2.148681 0.139528
v 0.830341 2.146341 0.133807
v 0.830003 2.145782 0.127584
v 0.830003 2.157381 -0.072079
v 0.830341 2.158657 -0.078196
v 0.831320 2.161643 -0.083607
v 0.832846 2.166047 -0.087784
v 0.834769 2.171438 -0.090316
v 0.836900 2.177289 -0.090957
v 0.848390 2.158830 0.148376
v 0.845969 2.153208 0.147068
v 0.843785 2.148249 0.143935
v 0.842052 2.144440 0.139281
v 0.840940 2.142153 0.133564
v 0.840556 2.141612 0.127342
v 0.840556 2.153210 -0.072322
v 0.840940 2.154468 -0.078439
v 0.842052 2.157402 -0.083854
v 0.843785 2.161725 -0.088035
v 0.845969 2.167012 -0.090573
v 0.848390 2.172748 -0.091220
v 0.859540 2.153756 0.148081
v 0.856831 2.148264 0.146781
v 0.854387 2.143424 0.143655
v 0.852448 2.139709 0.139007
v 0.851203 2.137482 0.133292
v 0.850774 2.136962 0.127072
v 0.850774 2.148560 -0.072592
v 0.851203 2.149797 -0.078711
v 0.852448 2.152671 -0.084129
v 0.854387 2.156899 -0.088315
v 0.856831 2.162069 -0.090860
v 0.859540 2.167674 -0.091515
v 0.870349 2.148147 0.147755
v 0.867356 2.142803 0.146464
v 0.864656 2.138096 0.143345
v 0.862514 2.134486 0.138703
v 0.861138 2.132327 0.132993
v 0.860664 2.131830 0.126773
v 0.860664 2.143429 -0.072890
v 0.861138 2.144642 -0.079010
v 0.862514 2.147448 -0.084432
v 0.864656 2.151571 -0.088625
v 0.867356 2.156608 -0.091178
v 0.870349 2.162066 -0.091841
v 0.880819 2.142004 0.147398
v 0.877549 2.136823 0.146117
v 0.874599 2.132262 0.143006
v 0.872258 2.128769 0.138371
v 0.870755 2.126685 0.132665
v 0.870237 2.126214 0.126447
v 0.870237 2.137812 -0.073216
v 0.870755 2.139000 -0.079338
v 0.872258 2.141731 -0.084764
v 0.874599 2.145738 -0.088963
v 0.877549 2.150628 -0.091525
v 0.880819 2.155923 -0.092198
v 0.890948 2.135332 0.147011
v 0.887411 2.130327 0.145739
v 0.884221 2.125925 0.142638
v 0.881689 2.122557 0.138010
v 0.880063 2.120553 0.132309
v 0.879503 2.120110 0.126093
v 0.879503 2.131709 -0.073571
v 0.880063 2.132869 -0.079694
v 0.881689 2.135519 -0.085125
v 0.884221 2.139400 -0.089332
v 0.887411 2.144131 -0.091902
v 0.890948 2.149250 -0.092586
v 0.900738 2.128134 0.146592
v 0.896945 2.123316 0.145332
v 0.893524 2.119084 0.142241
v 0.890808 2.115851 0.137621
v 0.889065 2.113934 0.131925
v 0.888464 2.113521 0.125710
v 0.888464 2.125119 -0.073954
v 0.889065 2.126250 -0.080079
v 0.890808 2.128813 -0.085515
v 0.893524 2.132559 -0.089729
v 0.896945 2.137121 -0.092310
v 0.900738 2.142052 -0.093004
v 0.910188 2.120409 0.146144
v 0.906151 2.115791 0.144895
v 0.902510 2.111739 0.141814
v 0.899620 2.108649 0.137202
v 0.897765 2.106823 0.131512
v 0.897125 2.106441 0.125299
v 0.897125 2.118040 -0.074365
v 0.897765 2.119138 -0.080492
v 0.899620 2.121611 -0.085933
v 0.902510 2.125214 -0.090156
v 0.906151 2.129596 -0.092747
v 0.910188 2.134327 -0.093452
v 0.919297 2.112159 0.145664
v 0.915031 2.107749 0.144428
v 0.911182 2.103885 0.141358
v 0.908127 2.100944 0.136755
v 0.906166 2.099214 0.131070
v 0.905490 2.098865 0.124858
v 0.905490 2.110464 -0.074805
v 0.906166 2.111530 -0.080934
v 0.908127 2.113906 -0.086380
v 0.911182 2.117360 -0.090612
v 0.915031 2.121554 -0.093214
v 0.919297 2.126077 -0.093932
v 0.928067 2.103383 0.145155
v 0.923585 2.099189 0.143930
v 0.919542 2.095519 0.140872
v 0.916333 2.092732 0.136278
v 0.914273 2.091101 0.130598
v 0.913564 2.090786 0.124389
v 0.913564 2.102385 -0.075274
v 0.914273 2.103417 -0.081405
v 0.916333 2.105694 -0.086858
v 0.919542 2.108994 -0.091098
v 0.923585 2.112994 -0.093711
v 0.928067 2.117302 -0.094441
v 0.936497 2.094082 0.144614
v 0.931815 2.090108 0.143403
v 0.927592 2.086637 0.140356
v 0.924240 2.084008 0.135771
v 0.922089 2.082478 0.130097
v 0.921347 2.082198 0.123890
v 0.921347 2.093797 -0.075773
v 0.922089 2.094793 -0.081906
v 0.924240 2.096969 -0.087364
v 0.927592 2.100112 -0.091614
v 0.931815 2.103913 -0.094239
v 0.936497 2.108000 -0.094982
v 0.944587 2.084254 0.144043
v 0.939721 2.080504 0.142845
v 0.935332 2.077234 0.139810
v 0.931849 2.074764 0.135234
v 0.929613 2.073338 0.129566
v 0.928842 2.073093 0.123361
v 0.928842 2.084692 -0.076302
v 0.929613 2.085653 -0.082437
v 0.931849 2.087727 -0.087901
v 0.935332 2.090709 -0.092160
v 0.939721 2.094308 -0.094797
v 0.944587 2.098173 -0.095553
v 0.952336 2.073901 0.143442
v 0.947303 2.070375 0.142257
v 0.942763 2.067307 0.139233
v 0.939159 2.064999 0.134667
v 0.936846 2.063675 0.129005
v 0.936049 2.063466 0.122802
v 0.936049 2.075064 -0.076861
v 0.936846 2.075990 -0.082998
v 0.939159 2.077960 -0.088469
v 0.942763 2.080782 -0.092737
v 0.947303 2.084179 -0.095385
v 0.952336 2.087819 -0.096154
v 0.959746 2.063022 0.142810
v 0.954561 2.059719 0.141638
v 0.949883 2.056853 0.138626
v 0.946171 2.054705 0.134069
v 0.943787 2.053484 0.128413
v 0.942966 2.053310 0.122212
v 0.942966 2.064909 -0.077451
v 0.943787 2.065799 -0.083590
v 0.946171 2.067667 -0.089067
v 0.949883 2.070328 -0.093344
v 0.954561 2.073524 -0.096004
v 0.959746 2.076940 -0.096786
v 0.966816 2.051617 0.142148
v 0.961494 2.048536 0.140988
v 0.956692 2.045869 0.137988
v 0.952881 2.043879 0.133440
v 0.950435 2.042759 0.127790
v 0.949592 2.042621 0.121591
v 0.949592 2.054219 -0.078072
v 0.950435 2.055075 -0.084213
v 0.952881 2.056841 -0.089695
v 0.956692 2.059344 -0.093982
v 0.961494 2.062340 -0.096654
v 0.966816 2.065536 -0.097449
v 0.973546 2.039687 0.141454
v 0.968101 2.036822 0.140308
v 0.963189 2.034352 0.137318
v 0.959290 2.032517 0.132780
v 0.956787 2.031498 0.127136
v 0.955925 2.031394 0.120939
v 0.955925 2.042992 -0.078724
v 0.956787 2.043813 -0.084867
v 0.959290 2.045479 -0.090355
v 0.963189 2.047827 -0.094651
v 0.968101 2.050627 -0.097334
v 0.973546 2.053605 -0.098142
v 0.979936 2.027230 0.140731
v 0.974384 2.024574 0.139596
v 0.969375 2.022291 0.136618
v 0.965401 2.020606 0.132088
v 0.962849 2.019682 0.126449
v 0.961969 2.019611 0.120255
v 0.961969 2.031210 -0.079409
v 0.962849 2.031998 -0.085554
v 0.965401 2.033568 -0.091047
v 0.969375 2.035767 -0.095352
v 0.974384 2.038379 -0.098046
v 0.979936 2.041148 -0.098865
v 0.985897 2.014493 0.139991
v 0.980252 2.012035 0.138868
v 0.975159 2.009932 0.135900
v 0.971118 2.008389 0.131378
v 0.968523 2.007557 0.125745
v 0.967629 2.007517 0.119552
v 0.967629 2.019116 -0.080111
v 0.968523 2.019872 -0.086258
v 0.971118 2.021351 -0.091757
v 0.975159 2.023407 -0.096070
v 0.980252 2.025840 -0.098774
v 0.985897 2.028411 -0.099605
v 0.991339 2.001719 0.139249
v 0.985608 1.999462 0.138137
v 0.980439 1.997540 0.135180
v 0.976336 1.996140 0.130667
v 0.973702 1.995400 0.125039
v 0.972795 1.995392 0.118848
v 0.972795 2.006991 -0.080816
v 0.973702 2.007716 -0.086964
v 0.976336 2.009103 -0.092469
v 0.980439 2.011015 -0.096790
v 0.985608 2.013267 -0.099504
v 0.991339 2.015637 -0.100347
v 0.996263 1.988909 0.138505
v 0.990453 1.986861 0.137405
v 0.985211 1.985126 0.134459
v 0.981051 1.983876 0.129954
v 0.978380 1.983231 0.124332
v 0.977460 1.983256 0.118143
v 0.977460 1.994855 -0.081521
v 0.978380 1.995547 -0.087671
v 0.981051 1.996838 -0.093181
v 0.985211 1.998602 -0.097511
v 0.990453 2.000666 -0.100236
v 0.996263 2.002828 -0.101091
v 1.000669 1.976063 0.137759
v 0.994784 1.974230 0.136672
v 0.989476 1.972690 0.133737
v 0.985263 1.971594 0.129241
v 0.982558 1.971049 0.123624
v 0.981626 1.971108 0.117437
v 0.981626 1.982706 -0.082226
v 0.982558 1.983364 -0.088379
v 0.985263 1.984556 -0.093895
v 0.989476 1.986166 -0.098233
v 0.994784 1.988035 -0.100970
v 1.000669 1.989982 -0.101838
v 1.004556 1.963181 0.137010
v 0.998605 1.961571 0.135936
v 0.993236 1.960231 0.133013
v 0.988975 1.959293 0.128526
v 0.986240 1.958850 0.122916
v 0.985297 1.958944 0.116730
v 0.985297 1.970543 -0.082933
v 0.986240 1.971165 -0.089088
v 0.988975 1.972255 -0.094609
v 0.993236 1.973706 -0.098957
v 0.998605 1.975375 -0.101706
v 1.004556 1.977100 -0.102586
v 1.007925 1.950263 0.136260
v 1.001914 1.948880 0.135199
v 0.996492 1.947746 0.132287
v 0.992189 1.946972 0.127810
v 0.989426 1.946633 0.122206
v 0.988474 1.946764 0.116023
v 0.988474 1.958362 -0.083641
v 0.989426 1.958949 -0.089797
v 0.992189 1.959934 -0.095325
v 0.996492 1.961221 -0.099682
v 1.001914 1.962685 -0.102443
v 1.007925 1.964181 -0.103336
v 1.010776 1.937309 0.135507
v 1.004714 1.936159 0.134460
v 0.999245 1.935235 0.131561
v 0.994905 1.934628 0.127093
v 0.992119 1.934396 0.121495
v 0.991158 1.934564 0.115314
v 0.991158 1.946162 -0.084349
v 0.992119 1.946712 -0.090508
v 0.994905 1.947590 -0.096042
v 0.999245 1.948710 -0.100409
v 1.004714 1.949964 -0.103182
v 1.010776 1.951227 -0.104089
v 1.013108 1.924318 0.134753
v 1.007004 1.923406 0.133719
v 1.001497 1.922696 0.130832
v 0.997126 1.922258 0.126375
v 0.994320 1.922136 0.120783
v 0.993353 1.922341 0.114604
v 0.993353 1.933939 -0.085059
v 0.994320 1.934451 -0.091220
v 0.997126 1.935220 -0.096760
v 1.001497 1.936171 -0.101137
v 1.007004 1.937210 -0.103923
v 1.013108 1.938236 -0.104843
v 1.014923 1.911291 0.133996
v 1.008784 1.910619 0.132976
v 1.003247 1.910126 0.130102
v 0.998852 1.909861 0.125655
v 0.996031 1.909849 0.120069
v 0.995059 1.910092 0.113893
v 0.995059 1.921690 -0.085771
v 0.996031 1.922164 -0.091934
v 0.998852 1.922823 -0.097481
v 1.003247 1.923601 -0.101868
v 1.008784 1.924424 -0.104665
v 1.014923 1.925210 -0.105600
v 1.016218 1.898229 0.133237
v 1.010056 1.897799 0.132232
v 1.004497 1.897524 0.129370
v 1.000085 1.897432 0.124933
v 0.997253 1.897532 0.119354
v 0.996277 1.897813 0.113179
v 0.996277 1.909412 -0.086484
v 0.997253 1.909847 -0.092650
v 1.000085 1.910395 -0.098203
v 1.004497 1.911000 -0.102600
v 1.010056 1.911603 -0.105410
v 1.016218 1.912147 -0.106359
v 1.016996 1.885129 0.132476
v 1.010819 1.884943 0.131485
v 1.005247 1.884888 0.128636
v 1.000825 1.884970 0.124209
v 0.997986 1.885182 0.118636
v 0.997008 1.885502 0.112464
v 0.997008 1.897100 -0.087199
v 0.997986 1.897497 -0.093367
v 1.000825 1.897933 -0.098927
v 1.005247 1.898363 -0.103334
v 1.010819 1.898748 -0.106157
v 1.016996 1.899048 -0.107120
v 1.017255 1.871994 0.131713
v 1.011074 1.872060 0.130736
v 1.005497 1.872233 0.127901
v 1.001071 1.872497 0.123484
v 0.998230 1.872824 0.117918
v 0.997251 1.873184 0.111749
v 0.997251 1.884783 -0.087915
v 0.998230 1.885139 -0.094085
v 1.001071 1.885459 -0.099651
v 1.005497 1.885709 -0.104069
v 1.011074 1.885865 -0.106905
v 1.017255 1.885913 -0.107883
v 1.016936 1.857966 0.130898
v 1.010761 1.858311 0.129938
v 1.005190 1.858735 0.127117
v 1.000769 1.859198 0.122712
v 0.997930 1.859653 0.117153
v 0.996952 1.860058 0.110986
v 0.996952 1.871656 -0.088677
v 0.997930 1.871969 -0.094850
v 1.000769 1.872160 -0.100424
v 1.005190 1.872210 -0.104853
v 1.010761 1.872115 -0.107704
v 1.016936 1.871884 -0.108698
v 1.015979 1.844458 0.130114
v 1.009825 1.845108 0.129171
v 1.004274 1.845809 0.126366
v 0.999868 1.846490 0.121973
v 0.997040 1.847086 0.116423
v 0.996065 1.847539 0.110259
v 0.996065 1.859137 -0.089405
v 0.997040 1.859402 -0.095580
v 0.999868 1.859452 -0.101162
v 1.004274 1.859284 -0.105604
v 1.009825 1.858913 -0.108471
v 1.015979 1.858376 -0.109483
v 1.014384 1.831470 0.129359
v 1.008270 1.832446 0.128435
v 1.002755 1.833440 0.125647
v 0.998378 1.834355 0.121268
v 0.995568 1.835101 0.115727
v 0.994599 1.835605 0.109566
v 0.994599 1.847203 -0.090098
v 0.995568 1.847416 -0.096276
v 0.998378 1.847317 -0.101867
v 1.002755 1.846916 -0.106322
v 1.008270 1.846251 -0.109206
v 1.014384 1.845388 -0.110237
v 1.012150 1.819003 0.128635
v 1.006098 1.820323 0.127731
v 1.000638 1.821628 0.124961
v 0.996306 1.822790 0.120597
v 0.993524 1.823694 0.115064
v 0.992566 1.824253 0.108906
v 0.992566 1.835851 -0.090757
v 0.993524 1.836010 -0.096939
v 0.996306 1.835752 -0.102539
v 1.000638 1.835104 -0.107008
v 1.006098 1.834128 -0.109911
v 1.012150 1.832921 -0.110961
v 1.009278 1.807055 0.127941
v 1.003313 1.808738 0.127058
v 0.997932 1.810369 0.124307
v 0.993662 1.811790 0.119958
v 0.990920 1.812860 0.114435
v 0.989975 1.813476 0.108280
v 0.989975 1.825075 -0.091383
v 0.990920 1.825176 -0.097568
v 0.993662 1.824752 -0.103178
v 0.997932 1.823844 -0.107662
v 1.003313 1.822543 -0.110584
v 1.009278 1.820974 -0.111655
v 1.005769 1.795628 0.127277
v 0.999919 1.797686 0.126416
v 0.994642 1.799657 0.123685
v 0.990454 1.801346 0.119351
v 0.987765 1.802590 0.113838
v 0.986839 1.803265 0.107687
v 0.986839 1.814864 -0.091977
v 0.987765 1.814905 -0.098165
v 0.990454 1.814309 -0.103784
v 0.994642 1.813132 -0.108285
v 0.999919 1.811491 -0.111226
v 1.005769 1.809546 -0.112319
v 1.001621 1.784721 0.126643
v 0.995918 1.787165 0.125805
v 0.990773 1.789483 0.123094
v 0.986690 1.791449 0.118776
v 0.984069 1.792869 0.113274
v 0.983165 1.793606 0.107126
v 0.983165 1.805205 -0.092538
v 0.984069 1.805185 -0.098730
v 0.986690 1.804411 -0.104359
v 0.990773 1.802959 -0.108876
v 0.995918 1.800970 -0.111837
v 1.001621 1.798640 -0.112953
v 0.996834 1.774335 0.126040
v 0.991311 1.777169 0.125224
v 0.986329 1.779839 0.122534
v 0.982374 1.782083 0.118232
v 0.979836 1.783683 0.112740
v 0.978961 1.784481 0.106596
v 0.978961 1.796080 -0.093068
v 0.979836 1.795999 -0.099263
v 0.982374 1.795045 -0.104903
v 0.986329 1.793314 -0.109436
v 0.991311 1.790973 -0.112418
v 0.996834 1.788253 -0.113556
v 0.991410 1.764468 0.125467
v 0.986100 1.767690 0.124674
v 0.981310 1.770711 0.122003
v 0.977509 1.773233 0.117718
v 0.975068 1.775012 0.112236
v 0.974227 1.775872 0.106096
v 0.974227 1.787470 -0.093568
v 0.975068 1.787327 -0.099767
v 0.977509 1.786196 -0.105417
v 0.981310 1.784186 -0.109966
v 0.986100 1.781495 -0.112968
v 0.991410 1.778387 -0.114129
v 0.985348 1.755122 0.124924
v 0.980284 1.758724 0.124153
v 0.975716 1.762087 0.121502
v 0.972091 1.764881 0.117233
v 0.969764 1.766834 0.111761
v 0.968962 1.767754 0.105624
v 0.968962 1.779353 -0.094039
v 0.969764 1.779150 -0.100242
v 0.972091 1.777844 -0.105903
v 0.975716 1.775562 -0.110467
v 0.980284 1.772529 -0.113489
v 0.985348 1.769040 -0.114672
v 0.978647 1.746296 0.124411
v 0.973860 1.750263 0.123661
v 0.969542 1.753954 0.121030
v 0.966115 1.757010 0.116775
v 0.963915 1.759130 0.111314
v 0.963157 1.760108 0.105180
v 0.963157 1.771706 -0.094484
v 0.963915 1.771446 -0.100689
v 0.966115 1.769972 -0.106360
v 0.969542 1.767429 -0.110940
v 0.973860 1.764067 -0.113981
v 0.978647 1.760215 -0.115185
v 0.971308 1.737991 0.123929
v 0.966825 1.742301 0.123199
v 0.962781 1.746302 0.120585
v 0.959571 1.749604 0.116345
v 0.957510 1.751882 0.110893
v 0.956800 1.752914 0.104762
v 0.956800 1.764513 -0.094901
v 0.957510 1.764197 -0.101111
v 0.959571 1.762566 -0.106790
v 0.962781 1.759777 -0.111384
v 0.966825 1.756105 -0.114443
v 0.971308 1.751909 -0.115667
v 0.963404 1.730280 0.123481
v 0.959251 1.734913 0.122769
v 0.955505 1.739205 0.120173
v 0.952532 1.742737 0.115946
v 0.950623 1.745164 0.110502
v 0.949965 1.746247 0.104375
v 0.949965 1.757845 -0.095289
v 0.950623 1.757479 -0.101501
v 0.952532 1.755699 -0.107189
v 0.955505 1.752680 -0.111796
v 0.959251 1.748717 -0.114872
v 0.963404 1.744199 -0.116115
v 0.955006 1.723240 0.123072
v 0.951212 1.728173 0.122378
v 0.947789 1.732737 0.119797
v 0.945072 1.736484 0.115583
v 0.943328 1.739048 0.110147
v 0.942727 1.740179 0.104022
v 0.942727 1.751778 -0.095641
v 0.943328 1.751364 -0.101856
v 0.945072 1.749446 -0.107552
v 0.947789 1.746212 -0.112172
v 0.951212 1.741978 -0.115264
v 0.955006 1.737159 -0.116524
v 0.946115 1.716871 0.122702
v 0.942703 1.722077 0.122024
v 0.939624 1.726887 0.119458
v 0.937181 1.730831 0.115255
v 0.935612 1.733521 0.109826
v 0.935072 1.734695 0.103704
v 0.935072 1.746293 -0.095960
v 0.935612 1.745836 -0.102177
v 0.937181 1.743793 -0.107881
v 0.939624 1.740363 -0.112512
v 0.942703 1.735882 -0.115618
v 0.946115 1.730789 -0.116894
v 0.936731 1.711172 0.122371
v 0.933717 1.716620 0.121707
v 0.930998 1.721649 0.119153
v 0.928840 1.725765 0.114960
v 0.927455 1.728567 0.109538
v 0.926977 1.729779 0.103418
v 0.926977 1.741378 -0.096245
v 0.927455 1.740882 -0.102465
v 0.928840 1.738727 -0.108175
v 0.930998 1.735124 -0.112816
v 0.933717 1.730425 -0.115935
v 0.936731 1.725090 -0.117225
v 0.926853 1.706144 0.122079
v 0.924247 1.711800 0.121427
v 0.921896 1.717015 0.118884
v 0.920030 1.721280 0.114700
v 0.918832 1.724177 0.109283
v 0.918420 1.725423 0.103165
v 0.918420 1.737021 -0.096498
v 0.918832 1.736493 -0.102720
v 0.920030 1.734242 -0.108435
v 0.921896 1.730490 -0.113085
v 0.924247 1.725604 -0.116215
v 0.926853 1.720062 -0.117517
v 0.916483 1.701786 0.121826
v 0.914286 1.707614 0.121184
v 0.912305 1.712985 0.118650
v 0.910733 1.717373 0.114473
v 0.909723 1.720349 0.109061
v 0.909375 1.721622 0.102944
v 0.909375 1.733220 -0.096719
v 0.909723 1.732665 -0.102942
v 0.910733 1.730335 -0.108662
v 0.912305 1.726460 -0.113320
v 0.914286 1.721418 -0.116458
v 0.916483 1.715704 -0.117771
v 0.905619 1.698098 0.121611
v 0.903827 1.704064 0.120977
v 0.902211 1.709559 0.118451
v 0.900929 1.714046 0.114280
v 0.900105 1.717085 0.108871
v 0.899822 1.718379 0.102756
v 0.899822 1.729978 -0.096908
v 0.900105 1.729400 -0.103132
v 0.900929 1.727008 -0.108856
v 0.902211 1.723034 -0.113519
v 0.903827 1.717868 -0.116664
v 0.905619 1.712016 -0.117985
v 0.894262 1.695081 0.121436
v 0.892864 1.701151 0.120808
v 0.891604 1.706741 0.118287
v 0.890603 1.711303 0.114120
v 0.889961 1.714390 0.108715
v 0.889740 1.715701 0.102600
v 0.889740 1.727299 -0.097063
v 0.889961 1.726705 -0.103288
v 0.890603 1.724265 -0.109015
v 0.891604 1.720216 -0.113682
v 0.892864 1.714956 -0.116833
v 0.894262 1.708999 -0.118160
v 0.882411 1.692734 0.121300
v 0.881393 1.698880 0.120676
v 0.880474 1.704537 0.118159
v 0.879744 1.709152 0.113995
v 0.879276 1.712274 0.108592
v 0.879115 1.713597 0.102478
v 0.879115 1.725195 -0.097185
v 0.879276 1.724589 -0.103411
v 0.879744 1.722114 -0.109140
v 0.880474 1.718012 -0.113810
v 0.881393 1.712684 -0.116965
v 0.882411 1.706653 -0.118296
v 0.870068 1.691058 0.121202
v 0.869409 1.697252 0.120582
v 0.868815 1.702954 0.118067
v 0.868343 1.707604 0.113905
v 0.868040 1.710748 0.108503
v 0.867936 1.712079 0.102390
v 0.867936 1.723677 -0.097274
v 0.868040 1.723064 -0.103500
v 0.868343 1.720566 -0.109230
v 0.868815 1.716429 -0.113902
v 0.869409 1.711057 -0.117060
v 0.870068 1.704976 -0.118394
v 0.857231 1.690053 0.121144
v 0.856911 1.696273 0.120525
v 0.856622 1.701998 0.118012
v 0.856393 1.706668 0.113851
v 0.856246 1.709824 0.108450
v 0.856196 1.711159 0.102336
v 0.856196 1.722758 -0.097327
v 0.856246 1.722140 -0.103554
v 0.856393 1.719630 -0.109284
v 0.856622 1.715474 -0.113958
v 0.856911 1.710078 -0.117117
v 0.857231 1.703971 -0.118452
v 0.843901 1.689717 0.121125
v 0.843892 1.695946 0.120506
v 0.843884 1.701678 0.117993
v 0.843877 1.706353 0.113833
v 0.843873 1.709513 0.108432
v 0.843872 1.710849 0.102318
v 0.843872 1.722448 -0.097345
v 0.843873 1.721829 -0.103572
v 0.843877 1.719315 -0.109303
v 0.843884 1.715153 -0.113976
v 0.843892 1.709750 -0.117136
v 0.843901 1.703636 -0.118472
v 0.833108 1.689958 0.121139
v 0.833390 1.696180 0.120519
v 0.833645 1.701906 0.118006
v 0.833848 1.706577 0.113846
v 0.833978 1.709734 0.108444
v 0.834022 1.711069 0.102331
v 0.834022 1.722667 -0.097332
v 0.833978 1.722049 -0.103559
v 0.833848 1.719539 -0.109290
v 0.833645 1.715382 -0.113963
v 0.833390 1.709985 -0.117122
v 0.833108 1.703876 -0.118458
v 0.822666 1.690680 0.121180
v 0.823246 1.696881 0.120560
v 0.823770 1.702589 0.118046
v 0.824185 1.707245 0.113885
v 0.824452 1.710392 0.108483
v 0.824544 1.711724 0.102369
v 0.824544 1.723323 -0.097294
v 0.824452 1.722708 -0.103521
v 0.824185 1.720207 -0.109251
v 0.823770 1.716064 -0.113923
v 0.823246 1.710686 -0.117081
v 0.822666 1.704598 -0.118416
v 0.812575 1.691883 0.121250
v 0.813470 1.698047 0.120628
v 0.814277 1.703721 0.118112
v 0.814917 1.708350 0.113949
v 0.815329 1.711480 0.108546
v 0.815470 1.712806 0.102432
v 0.815470 1.724405 -0.097231
v 0.815329 1.723796 -0.103457
v 0.814917 1.721312 -0.109187
v 0.814277 1.717196 -0.113858
v 0.813470 1.711852 -0.117014
v 0.812575 1.705801 -0.118346
v 0.802836 1.693568 0.121348
v 0.804060 1.699674 0.120722
v 0.805164 1.705297 0.118203
v 0.806041 1.709885 0.114038
v 0.806603 1.712989 0.108633
v 0.806797 1.714306 0.102519
v 0.806797 1.725905 -0.097144
v 0.806603 1.725305 -0.103370
v 0.806041 1.722847 -0.109097
v 0.805164 1.718772 -0.113766
v 0.804060 1.713479 -0.116919
v 0.802836 1.707486 -0.118248
v 0.793447 1.695733 0.121474
v 0.795014 1.701761 0.120844
v 0.796428 1.707312 0.118321
v 0.797550 1.711844 0.114152
v 0.798270 1.714912 0.108745
v 0.798518 1.716216 0.102630
v 0.798518 1.727814 -0.097033
v 0.798270 1.727227 -0.103258
v 0.797550 1.724806 -0.108984
v 0.796428 1.720788 -0.113649
v 0.795014 1.715566 -0.116798
v 0.793447 1.709652 -0.118122
v 0.784410 1.698380 0.121628
v 0.786330 1.704305 0.120991
v 0.788063 1.709763 0.118463
v 0.789438 1.714220 0.114290
v 0.790321 1.717240 0.108880
v 0.790625 1.718528 0.102764
v 0.790625 1.730127 -0.096899
v 0.790321 1.729556 -0.103123
v 0.789438 1.727182 -0.108846
v 0.788063 1.723238 -0.113507
v 0.786330 1.718109 -0.116650
v 0.784410 1.712299 -0.117968
v 0.775724 1.701509 0.121810
v 0.778005 1.707303 0.121166
v 0.780062 1.712644 0.118630
v 0.781695 1.717009 0.114452
v 0.782743 1.719969 0.109039
v 0.783105 1.721236 0.102922
v 0.783105 1.732835 -0.096742
v 0.782743 1.732285 -0.102964
v 0.781695 1.729971 -0.108684
v 0.780062 1.726119 -0.113339
v 0.778005 1.721108 -0.116476
v 0.775724 1.715427 -0.117787
v 0.767389 1.705118 0.122019
v 0.770033 1.710756 0.121366
v 0.772417 1.715955 0.118823
v 0.774310 1.720207 0.114637
v 0.775525 1.723095 0.109221
v 0.775944 1.724337 0.103102
v 0.775944 1.735936 -0.096561
v 0.775525 1.735411 -0.102783
v 0.774310 1.733169 -0.108498
v 0.772417 1.729430 -0.113147
v 0.770033 1.724560 -0.116275
v 0.767389 1.719037 -0.117577
v 0.759405 1.709209 0.122257
v 0.762409 1.714662 0.121593
v 0.765120 1.719694 0.119040
v 0.767270 1.723814 0.114847
v 0.768651 1.726617 0.109425
v 0.769127 1.727830 0.103305
v 0.769127 1.739429 -0.096359
v 0.768651 1.738933 -0.102578
v 0.767270 1.736776 -0.108288
v 0.765120 1.733170 -0.112930
v 0.762409 1.728467 -0.116049
v 0.759405 1.723128 -0.117339
v 0.751772 1.713782 0.122522
v 0.755130 1.719023 0.121846
v 0.758159 1.723864 0.119282
v 0.760563 1.727832 0.115080
v 0.762106 1.730538 0.109653
v 0.762638 1.731718 0.103531
v 0.762638 1.743316 -0.096133
v 0.762106 1.742854 -0.102350
v 0.760563 1.740794 -0.108055
v 0.758159 1.737339 -0.112688
v 0.755130 1.732827 -0.115795
v 0.751772 1.727700 -0.117074
v 0.744491 1.718835 0.122816
v 0.748189 1.723840 0.122126
v 0.751526 1.728468 0.119549
v 0.754173 1.732266 0.115338
v 0.755873 1.734864 0.109904
v 0.756459 1.736006 0.103780
v 0.756459 1.747604 -0.095884
v 0.755873 1.747179 -0.102099
v 0.754173 1.745228 -0.107797
v 0.751526 1.741943 -0.112420
v 0.748189 1.737644 -0.115515
v 0.744491 1.732753 -0.116780
v 0.737560 1.724370 0.123138
v 0.741585 1.729114 0.122433
v 0.745216 1.733506 0.119842
v 0.748098 1.737118 0.115620
v 0.749948 1.739596 0.110179
v 0.750585 1.740697 0.104052
v 0.750585 1.752295 -0.095611
v 0.749948 1.751912 -0.101824
v 0.748098 1.750081 -0.107515
v 0.745216 1.746982 -0.112127
v 0.741585 1.742918 -0.115209
v 0.737560 1.738288 -0.116459
v 0.730975 1.730405 0.123488
v 0.735309 1.734866 0.122767
v 0.739219 1.739003 0.120161
v 0.742322 1.742412 0.115927
v 0.744314 1.744759 0.110479
v 0.745001 1.745815 0.104350
v 0.745001 1.757414 -0.095314
v 0.744314 1.757075 -0.101524
v 0.742322 1.755374 -0.107208
v 0.739219 1.752478 -0.111808
v 0.735309 1.748670 -0.114875
v 0.730975 1.744324 -0.116108
v 0.724730 1.736961 0.123869
v 0.729349 1.741123 0.123130
v 0.733515 1.744991 0.120509
v 0.736821 1.748186 0.116263
v 0.738944 1.750397 0.110806
v 0.739676 1.751405 0.104674
v 0.739676 1.763004 -0.094989
v 0.738944 1.762712 -0.101197
v 0.736821 1.761148 -0.106872
v 0.733515 1.758466 -0.111460
v 0.729349 1.754928 -0.114511
v 0.724730 1.750880 -0.115727
v 0.718825 1.744037 0.124280
v 0.723699 1.747894 0.123524
v 0.728095 1.751486 0.120887
v 0.731584 1.754463 0.116627
v 0.733824 1.756533 0.111163
v 0.734596 1.757493 0.105028
v 0.734596 1.769091 -0.094635
v 0.733824 1.768848 -0.100840
v 0.731584 1.767425 -0.106508
v 0.728095 1.764961 -0.111083
v 0.723699 1.761698 -0.114118
v 0.718825 1.757956 -0.115316
v 0.713260 1.751634 0.124721
v 0.718359 1.755183 0.123947
v 0.722958 1.758498 0.121294
v 0.726608 1.761254 0.117022
v 0.728952 1.763183 0.111549
v 0.729759 1.764094 0.105411
v 0.729759 1.775693 -0.094252
v 0.728952 1.775498 -0.100454
v 0.726608 1.774217 -0.106113
v 0.722958 1.771973 -0.110676
v 0.718359 1.768987 -0.113695
v 0.713260 1.765552 -0.114875
v 0.708035 1.759750 0.125193
v 0.713330 1.762994 0.124401
v 0.718106 1.766034 0.121732
v 0.721897 1.768573 0.117447
v 0.724331 1.770361 0.111966
v 0.725169 1.771224 0.105826
v 0.725169 1.782823 -0.093838
v 0.724331 1.782677 -0.100037
v 0.721897 1.781535 -0.105688
v 0.718106 1.779510 -0.110238
v 0.713330 1.776799 -0.113241
v 0.708035 1.773668 -0.114403
v 0.703150 1.768387 0.125694
v 0.708614 1.771332 0.124885
v 0.713543 1.774103 0.122200
v 0.717454 1.776428 0.117903
v 0.719966 1.778079 0.112415
v 0.720831 1.778895 0.106271
v 0.720831 1.790493 -0.093392
v 0.719966 1.790394 -0.099589
v 0.717454 1.789390 -0.105232
v 0.713543 1.787578 -0.109769
v 0.708614 1.785137 -0.112757
v 0.703150 1.782305 -0.113902
v 0.698605 1.777544 0.126226
v 0.704212 1.780200 0.125400
v 0.709271 1.782709 0.122700
v 0.713285 1.784827 0.118391
v 0.715863 1.786345 0.112895
v 0.716751 1.787115 0.106749
v 0.716751 1.798713 -0.092915
v 0.715863 1.798660 -0.099109
v 0.713285 1.797789 -0.104744
v 0.709271 1.796184 -0.109269
v 0.704212 1.794004 -0.112241
v 0.698605 1.791462 -0.113370
v 0.694400 1.787221 0.126789
v 0.700128 1.789599 0.125946
v 0.705296 1.791857 0.123232
v 0.709397 1.793775 0.118911
v 0.712030 1.795165 0.113407
v 0.712937 1.795891 0.107259
v 0.712937 1.807490 -0.092405
v 0.712030 1.807481 -0.098596
v 0.709397 1.806737 -0.104224
v 0.705296 1.805332 -0.108738
v 0.700128 1.803403 -0.111695
v 0.694400 1.801139 -0.112808
v 0.690535 1.797418 0.127381
v 0.696364 1.799530 0.126523
v 0.701622 1.801549 0.123795
v 0.705795 1.803277 0.119463
v 0.708475 1.804545 0.113952
v 0.709398 1.805229 0.107801
v 0.709398 1.816828 -0.091862
v 0.708475 1.816861 -0.098051
v 0.705795 1.816239 -0.103672
v 0.701622 1.815024 -0.108175
v 0.696364 1.813335 -0.111119
v 0.690535 1.811337 -0.112215
v 0.687010 1.808136 0.128004
v 0.692922 1.809996 0.127131
v 0.698255 1.811787 0.124390
v 0.702487 1.813335 0.120047
v 0.705205 1.814487 0.114530
v 0.706141 1.815131 0.108376
v 0.706141 1.826730 -0.091287
v 0.705205 1.826802 -0.097474
v 0.702487 1.826297 -0.103088
v 0.698255 1.825263 -0.107580
v 0.692922 1.823801 -0.110511
v 0.687010 1.822054 -0.111593
v 0.683824 1.819374 0.128656
v 0.689804 1.820996 0.127770
v 0.695198 1.822572 0.125016
v 0.699479 1.823949 0.120664
v 0.702227 1.824992 0.115140
v 0.703174 1.825598 0.108984
v 0.703174 1.837197 -0.090679
v 0.702227 1.837307 -0.096864
v 0.699479 1.836911 -0.102471
v 0.695198 1.836047 -0.106954
v 0.689804 1.834800 -0.109872
v 0.683824 1.833292 -0.110940
v 0.680979 1.831132 0.129339
v 0.687006 1.832560 0.128442
v 0.692442 1.833961 0.125678
v 0.696756 1.835200 0.121317
v 0.699526 1.836153 0.115788
v 0.700481 1.836729 0.109631
v 0.700481 1.848327 -0.090033
v 0.699526 1.848469 -0.096215
v 0.696756 1.848162 -0.101818
v 0.692442 1.847437 -0.106292
v 0.687006 1.846365 -0.109200
v 0.680979 1.845050 -0.110257
v 0.666533 1.898434 0.133249
v 0.674178 1.892321 0.131913
v 0.681075 1.886920 0.128754
v 0.686548 1.882759 0.124080
v 0.690062 1.880247 0.118350
v 0.691273 1.879628 0.112123
v 0.691273 1.891227 -0.087541
v 0.690062 1.892562 -0.093654
v 0.686548 1.895722 -0.099055
v 0.681075 1.900395 -0.103216
v 0.674178 1.906126 -0.105728
v 0.666533 1.912353 -0.106347
v 0.790530 1.898434 0.133249
v 0.798264 1.892321 0.131913
v 0.805241 1.886920 0.128754
v 0.810779 1.882759 0.124080
v 0.814334 1.880247 0.118350
v 0.815559 1.879628 0.112123
v 0.815559 1.891227 -0.087541
v 0.814334 1.892562 -0.093654
v 0.810779 1.895722 -0.099055
v 0.805241 1.900395 -0.103216
v 0.798264 1.906126 -0.105728
v 0.790530 1.912353 -0.106347
v 0.782905 1.932086 0.135204
v 0.787844 1.938312 0.134585
v 0.792299 1.944043 0.132072
v 0.795835 1.948717 0.127912
v 0.798105 1.951876 0.122511
v 0.798887 1.953212 0.116397
v 0.798887 1.964810 -0.083266
v 0.798105 1.964192 -0.089493
v 0.795835 1.961679 -0.095223
v 0.792299 1.957518 -0.099897
v 0.787844 1.952117 -0.103057
v 0.782905 1.946004 -0.104392
v 0.624398 1.932086 0.135204
v 0.616724 1.938312 0.134585
v 0.609801 1.944043 0.132072
v 0.604307 1.948717 0.127912
v 0.600779 1.951876 0.122511
v 0.599564 1.953212 0.116397
v 0.599564 1.964810 -0.083266
v 0.600779 1.964192 -0.089493
v 0.604307 1.961679 -0.095223
v 0.609801 1.957518 -0.099897
v 0.616724 1.952117 -0.103057
v 0.624398 1.946004 -0.104392
v 0.648475 1.821918 0.128804
v 0.642448 1.820609 0.127748
v 0.637011 1.819542 0.124840
v 0.632695 1.818821 0.120366
v 0.629925 1.818517 0.114764
v 0.628970 1.818659 0.108581
v 0.628970 1.830258 -0.091082
v 0.629925 1.830833 -0.097240
v 0.632695 1.831784 -0.102769
v 0.637011 1.833018 -0.107130
v 0.642448 1.834414 -0.109894
v 0.648475 1.835836 -0.110792
v 0.651847 1.807637 0.127975
v 0.645862 1.806150 0.126908
v 0.640462 1.804923 0.123991
v 0.636177 1.804075 0.119509
v 0.633426 1.803689 0.113902
v 0.632478 1.803803 0.107718
v 0.632478 1.815401 -0.091945
v 0.633426 1.816004 -0.098101
v 0.636177 1.817037 -0.103626
v 0.640462 1.818398 -0.107979
v 0.645862 1.819955 -0.110734
v 0.651847 1.821555 -0.111622
v 0.655676 1.794037 0.127185
v 0.649765 1.792288 0.126102
v 0.644432 1.790824 0.123172
v 0.640200 1.789788 0.118679
v 0.637482 1.789281 0.113065
v 0.636546 1.789353 0.106879
v 0.636546 1.800952 -0.092785
v 0.637482 1.801597 -0.098938
v 0.640200 1.802750 -0.104456
v 0.644432 1.804299 -0.108798
v 0.649765 1.806093 -0.111539
v 0.655676 1.807955 -0.112412
v 0.659962 1.781119 0.126434
v 0.654143 1.779091 0.125336
v 0.648894 1.777375 0.122391
v 0.644728 1.776139 0.117887
v 0.642053 1.775505 0.112265
v 0.641131 1.775533 0.106076
v 0.641131 1.787131 -0.093588
v 0.642053 1.787820 -0.099738
v 0.644728 1.789101 -0.105249
v 0.648894 1.790850 -0.109579
v 0.654143 1.792896 -0.112306
v 0.659962 1.795037 -0.113162
v 0.664705 1.768882 0.125723
v 0.659000 1.766560 0.124608
v 0.653854 1.764578 0.121647
v 0.649770 1.763131 0.117131
v 0.647148 1.762361 0.111501
v 0.646244 1.762343 0.105310
v 0.646244 1.773941 -0.094354
v 0.647148 1.774676 -0.100502
v 0.649770 1.776093 -0.106004
v 0.653854 1.778053 -0.110322
v 0.659000 1.780364 -0.113034
v 0.664705 1.782800 -0.113873
v 0.669905 1.757327 0.125052
v 0.664339 1.754695 0.123919
v 0.659319 1.752435 0.120942
v 0.655334 1.750767 0.116413
v 0.652776 1.749855 0.110775
v 0.651894 1.749787 0.104580
v 0.651894 1.761386 -0.095083
v 0.652776 1.762170 -0.101228
v 0.655334 1.763729 -0.106723
v 0.659319 1.765910 -0.111028
v 0.664339 1.768500 -0.113723
v 0.669905 1.771245 -0.114544
v 0.675562 1.746454 0.124420
v 0.670164 1.743501 0.123268
v 0.665294 1.740950 0.120275
v 0.661429 1.739052 0.115732
v 0.658947 1.737992 0.110086
v 0.658092 1.737874 0.103888
v 0.658092 1.749472 -0.095775
v 0.658947 1.750307 -0.101917
v 0.661429 1.752014 -0.107403
v 0.665294 1.754425 -0.111695
v 0.670164 1.757305 -0.114373
v 0.675562 1.760372 -0.115176
v 0.681676 1.736262 0.123828
v 0.676476 1.732978 0.122657
v 0.671785 1.730130 0.119646
v 0.668062 1.727995 0.115090
v 0.665671 1.726783 0.109435
v 0.664848 1.726613 0.103234
v 0.664848 1.738211 -0.096429
v 0.665671 1.739099 -0.102569
v 0.668062 1.740957 -0.108045
v 0.671785 1.743605 -0.112324
v 0.676476 1.746783 -0.114985
v 0.681676 1.750180 -0.115768
v 0.688247 1.726751 0.123276
v 0.683278 1.723133 0.122085
v 0.678796 1.719982 0.119057
v 0.675239 1.717608 0.114487
v 0.672955 1.716242 0.108822
v 0.672168 1.716018 0.102619
v 0.672168 1.727617 -0.097045
v 0.672955 1.728557 -0.103181
v 0.675239 1.730570 -0.108649
v 0.678796 1.733457 -0.112913
v 0.683278 1.736938 -0.115557
v 0.688247 1.740670 -0.116320
v 0.695275 1.717923 0.122763
v 0.690573 1.713970 0.121553
v 0.686330 1.710517 0.118507
v 0.682964 1.707903 0.113923
v 0.680802 1.706384 0.108250
v 0.680058 1.706107 0.102043
v 0.680058 1.717706 -0.097621
v 0.680802 1.718699 -0.103754
v 0.682964 1.720865 -0.109212
v 0.686330 1.723993 -0.113463
v 0.690573 1.727775 -0.116089
v 0.695275 1.731841 -0.116833
v 0.702760 1.709776 0.122290
v 0.698358 1.705495 0.121061
v 0.694388 1.701747 0.117997
v 0.691237 1.698899 0.113400
v 0.689213 1.697229 0.107718
v 0.688516 1.696900 0.101508
v 0.688516 1.708499 -0.098155
v 0.689213 1.709544 -0.104285
v 0.691237 1.711861 -0.109736
v 0.694388 1.715223 -0.113972
v 0.698358 1.719300 -0.116581
v 0.702760 1.723694 -0.117306
v 0.710702 1.702310 0.121856
v 0.706634 1.697716 0.120609
v 0.702965 1.693685 0.117529
v 0.700053 1.690612 0.112918
v 0.698183 1.688797 0.107228
v 0.697539 1.688419 0.101015
v 0.697539 1.700018 -0.098648
v 0.698183 1.701113 -0.104775
v 0.700053 1.703574 -0.110217
v 0.702965 1.707160 -0.114441
v 0.706634 1.711521 -0.117033
v 0.710702 1.716228 -0.117740
v 0.719101 1.695526 0.121462
v 0.715374 1.690657 0.120199
v 0.712011 1.686378 0.117104
v 0.709343 1.683108 0.112482
v 0.707630 1.681167 0.106785
v 0.707039 1.680745 0.100570
v 0.707039 1.692344 -0.099094
v 0.707630 1.693483 -0.105218
v 0.709343 1.696070 -0.110653
v 0.712011 1.699853 -0.114865
v 0.715374 1.704462 -0.117443
v 0.719101 1.709444 -0.118134
v 0.727882 1.689351 0.121103
v 0.724469 1.684262 0.119827
v 0.721389 1.679783 0.116721
v 0.718946 1.676355 0.112090
v 0.717377 1.674313 0.106387
v 0.716836 1.673856 0.100169
v 0.716836 1.685455 -0.099494
v 0.717377 1.686629 -0.105617
v 0.718946 1.689318 -0.111045
v 0.721389 1.693259 -0.115248
v 0.724469 1.698066 -0.117815
v 0.727882 1.703270 -0.118493
v 0.736970 1.683714 0.120776
v 0.733859 1.678436 0.119489
v 0.731054 1.673788 0.116373
v 0.728827 1.670225 0.111734
v 0.727398 1.668096 0.106026
v 0.726905 1.667610 0.099807
v 0.726905 1.679209 -0.099857
v 0.727398 1.680412 -0.105978
v 0.728827 1.683187 -0.111401
v 0.731054 1.687263 -0.115597
v 0.733859 1.692240 -0.118153
v 0.736970 1.697632 -0.118820
v 0.746363 1.678613 0.120479
v 0.743567 1.673164 0.119182
v 0.741045 1.668363 0.116058
v 0.739043 1.664678 0.111412
v 0.737758 1.662471 0.105699
v 0.737315 1.661957 0.099478
v 0.737315 1.673556 -0.100185
v 0.737758 1.674786 -0.106304
v 0.739043 1.677640 -0.111723
v 0.741045 1.681838 -0.115912
v 0.743567 1.686969 -0.118459
v 0.746363 1.692531 -0.119117
v 0.756064 1.674049 0.120214
v 0.753589 1.668449 0.118909
v 0.751357 1.663511 0.115776
v 0.749585 1.659718 0.111124
v 0.748448 1.657442 0.105407
v 0.748056 1.656904 0.099185
v 0.748056 1.668503 -0.100479
v 0.748448 1.669757 -0.106597
v 0.749585 1.672680 -0.112012
v 0.751357 1.676986 -0.116194
v 0.753589 1.682254 -0.118733
v 0.756064 1.687967 -0.119382
v 0.766071 1.670022 0.119980
v 0.763922 1.664291 0.118667
v 0.761983 1.659235 0.115528
v 0.760445 1.655348 0.110870
v 0.759457 1.653011 0.105149
v 0.759117 1.652453 0.098926
v 0.759117 1.664052 -0.100737
v 0.759457 1.665327 -0.106854
v 0.760445 1.668310 -0.112265
v 0.761983 1.672710 -0.116442
v 0.763922 1.678096 -0.118975
v 0.766071 1.683940 -0.119616
v 0.776385 1.666532 0.119778
v 0.774562 1.660691 0.118458
v 0.772918 1.655535 0.115313
v 0.771613 1.651569 0.110650
v 0.770775 1.649181 0.104927
v 0.770487 1.648605 0.098703
v 0.770487 1.660204 -0.100961
v 0.770775 1.661497 -0.107076
v 0.771613 1.664531 -0.112485
v 0.772918 1.669010 -0.116657
v 0.774562 1.674496 -0.119184
v 0.776385 1.680450 -0.119818
v 0.787005 1.663579 0.119606
v 0.785506 1.657648 0.118281
v 0.784154 1.652410 0.115131
v 0.783081 1.648380 0.110465
v 0.782393 1.645951 0.104739
v 0.782155 1.645361 0.098514
v 0.782155 1.656959 -0.101149
v 0.782393 1.658266 -0.107264
v 0.783081 1.661342 -0.112670
v 0.784154 1.665886 -0.116838
v 0.785506 1.671452 -0.119361
v 0.787005 1.677497 -0.119990
v 0.797931 1.661163 0.119466
v 0.796751 1.655161 0.118137
v 0.795687 1.649860 0.114983
v 0.794843 1.645779 0.110314
v 0.794300 1.643318 0.104586
v 0.794113 1.642717 0.098361
v 0.794113 1.654315 -0.101303
v 0.794300 1.655633 -0.107417
v 0.794843 1.658741 -0.112821
v 0.795687 1.663335 -0.116987
v 0.796751 1.668966 -0.119505
v 0.797931 1.675081 -0.120130
v 0.809164 1.659284 0.119357
v 0.808295 1.653230 0.118024
v 0.807512 1.647882 0.114868
v 0.806890 1.643764 0.110197
v 0.806490 1.641279 0.104468
v 0.806353 1.640669 0.098242
v 0.806353 1.652268 -0.101422
v 0.806490 1.653594 -0.107536
v 0.806890 1.656726 -0.112938
v 0.807512 1.661357 -0.117101
v 0.808295 1.667034 -0.119617
v 0.809164 1.673202 -0.120239
v 0.820704 1.657941 0.119279
v 0.820136 1.651852 0.117944
v 0.819624 1.646473 0.114786
v 0.819217 1.642330 0.110114
v 0.818956 1.639828 0.104383
v 0.818866 1.639213 0.098157
v 0.818866 1.650812 -0.101506
v 0.818956 1.652144 -0.107620
v 0.819217 1.655292 -0.113022
v 0.819624 1.659948 -0.117183
v 0.820136 1.665657 -0.119697
v 0.820704 1.671860 -0.120317
v 0.832550 1.657136 0.119232
v 0.832272 1.651027 0.117896
v 0.832021 1.645630 0.114737
v 0.831821 1.641473 0.110064
v 0.831693 1.638962 0.104333
v 0.831649 1.638344 0.098107
v 0.831649 1.649943 -0.101557
v 0.831693 1.651278 -0.107670
v 0.831821 1.654435 -0.113071
v 0.832021 1.659106 -0.117232
v 0.832272 1.664832 -0.119745
v 0.832550 1.671054 -0.120364
v 0.844703 1.656867 0.119216
v 0.844685 1.650753 0.117881
v 0.844669 1.645351 0.114721
v 0.844656 1.641189 0.110047
v 0.844648 1.638676 0.104317
v 0.844645 1.638057 0.098090
v 0.844645 1.649656 -0.101574
v 0.844648 1.650992 -0.107687
v 0.844656 1.654152 -0.113088
v 0.844669 1.658826 -0.117248
v 0.844685 1.664558 -0.119761
v 0.844703 1.670786 -0.120380
v 0.854458 1.657026 0.119225
v 0.854661 1.650915 0.117890
v 0.854845 1.645516 0.114731
v 0.854991 1.641357 0.110057
v 0.855084 1.638846 0.104326
v 0.855117 1.638227 0.098100
v 0.855117 1.649826 -0.101564
v 0.855084 1.651161 -0.107677
v 0.854991 1.654320 -0.113078
v 0.854845 1.658992 -0.117239
v 0.854661 1.664720 -0.119752
v 0.854458 1.670944 -0.120371
v 0.864060 1.657502 0.119253
v 0.864472 1.651401 0.117918
v 0.864843 1.646012 0.114760
v 0.865139 1.641860 0.110086
v 0.865328 1.639353 0.104356
v 0.865393 1.638737 0.098129
v 0.865393 1.650335 -0.101534
v 0.865328 1.651669 -0.107647
v 0.865139 1.654822 -0.113049
v 0.864843 1.659487 -0.117210
v 0.864472 1.665206 -0.119723
v 0.864060 1.671420 -0.120343
v 0.873508 1.658295 0.119299
v 0.874134 1.652212 0.117965
v 0.874699 1.646839 0.114808
v 0.875147 1.642700 0.110135
v 0.875435 1.640202 0.104405
v 0.875534 1.639588 0.098179
v 0.875534 1.651186 -0.101485
v 0.875435 1.652517 -0.107598
v 0.875147 1.655662 -0.113000
v 0.874699 1.660314 -0.117162
v 0.874134 1.666017 -0.119676
v 0.873508 1.672213 -0.120297
v 0.882803 1.659405 0.119364
v 0.883648 1.653348 0.118031
v 0.884410 1.647998 0.114875
v 0.885014 1.643878 0.110204
v 0.885403 1.641392 0.104474
v 0.885536 1.640782 0.098248
v 0.885536 1.652381 -0.101415
v 0.885403 1.653707 -0.107529
v 0.885014 1.656841 -0.112932
v 0.884410 1.661474 -0.117095
v 0.883648 1.667153 -0.119610
v 0.882803 1.673323 -0.120232
v 0.891945 1.660832 0.119447
v 0.893012 1.654810 0.118116
v 0.893975 1.649492 0.114962
v 0.894739 1.645397 0.110292
v 0.895230 1.642926 0.104563
v 0.895399 1.642322 0.098338
v 0.895399 1.653920 -0.101326
v 0.895230 1.655241 -0.107440
v 0.894739 1.658359 -0.112844
v 0.893975 1.662967 -0.117008
v 0.893012 1.668615 -0.119525
v 0.891945 1.674750 -0.120150
v 0.900933 1.662576 0.119548
v 0.902226 1.656598 0.118220
v 0.903393 1.651319 0.115068
v 0.904319 1.647256 0.110400
v 0.904914 1.644805 0.104673
v 0.905119 1.644208 0.098447
v 0.905119 1.655807 -0.101216
v 0.904914 1.657121 -0.107331
v 0.904319 1.660218 -0.112736
v 0.903393 1.664795 -0.116902
v 0.902226 1.670403 -0.119422
v 0.900933 1.676494 -0.120048
v 0.909768 1.664637 0.119668
v 0.911290 1.658713 0.118343
v 0.912663 1.653482 0.115194
v 0.913752 1.649457 0.110528
v 0.914451 1.647031 0.104802
v 0.914692 1.646442 0.098577
v 0.914692 1.658040 -0.101086
v 0.914451 1.659346 -0.107201
v 0.913752 1.662419 -0.112608
v 0.912663 1.666957 -0.116776
v 0.911290 1.672518 -0.119299
v 0.909768 1.678556 -0.119928
v 0.918450 1.667016 0.119806
v 0.920201 1.661155 0.118485
v 0.921781 1.655980 0.115339
v 0.923035 1.652000 0.110675
v 0.923840 1.649603 0.104951
v 0.924117 1.649024 0.098727
v 0.924117 1.660623 -0.100936
v 0.923840 1.661918 -0.107052
v 0.923035 1.664962 -0.112460
v 0.921781 1.669456 -0.116631
v 0.920201 1.674959 -0.119157
v 0.918450 1.680934 -0.119790
v 0.926979 1.669712 0.119962
v 0.928960 1.663923 0.118646
v 0.930747 1.658814 0.115503
v 0.932165 1.654886 0.110843
v 0.933076 1.652522 0.105121
v 0.933390 1.651955 0.098897
v 0.933390 1.663553 -0.100766
v 0.933076 1.664838 -0.106882
v 0.932165 1.667848 -0.112292
v 0.930747 1.672290 -0.116466
v 0.928960 1.677728 -0.118996
v 0.926979 1.683630 -0.119634
v 0.935354 1.672725 0.120137
v 0.937564 1.667018 0.118825
v 0.939558 1.661984 0.115687
v 0.941141 1.658115 0.111031
v 0.942156 1.655789 0.105311
v 0.942506 1.655234 0.099088
v 0.942506 1.666833 -0.100576
v 0.942156 1.668104 -0.106693
v 0.941141 1.671077 -0.112105
v 0.939558 1.675459 -0.116282
v 0.937564 1.680823 -0.118816
v 0.935354 1.686643 -0.119459
v 0.943576 1.676055 0.120331
v 0.946014 1.670440 0.119024
v 0.948212 1.665489 0.115891
v 0.949957 1.661685 0.111238
v 0.951078 1.659402 0.105521
v 0.951464 1.658862 0.099298
v 0.951464 1.670461 -0.100365
v 0.951078 1.671717 -0.106483
v 0.949957 1.674648 -0.111897
v 0.948212 1.678964 -0.116079
v 0.946014 1.684245 -0.118617
v 0.943576 1.689973 -0.119265
v 0.951645 1.679702 0.120543
v 0.954319 1.674194 0.119242
v 0.956731 1.669340 0.116115
v 0.958645 1.665612 0.111466
v 0.959874 1.663378 0.105752
v 0.960297 1.662855 0.099530
v 0.960297 1.674454 -0.100133
v 0.959874 1.675694 -0.106252
v 0.958645 1.678575 -0.111669
v 0.956731 1.682815 -0.115855
v 0.954319 1.687999 -0.118399
v 0.951645 1.693620 -0.119053
v 0.959502 1.683680 0.120774
v 0.962434 1.678303 0.119481
v 0.965078 1.673566 0.116360
v 0.967177 1.669932 0.111717
v 0.968524 1.667758 0.106006
v 0.968989 1.667256 0.099786
v 0.968989 1.678854 -0.099877
v 0.968524 1.680073 -0.105997
v 0.967177 1.682894 -0.111418
v 0.965078 1.687041 -0.115609
v 0.962434 1.692108 -0.118161
v 0.959502 1.697599 -0.118822
v 0.967089 1.688004 0.121025
v 0.970287 1.682778 0.119741
v 0.973172 1.678178 0.116628
v 0.975462 1.674653 0.111991
v 0.976932 1.672549 0.106284
v 0.977438 1.672071 0.100066
v 0.977438 1.683669 -0.099598
v 0.976932 1.684864 -0.105719
v 0.975462 1.687615 -0.111144
v 0.973172 1.691653 -0.115342
v 0.970287 1.696583 -0.117901
v 0.967089 1.701922 -0.118571
v 0.974406 1.692672 0.121296
v 0.977865 1.687614 0.120022
v 0.980987 1.683164 0.116918
v 0.983463 1.679759 0.112288
v 0.985054 1.677731 0.106585
v 0.985602 1.677279 0.100368
v 0.985602 1.688878 -0.099295
v 0.985054 1.690046 -0.105418
v 0.983463 1.692721 -0.110847
v 0.980987 1.696639 -0.115052
v 0.977865 1.701418 -0.117620
v 0.974406 1.706590 -0.118300
v 0.981452 1.697685 0.121587
v 0.985166 1.692808 0.120324
v 0.988517 1.688522 0.117229
v 0.991177 1.685246 0.112607
v 0.992884 1.683302 0.106909
v 0.993472 1.682879 0.100694
v 0.993472 1.694478 -0.098970
v 0.992884 1.695617 -0.105094
v 0.991177 1.698209 -0.110529
v 0.988517 1.701997 -0.114741
v 0.985166 1.706613 -0.117318
v 0.981452 1.711603 -0.118009
v 0.988228 1.703043 0.121899
v 0.992188 1.698360 0.120646
v 0.995761 1.694250 0.117562
v 0.998596 1.691113 0.112947
v 1.000416 1.689258 0.107255
v 1.001043 1.688866 0.101041
v 1.001043 1.700465 -0.098622
v 1.000416 1.701574 -0.104748
v 0.998596 1.704075 -0.110188
v 0.995761 1.707725 -0.114408
v 0.992188 1.712165 -0.116996
v 0.988228 1.716961 -0.117697
v 0.994733 1.708746 0.122230
v 0.998928 1.704269 0.120989
v 1.002713 1.700344 0.117916
v 1.005716 1.697355 0.113310
v 1.007644 1.695595 0.107623
v 1.008309 1.695235 0.101411
v 1.008309 1.706834 -0.098252
v 1.007644 1.707910 -0.104380
v 1.005716 1.710317 -0.109825
v 1.002713 1.713820 -0.114054
v 0.998928 1.718074 -0.116652
v 0.994733 1.722664 -0.117366
v 1.000968 1.714794 0.122581
v 1.005386 1.710533 0.121353
v 1.009371 1.706803 0.118291
v 1.012533 1.703968 0.113694
v 1.014564 1.702306 0.108013
v 1.015263 1.701981 0.101803
v 1.015263 1.713580 -0.097860
v 1.014564 1.714622 -0.103990
v 1.012533 1.716930 -0.109441
v 1.009371 1.720278 -0.113679
v 1.005386 1.724338 -0.116288
v 1.000968 1.728713 -0.117015
v 1.006933 1.721187 0.122953
v 1.011559 1.717149 0.121738
v 1.015732 1.713621 0.118687
v 1.019044 1.710946 0.114100
v 1.021170 1.709387 0.108424
v 1.021903 1.709097 0.102217
v 1.021903 1.720696 -0.097447
v 1.021170 1.721702 -0.103579
v 1.019044 1.723908 -0.109036
v 1.015732 1.727096 -0.113283
v 1.011559 1.730954 -0.115904
v 1.006933 1.735106 -0.116643
v 1.012628 1.727925 0.123344
v 1.017448 1.724117 0.122142
v 1.021795 1.720795 0.119104
v 1.025246 1.718284 0.114526
v 1.027461 1.716830 0.108857
v 1.028224 1.716577 0.102651
v 1.028224 1.728175 -0.097012
v 1.027461 1.729146 -0.103147
v 1.025246 1.731246 -0.108609
v 1.021795 1.734270 -0.112866
v 1.017448 1.737921 -0.115499
v 1.012628 1.741844 -0.116252
v 1.018052 1.735008 0.123756
v 1.023050 1.731433 0.122567
v 1.027559 1.728321 0.119541
v 1.031137 1.725977 0.114973
v 1.033434 1.724630 0.109310
v 1.034226 1.724414 0.103106
v 1.034226 1.736012 -0.096557
v 1.033434 1.736946 -0.102694
v 1.031137 1.738939 -0.108163
v 1.027559 1.741796 -0.112429
v 1.023050 1.745237 -0.115074
v 1.018052 1.748927 -0.115841
v 1.023206 1.742436 0.124187
v 1.028367 1.739095 0.123012
v 1.033023 1.736195 0.119998
v 1.036718 1.734019 0.115440
v 1.039090 1.732781 0.109783
v 1.039907 1.732601 0.103582
v 1.039907 1.744200 -0.096081
v 1.039090 1.745096 -0.102220
v 1.036718 1.746981 -0.107695
v 1.033023 1.749670 -0.111971
v 1.028367 1.752900 -0.114629
v 1.023206 1.756355 -0.115409
v 0.543740 1.666883 0.119798
v 0.540104 1.660769 0.118462
v 0.536824 1.655368 0.115303
v 0.534221 1.651208 0.110629
v 0.532550 1.648695 0.104899
v 0.531974 1.648076 0.098672
v 0.531974 1.659675 -0.100992
v 0.532550 1.661010 -0.107105
v 0.534221 1.664170 -0.112506
v 0.536824 1.668843 -0.116667
v 0.540104 1.674574 -0.119179
v 0.543740 1.680801 -0.119798
v 0.581862 1.666883 0.119798
v 0.592333 1.660769 0.118462
v 0.601779 1.655368 0.115303
v 0.609275 1.651208 0.110629
v 0.614088 1.648695 0.104899
v 0.615746 1.648076 0.098672
v 0.615746 1.659675 -0.100992
v 0.614088 1.661010 -0.107105
v 0.609275 1.664170 -0.112506
v 0.601779 1.668843 -0.116667
v 0.592333 1.674574 -0.119179
v 0.581862 1.680801 -0.119798
v 0.285714 2.202497 0.150912
v 0.289362 2.208723 0.150293
v 0.292653 2.214454 0.147781
v 0.295265 2.219128 0.143620
v 0.296941 2.222287 0.138219
v 0.297519 2.223623 0.132106
v 0.297519 2.235221 -0.067558
v 0.296941 2.234602 -0.073784
v 0.295265 2.232090 -0.079515
v 0.292653 2.227929 -0.084189
v 0.289362 2.222528 -0.087348
v 0.285714 2.216415 -0.088684
v 0.264446 2.202497 0.150912
v 0.259337 2.208723 0.150293
v 0.254728 2.214454 0.147781
v 0.251070 2.219128 0.143620
v 0.248722 2.222287 0.138219
v 0.247912 2.223623 0.132106
v 0.247912 2.235221 -0.067558
v 0.248722 2.234602 -0.073784
v 0.251070 2.232090 -0.079515
v 0.254728 2.227929 -0.084189
v 0.259337 2.222528 -0.087348
v 0.264446 2.216415 -0.088684
v 0.161718 1.666883 0.119798
v 0.154242 1.660769 0.118462
v 0.147497 1.655368 0.115303
v 0.142145 1.651208 0.110629
v 0.138709 1.648695 0.104899
v 0.137525 1.648076 0.098672
v 0.137525 1.659675 -0.100992
v 0.138709 1.661010 -0.107105
v 0.142145 1.664170 -0.112506
v 0.147497 1.668843 -0.116667
v 0.154242 1.674574 -0.119179
v 0.161718 1.680801 -0.119798
v 0.196228 1.666883 0.119798
v 0.201305 1.660769 0.118462
v 0.205885 1.655368 0.115303
v 0.209520 1.651208 0.110629
v 0.211854 1.648695 0.104899
v 0.212658 1.648076 0.098672
v 0.212658 1.659675 -0.100992
v 0.211854 1.661010 -0.107105
v 0.209520 1.664170 -0.112506
v 0.205885 1.668843 -0.116667
v 0.201305 1.674574 -0.119179
v 0.196228 1.680801 -0.119798
v 0.233949 1.857172 0.130852
v 0.239026 1.851058 0.129516
v 0.243606 1.845657 0.126357
v 0.247241 1.841497 0.121683
v 0.249575 1.838984 0.115953
v 0.250379 1.838365 0.109726
v 0.250379 1.849964 -0.089938
v 0.249575 1.851299 -0.096051
v 0.247241 1.854459 -0.101452
v 0.243606 1.859133 -0.105613
v 0.239026 1.864863 -0.108125
v 0.233949 1.871090 -0.108744
v 0.437801 1.857172 0.130852
v 0.434165 1.851058 0.129516
v 0.430885 1.845657 0.126357
v 0.428282 1.841497 0.121683
v 0.426611 1.838984 0.115953
v 0.426035 1.838365 0.109726
v 0.426035 1.849964 -0.089938
v 0.426611 1.851299 -0.096051
v 0.428282 1.854459 -0.101452
v 0.430885 1.859133 -0.105613
v 0.434165 1.864863 -0.108125
v 0.437801 1.871090 -0.108744
v 0.422151 1.889220 0.132714
v 0.411597 1.895447 0.132095
v 0.402076 1.901178 0.129582
v 0.394520 1.905852 0.125422
v 0.389669 1.909011 0.120020
v 0.387997 1.910347 0.113907
v 0.387997 1.921945 -0.085756
v 0.389669 1.921326 -0.091983
v 0.394520 1.918814 -0.097714
v 0.402076 1.914653 -0.102387
v 0.411597 1.909252 -0.105547
v 0.422151 1.903139 -0.106882
v 0.240771 1.889220 0.132714
v 0.248180 1.895447 0.132095
v 0.254864 1.901178 0.129582
v 0.260169 1.905852 0.125422
v 0.263575 1.909011 0.120020
v 0.264748 1.910347 0.113907
v 0.264748 1.921945 -0.085756
v 0.263575 1.921326 -0.091983
v 0.260169 1.918814 -0.097714
v 0.254864 1.914653 -0.102387
v 0.248180 1.909252 -0.105547
v 0.240771 1.903139 -0.106882
v 0.286517 2.139601 0.147259
v 0.291672 2.133488 0.145923
v 0.296322 2.128087 0.142764
v 0.300013 2.123926 0.138090
v 0.302382 2.121413 0.132359
v 0.303199 2.120794 0.126132
v 0.303199 2.132393 -0.073531
v 0.302382 2.133729 -0.079644
v 0.300013 2.136888 -0.085045
v 0.296322 2.141562 -0.089206
v 0.291672 2.147292 -0.091719
v 0.286517 2.153519 -0.092338
v 0.287319 2.139601 0.147259
v 0.283282 2.133488 0.145923
v 0.279640 2.128087 0.142764
v 0.276750 2.123926 0.138090
v 0.274894 2.121413 0.132359
v 0.274255 2.120794 0.126132
v 0.274255 2.132393 -0.073531
v 0.274894 2.133729 -0.079644
v 0.276750 2.136888 -0.085045
v 0.279640 2.141562 -0.089206
v 0.283282 2.147292 -0.091719
v 0.287319 2.153519 -0.092338
v 0.290296 2.132829 0.146865
v 0.284657 2.130360 0.145741
v 0.279570 2.128246 0.142773
v 0.275533 2.126694 0.138251
v 0.272941 2.125856 0.132617
v 0.272048 2.125814 0.126424
v 0.272048 2.137413 -0.073239
v 0.272941 2.138172 -0.079386
v 0.275533 2.139656 -0.084885
v 0.279570 2.141721 -0.089197
v 0.284657 2.144165 -0.091900
v 0.290296 2.146748 -0.092731
v 0.293740 2.125335 0.146430
v 0.288140 2.122781 0.145301
v 0.283088 2.120590 0.142328
v 0.279079 2.118978 0.137802
v 0.276505 2.118101 0.132167
v 0.275618 2.118046 0.125973
v 0.275618 2.129644 -0.073691
v 0.276505 2.130416 -0.079837
v 0.279079 2.131940 -0.085333
v 0.283088 2.134065 -0.089642
v 0.288140 2.136585 -0.092341
v 0.293740 2.139253 -0.093166
v 0.297653 2.117117 0.145952
v 0.292085 2.114494 0.144820
v 0.287063 2.112241 0.141843
v 0.283078 2.110579 0.137314
v 0.280519 2.109671 0.131677
v 0.279637 2.109605 0.125482
v 0.279637 2.121203 -0.074181
v 0.280519 2.121986 -0.080326
v 0.283078 2.123541 -0.085821
v 0.287063 2.125716 -0.090127
v 0.292085 2.128298 -0.092822
v 0.297653 2.131035 -0.093644
v 0.302033 2.108175 0.145433
v 0.296494 2.105495 0.144297
v 0.291497 2.103191 0.141317
v 0.287532 2.101488 0.136786
v 0.284986 2.100553 0.131147
v 0.284109 2.100478 0.124952
v 0.284109 2.112077 -0.074711
v 0.284986 2.112868 -0.080856
v 0.287532 2.114450 -0.086349
v 0.291497 2.116666 -0.090652
v 0.296494 2.119300 -0.093345
v 0.302033 2.122094 -0.094163
v 0.306882 2.098511 0.144872
v 0.301367 2.095782 0.143733
v 0.296392 2.093434 0.140751
v 0.292444 2.091697 0.136218
v 0.289909 2.090740 0.130577
v 0.289036 2.090657 0.124382
v 0.289036 2.102256 -0.075282
v 0.289909 2.103055 -0.081426
v 0.292444 2.104659 -0.086918
v 0.296392 2.106910 -0.091219
v 0.301367 2.109587 -0.093909
v 0.306882 2.112429 -0.094724
v 0.312199 2.088123 0.144268
v 0.306705 2.085353 0.143127
v 0.301749 2.082968 0.140143
v 0.297816 2.081201 0.135608
v 0.295291 2.080225 0.129966
v 0.294421 2.080136 0.123770
v 0.294421 2.091734 -0.075893
v 0.295291 2.092540 -0.082037
v 0.297816 2.094163 -0.087527
v 0.301749 2.096443 -0.091827
v 0.306705 2.099158 -0.094515
v 0.312199 2.102041 -0.095328
v 0.317984 2.077011 0.143623
v 0.312509 2.074206 0.142479
v 0.307570 2.071789 0.139493
v 0.303650 2.069996 0.134957
v 0.301133 2.069004 0.129315
v 0.300266 2.068909 0.123118
v 0.300266 2.080508 -0.076545
v 0.301133 2.081319 -0.082689
v 0.303650 2.082958 -0.088178
v 0.307570 2.085264 -0.092476
v 0.312509 2.088011 -0.095162
v 0.317984 2.090930 -0.095973
v 0.324238 2.065177 0.142935
v 0.318779 2.062340 0.141790
v 0.313854 2.059895 0.138802
v 0.309946 2.058080 0.134265
v 0.307437 2.057074 0.128622
v 0.306573 2.056974 0.122425
v 0.306573 2.068572 -0.077238
v 0.307437 2.069389 -0.083382
v 0.309946 2.071042 -0.088870
v 0.313854 2.073370 -0.093167
v 0.318779 2.076145 -0.095852
v 0.324238 2.079095 -0.096661
v 0.330959 2.052619 0.142206
v 0.325515 2.049755 0.141059
v 0.320604 2.047285 0.138070
v 0.316706 2.045451 0.133531
v 0.314204 2.044431 0.127887
v 0.313342 2.044327 0.121690
v 0.313342 2.055926 -0.077973
v 0.314204 2.056747 -0.084116
v 0.316706 2.058413 -0.089604
v 0.320604 2.060760 -0.093900
v 0.325515 2.063560 -0.096583
v 0.330959 2.066537 -0.097390
v 0.338149 2.039337 0.141434
v 0.332718 2.036449 0.140286
v 0.327818 2.033957 0.137296
v 0.323930 2.032106 0.132756
v 0.321434 2.031075 0.127111
v 0.320574 2.030967 0.120914
v 0.320574 2.042566 -0.078749
v 0.321434 2.043391 -0.084892
v 0.323930 2.045068 -0.090379
v 0.327818 2.047433 -0.094674
v 0.332718 2.050254 -0.097356
v 0.338149 2.053256 -0.098162
v 0.345807 2.025333 0.140621
v 0.340387 2.022423 0.139471
v 0.335499 2.019912 0.136480
v 0.331619 2.018044 0.131939
v 0.329128 2.017004 0.126294
v 0.328270 2.016893 0.120097
v 0.328270 2.028491 -0.079567
v 0.329128 2.029320 -0.085709
v 0.331619 2.031006 -0.091196
v 0.335499 2.033387 -0.095490
v 0.340387 2.036228 -0.098171
v 0.345807 2.039251 -0.098975
v 0.353933 2.010605 0.139765
v 0.348531 2.007664 0.138614
v 0.343658 2.005124 0.135621
v 0.339791 2.003234 0.131079
v 0.337308 2.002180 0.125433
v 0.336452 2.002063 0.119235
v 0.336452 2.013662 -0.080428
v 0.337308 2.014495 -0.086571
v 0.339791 2.016196 -0.092057
v 0.343658 2.018599 -0.096349
v 0.348531 2.021468 -0.099028
v 0.353933 2.024523 -0.099831
v -0.047753 2.202497 0.150912
v -0.042740 2.208723 0.150293
v -0.038218 2.214454 0.147781
v -0.034629 2.219128 0.143620
v -0.032325 2.222287 0.138219
v -0.031531 2.223623 0.132106
v -0.031531 2.235221 -0.067558
v -0.032325 2.234602 -0.073784
v -0.034629 2.232090 -0.079515
v -0.038218 2.227929 -0.084189
v -0.042740 2.222528 -0.087348
v -0.047753 2.216415 -0.088684
v -0.102327 2.202497 0.150912
v -0.107533 2.208723 0.150293
v -0.112230 2.214454 0.147781
v -0.115957 2.219128 0.143620
v -0.118350 2.222287 0.138219
v -0.119175 2.223623 0.132106
v -0.119175 2.235221 -0.067558
v -0.118350 2.234602 -0.073784
v -0.115957 2.232090 -0.079515
v -0.112230 2.227929 -0.084189
v -0.107533 2.222528 -0.087348
v -0.102327 2.216415 -0.088684
v -0.166934 1.828328 0.129176
v -0.173022 1.829449 0.128261
v -0.178514 1.830574 0.125481
v -0.182872 1.831593 0.121108
v -0.185670 1.832406 0.115570
v -0.186634 1.832933 0.109410
v -0.186634 1.844531 -0.090253
v -0.185670 1.844721 -0.096433
v -0.182872 1.844555 -0.102027
v -0.178514 1.844050 -0.106489
v -0.173022 1.843254 -0.109381
v -0.166934 1.842246 -0.110420
v -0.168784 1.817948 0.128574
v -0.174871 1.819077 0.127659
v -0.180361 1.820209 0.124879
v -0.184719 1.821233 0.120506
v -0.187516 1.822049 0.114969
v -0.188480 1.822577 0.108809
v -0.188480 1.834176 -0.090855
v -0.187516 1.834364 -0.097034
v -0.184719 1.834195 -0.102629
v -0.180361 1.833684 -0.107091
v -0.174871 1.832882 -0.109983
v -0.168784 1.831867 -0.111023
v -0.170590 1.807641 0.127975
v -0.176680 1.808751 0.127059
v -0.182173 1.809867 0.124278
v -0.186533 1.810878 0.119905
v -0.189332 1.811686 0.114367
v -0.190296 1.812211 0.108207
v -0.190296 1.823810 -0.091457
v -0.189332 1.824001 -0.097636
v -0.186533 1.823840 -0.103231
v -0.182173 1.823342 -0.107692
v -0.176680 1.822556 -0.110583
v -0.170590 1.821559 -0.111621
v -0.172351 1.797406 0.127380
v -0.178444 1.798498 0.126463
v -0.183941 1.799597 0.123681
v -0.188302 1.800594 0.119307
v -0.191103 1.801394 0.113769
v -0.192068 1.801916 0.107609
v -0.192068 1.813515 -0.092055
v -0.191103 1.813709 -0.098234
v -0.188302 1.813556 -0.103828
v -0.183941 1.813072 -0.108288
v -0.178444 1.812303 -0.111179
v -0.172351 1.811324 -0.112216
v -0.174068 1.787243 0.126790
v -0.180164 1.788316 0.125872
v -0.185663 1.789398 0.123089
v -0.190027 1.790383 0.118714
v -0.192829 1.791173 0.113175
v -0.193795 1.791692 0.107015
v -0.193795 1.803291 -0.092649
v -0.192829 1.803488 -0.098828
v -0.190027 1.803344 -0.104421
v -0.185663 1.802873 -0.108881
v -0.180164 1.802121 -0.111770
v -0.174068 1.801162 -0.112806
v -0.175740 1.777153 0.126204
v -0.181839 1.778207 0.125284
v -0.187341 1.779271 0.122501
v -0.191708 1.780242 0.118125
v -0.194511 1.781024 0.112586
v -0.195477 1.781540 0.106425
v -0.195477 1.793139 -0.093239
v -0.194511 1.793339 -0.099418
v -0.191708 1.793204 -0.105010
v -0.187341 1.792747 -0.109469
v -0.181839 1.792012 -0.112357
v -0.175740 1.791071 -0.113392
v -0.177367 1.767135 0.125622
v -0.183470 1.768170 0.124701
v -0.188975 1.769217 0.121917
v -0.193343 1.770173 0.117540
v -0.196148 1.770946 0.112000
v -0.197115 1.771459 0.105839
v -0.197115 1.783058 -0.093824
v -0.196148 1.783262 -0.100003
v -0.193343 1.783135 -0.105595
v -0.188975 1.782692 -0.110053
v -0.183470 1.781974 -0.112940
v -0.177367 1.781053 -0.113974
v -0.178950 1.757189 0.125044
v -0.185056 1.758204 0.124122
v -0.190563 1.759233 0.121337
v -0.194934 1.760176 0.116959
v -0.197741 1.760940 0.111419
v -0.198708 1.761450 0.105258
v -0.198708 1.773049 -0.094406
v -0.197741 1.773255 -0.100584
v -0.194934 1.773138 -0.106176
v -0.190563 1.772709 -0.110633
v -0.185056 1.772009 -0.113519
v -0.178950 1.771108 -0.114552
v -0.180489 1.747316 0.124470
v -0.186597 1.748311 0.123548
v -0.192108 1.749322 0.120761
v -0.196481 1.750250 0.116383
v -0.199289 1.751005 0.110842
v -0.200256 1.751512 0.104680
v -0.200256 1.763110 -0.094983
v -0.199289 1.763320 -0.101161
v -0.196481 1.763212 -0.106753
v -0.192108 1.762797 -0.111209
v -0.186597 1.762116 -0.114094
v -0.180489 1.761234 -0.115126
v -0.181982 1.737515 0.123901
v -0.188094 1.738489 0.122977
v -0.193607 1.739482 0.120189
v -0.197983 1.740396 0.115810
v -0.200792 1.741141 0.110269
v -0.201760 1.741645 0.104107
v -0.201760 1.753243 -0.095556
v -0.200792 1.753456 -0.101734
v -0.197983 1.753358 -0.107325
v -0.193607 1.752957 -0.111780
v -0.188094 1.752294 -0.114664
v -0.181982 1.751433 -0.115695
v -0.183431 1.727786 0.123336
v -0.189546 1.728740 0.122411
v -0.195062 1.729714 0.119622
v -0.199440 1.730613 0.115242
v -0.202250 1.731349 0.109700
v -0.203219 1.731849 0.103538
v -0.203219 1.743448 -0.096125
v -0.202250 1.743664 -0.102303
v -0.199440 1.743575 -0.107893
v -0.195062 1.743189 -0.112348
v -0.189546 1.742545 -0.115231
v -0.183431 1.741704 -0.116260
v -0.184836 1.718130 0.122775
v -0.190954 1.719063 0.121849
v -0.196472 1.720018 0.119059
v -0.200852 1.720901 0.114678
v -0.203664 1.721627 0.109135
v -0.204633 1.722124 0.102973
v -0.204633 1.733723 -0.096690
v -0.203664 1.733943 -0.102868
v -0.200852 1.733863 -0.108457
v -0.196472 1.733493 -0.112911
v -0.190954 1.732867 -0.115793
v -0.184836 1.732048 -0.116821
v -0.186196 1.708546 0.122218
v -0.191562 1.714773 0.121599
v -0.196404 1.720503 0.119087
v -0.200246 1.725177 0.114926
v -0.202712 1.728336 0.109525
v -0.203562 1.729672 0.103412
v -0.203562 1.741271 -0.096252
v -0.202712 1.740652 -0.102478
v -0.200246 1.738139 -0.108209
v -0.196404 1.733979 -0.112883
v -0.191562 1.728577 -0.116042
v -0.186196 1.722464 -0.117378
v -0.187801 1.708546 0.122218
v -0.184255 1.714773 0.121599
v -0.181057 1.720503 0.119087
v -0.178518 1.725177 0.114926
v -0.176889 1.728336 0.109525
v -0.176327 1.729672 0.103412
v -0.176327 1.741271 -0.096252
v -0.176889 1.740652 -0.102478
v -0.178518 1.738139 -0.108209
v -0.181057 1.733979 -0.112883
v -0.184255 1.728577 -0.116042
v -0.187801 1.722464 -0.117378
v -0.230738 1.781857 0.126477
v -0.225410 1.785040 0.125681
v -0.220603 1.788024 0.123009
v -0.216788 1.790519 0.118722
v -0.214339 1.792279 0.113239
v -0.213495 1.793132 0.107098
v -0.213495 1.804731 -0.092565
v -0.214339 1.804594 -0.098764
v -0.216788 1.803481 -0.104413
v -0.220603 1.801499 -0.108960
v -0.225410 1.798845 -0.111960
v -0.230738 1.795776 -0.113119
v -0.479534 2.202497 0.150912
v -0.476006 2.208723 0.150293
v -0.472824 2.214454 0.147781
v -0.470298 2.219128 0.143620
v -0.468676 2.222287 0.138219
v -0.468118 2.223623 0.132106
v -0.468118 2.235221 -0.067558
v -0.468676 2.234602 -0.073784
v -0.470298 2.232090 -0.079515
v -0.472824 2.227929 -0.084189
v -0.476006 2.222528 -0.087348
v -0.479534 2.216415 -0.088684
v -0.535313 2.202497 0.150912
v -0.542938 2.208723 0.150293
v -0.549817 2.214454 0.147781
v -0.555277 2.219128 0.143620
v -0.558782 2.222287 0.138219
v -0.559989 2.223623 0.132106
v -0.559989 2.235221 -0.067558
v -0.558782 2.234602 -0.073784
v -0.555277 2.232090 -0.079515
v -0.549817 2.227929 -0.084189
v -0.542938 2.222528 -0.087348
v -0.535313 2.216415 -0.088684
v -0.421750 1.666883 0.119798
v -0.426759 1.660769 0.118462
v -0.431277 1.655368 0.115303
v -0.434864 1.651208 0.110629
v -0.437166 1.648695 0.104899
v -0.437959 1.648076 0.098672
v -0.437959 1.659675 -0.100992
v -0.437166 1.661010 -0.107105
v -0.434864 1.664170 -0.112506
v -0.431277 1.668843 -0.116667
v -0.426759 1.674574 -0.119179
v -0.421750 1.680801 -0.119798
v -0.387239 1.666883 0.119798
v -0.379584 1.660769 0.118462
v -0.372679 1.655368 0.115303
v -0.367198 1.651208 0.110629
v -0.363680 1.648695 0.104899
v -0.362468 1.648076 0.098672
v -0.362468 1.659675 -0.100992
v -0.363680 1.661010 -0.107105
v -0.367198 1.664170 -0.112506
v -0.372679 1.668843 -0.116667
v -0.379584 1.674574 -0.119179
v -0.387239 1.680801 -0.119798
v -0.399052 1.721581 0.122976
v -0.393010 1.722938 0.122074
v -0.387560 1.724277 0.119306
v -0.383235 1.725464 0.114943
v -0.380458 1.726385 0.109412
v -0.379501 1.726950 0.103254
v -0.379501 1.738549 -0.096410
v -0.380458 1.738701 -0.102592
v -0.383235 1.738426 -0.108192
v -0.387560 1.737752 -0.112664
v -0.393010 1.736743 -0.115568
v -0.399052 1.735499 -0.116621
v -0.410012 1.772304 0.125922
v -0.403971 1.773662 0.125020
v -0.398521 1.775001 0.122253
v -0.394196 1.776189 0.117890
v -0.391419 1.777111 0.112358
v -0.390462 1.777675 0.106200
v -0.390462 1.789274 -0.093463
v -0.391419 1.789426 -0.099645
v -0.394196 1.789151 -0.105246
v -0.398521 1.788476 -0.109717
v -0.403971 1.787467 -0.112621
v -0.410012 1.786222 -0.113674
v -0.420119 1.819051 0.128638
v -0.414078 1.820410 0.127736
v -0.408628 1.821750 0.124968
v -0.404303 1.822939 0.120605
v -0.401527 1.823861 0.115074
v -0.400570 1.824425 0.108916
v -0.400570 1.836024 -0.090747
v -0.401527 1.836176 -0.096929
v -0.404303 1.835901 -0.102530
v -0.408628 1.835225 -0.107001
v -0.414078 1.834215 -0.109906
v -0.420119 1.832970 -0.110958
v -0.429374 1.861823 0.131122
v -0.423333 1.863183 0.130221
v -0.417883 1.864524 0.127453
v -0.413559 1.865713 0.123090
v -0.410782 1.866636 0.117559
v -0.409825 1.867200 0.111401
v -0.409825 1.878799 -0.088262
v -0.410782 1.878951 -0.094444
v -0.413559 1.878675 -0.100045
v -0.417883 1.877999 -0.104517
v -0.423333 1.876988 -0.107421
v -0.429374 1.875741 -0.108474
v -0.437776 1.900620 0.133376
v -0.431735 1.901981 0.132475
v -0.426286 1.903322 0.129707
v -0.421961 1.904513 0.125344
v -0.419185 1.905436 0.119813
v -0.418228 1.906001 0.113655
v -0.418228 1.917600 -0.086009
v -0.419185 1.917751 -0.092190
v -0.421961 1.917475 -0.097791
v -0.426286 1.916798 -0.102263
v -0.431735 1.915786 -0.105167
v -0.437776 1.914538 -0.106220
v -0.445325 1.935441 0.135399
v -0.439285 1.936803 0.134497
v -0.433836 1.938146 0.131730
v -0.429511 1.939338 0.127367
v -0.426735 1.940262 0.121836
v -0.425778 1.940827 0.115678
v -0.425778 1.952425 -0.083985
v -0.426735 1.952577 -0.090167
v -0.429511 1.952300 -0.095768
v -0.433836 1.951622 -0.100240
v -0.439285 1.950608 -0.103144
v -0.445325 1.949359 -0.104197
v -0.452021 1.966286 0.137191
v -0.445982 1.967651 0.136289
v -0.440533 1.968996 0.133522
v -0.436209 1.970189 0.129159
v -0.433433 1.971113 0.123628
v -0.432476 1.971679 0.117470
v -0.432476 1.983277 -0.082193
v -0.433433 1.983429 -0.088375
v -0.436209 1.983151 -0.093976
v -0.440533 1.982471 -0.098448
v -0.445982 1.981456 -0.101352
v -0.452021 1.980204 -0.102405
v -0.457865 1.993156 0.138751
v -0.451826 1.994524 0.137850
v -0.446378 1.995871 0.135083
v -0.442054 1.997065 0.130720
v -0.439278 1.997991 0.125189
v -0.438322 1.998557 0.119032
v -0.438322 2.010156 -0.080632
v -0.439278 2.010307 -0.086814
v -0.442054 2.010027 -0.092415
v -0.446378 2.009346 -0.096887
v -0.451826 2.008328 -0.099791
v -0.457865 2.007074 -0.100845
v -0.462856 2.016051 0.140081
v -0.456818 2.017422 0.139181
v -0.451370 2.018772 0.136413
v -0.447047 2.019969 0.132051
v -0.444271 2.020897 0.126520
v -0.443315 2.021463 0.120362
v -0.443315 2.033062 -0.079301
v -0.444271 2.033212 -0.085483
v -0.447047 2.032931 -0.091084
v -0.451370 2.032247 -0.095556
v -0.456818 2.031226 -0.098461
v -0.462856 2.029969 -0.099515
v -0.466994 2.034970 0.141180
v -0.460957 2.036346 0.140280
v -0.455511 2.037701 0.137513
v -0.451188 2.038903 0.133151
v -0.448413 2.039832 0.127620
v -0.447457 2.040400 0.121462
v -0.447457 2.051998 -0.078201
v -0.448413 2.052148 -0.084383
v -0.451188 2.051864 -0.089985
v -0.455511 2.051176 -0.094457
v -0.460957 2.050151 -0.097362
v -0.466994 2.048888 -0.098416
v -0.470280 2.049913 0.142049
v -0.464244 2.051298 0.141148
v -0.458800 2.052661 0.138382
v -0.454479 2.053869 0.134020
v -0.451705 2.054803 0.128490
v -0.450749 2.055372 0.122332
v -0.450749 2.066970 -0.077331
v -0.451705 2.067118 -0.083514
v -0.454479 2.066831 -0.089115
v -0.458800 2.066137 -0.093588
v -0.464244 2.065103 -0.096493
v -0.470280 2.063832 -0.097548
v -0.472713 2.060881 0.142686
v -0.466680 2.062280 0.141786
v -0.461238 2.063655 0.139021
v -0.456919 2.064872 0.134659
v -0.454147 2.065812 0.129129
v -0.453191 2.066383 0.122972
v -0.453191 2.077981 -0.076692
v -0.454147 2.078127 -0.082874
v -0.456919 2.077834 -0.088476
v -0.461238 2.077130 -0.092949
v -0.466680 2.076084 -0.095855
v -0.472713 2.074800 -0.096910
v -0.474730 2.069869 0.143208
v -0.468701 2.071281 0.142309
v -0.463262 2.072668 0.139544
v -0.458945 2.073895 0.135183
v -0.456174 2.074841 0.129654
v -0.455219 2.075415 0.123496
v -0.455219 2.087013 -0.076167
v -0.456174 2.087157 -0.082350
v -0.458945 2.086857 -0.087952
v -0.463262 2.086143 -0.092425
v -0.468701 2.085085 -0.095332
v -0.474730 2.083787 -0.096388
v -0.476770 2.078870 0.143731
v -0.470743 2.080294 0.142833
v -0.465307 2.081692 0.140069
v -0.460992 2.082928 0.135708
v -0.458222 2.083880 0.130179
v -0.457267 2.084455 0.124021
v -0.457267 2.096054 -0.075642
v -0.458222 2.096195 -0.081825
v -0.460992 2.095890 -0.087427
v -0.465307 2.095168 -0.091901
v -0.470743 2.094099 -0.094809
v -0.476770 2.092788 -0.095865
v -0.478832 2.087885 0.144254
v -0.472808 2.089321 0.143357
v -0.467374 2.090731 0.140594
v -0.463062 2.091975 0.136234
v -0.460293 2.092932 0.130705
v -0.459339 2.093509 0.124547
v -0.459339 2.105108 -0.075116
v -0.460293 2.105248 -0.081299
v -0.463062 2.104937 -0.086902
v -0.467374 2.104206 -0.091376
v -0.472808 2.103126 -0.094284
v -0.478832 2.101803 -0.095342
v -0.480917 2.096914 0.144779
v -0.474896 2.098362 0.143882
v -0.469464 2.099782 0.141119
v -0.465153 2.101035 0.136760
v -0.462386 2.101999 0.131231
v -0.461432 2.102577 0.125074
v -0.461432 2.114176 -0.074589
v -0.462386 2.114314 -0.080772
v -0.465153 2.113997 -0.086375
v -0.469464 2.113258 -0.090850
v -0.474896 2.112167 -0.093759
v -0.480917 2.110832 -0.094817
v -0.483023 2.105957 0.145304
v -0.477005 2.107417 0.144408
v -0.471576 2.108848 0.141646
v -0.467267 2.110110 0.137287
v -0.464501 2.111078 0.131759
v -0.463548 2.111659 0.125602
v -0.463548 2.123258 -0.074062
v -0.464501 2.123394 -0.080245
v -0.467267 2.123072 -0.085848
v -0.471576 2.122324 -0.090324
v -0.477005 2.121222 -0.093233
v -0.483023 2.119875 -0.094292
v -0.485152 2.115014 0.145830
v -0.479137 2.116486 0.144935
v -0.473710 2.117928 0.142173
v -0.469404 2.119198 0.137815
v -0.466639 2.120172 0.132287
v -0.465686 2.120754 0.126130
v -0.465686 2.132353 -0.073533
v -0.466639 2.132487 -0.079716
v -0.469404 2.132160 -0.085320
v -0.473710 2.131403 -0.089796
v -0.479137 2.130291 -0.092706
v -0.485152 2.128932 -0.093766
v -0.487304 2.124084 0.146357
v -0.481291 2.125569 0.145463
v -0.475867 2.127021 0.142702
v -0.471562 2.128300 0.138344
v -0.468799 2.129279 0.132816
v -0.467846 2.129864 0.126659
v -0.467846 2.141462 -0.073004
v -0.468799 2.141594 -0.079187
v -0.471562 2.141262 -0.084791
v -0.475867 2.140496 -0.089268
v -0.481291 2.139373 -0.092179
v -0.487304 2.138003 -0.093239
v -0.489477 2.133169 0.146885
v -0.483468 2.134665 0.145991
v -0.478046 2.136128 0.143231
v -0.473743 2.137415 0.138873
v -0.470981 2.138400 0.133346
v -0.470029 2.138987 0.127189
v -0.470029 2.150585 -0.072474
v -0.470981 2.150716 -0.078657
v -0.473743 2.150377 -0.084262
v -0.478046 2.149603 -0.088739
v -0.483468 2.148470 -0.091650
v -0.489477 2.147087 -0.092711
v -0.491673 2.142267 0.147413
v -0.485666 2.143775 0.146521
v -0.480247 2.145249 0.143761
v -0.475947 2.146545 0.139404
v -0.473186 2.147535 0.133876
v -0.472234 2.148123 0.127720
v -0.472234 2.159722 -0.071943
v -0.473186 2.159850 -0.078127
v -0.475947 2.159507 -0.083732
v -0.480247 2.158724 -0.088209
v -0.485666 2.157580 -0.091121
v -0.491673 2.156186 -0.092183
v -0.493892 2.151380 0.147943
v -0.487887 2.152900 0.147051
v -0.482471 2.154384 0.144291
v -0.478173 2.155688 0.139935
v -0.475413 2.156683 0.134408
v -0.474462 2.157274 0.128251
v -0.474462 2.168872 -0.071412
v -0.475413 2.168999 -0.077595
v -0.478173 2.168650 -0.083200
v -0.482471 2.167859 -0.087678
v -0.487887 2.166704 -0.090591
v -0.493892 2.165298 -0.091653
v -0.496132 2.160506 0.148473
v -0.490131 2.162038 0.147581
v -0.484717 2.163532 0.144823
v -0.480421 2.164845 0.140467
v -0.477662 2.165846 0.134940
v -0.476712 2.166438 0.128784
v -0.476712 2.178036 -0.070880
v -0.477662 2.178161 -0.077063
v -0.480421 2.177807 -0.082668
v -0.484717 2.177008 -0.087147
v -0.490131 2.175842 -0.090060
v -0.496132 2.174425 -0.091123
v -0.498395 2.169647 0.149004
v -0.490501 2.163533 0.147668
v -0.483380 2.158132 0.144509
v -0.477729 2.153972 0.139835
v -0.474101 2.151459 0.134104
v -0.472850 2.150840 0.127878
v -0.472850 2.162439 -0.071786
v -0.474101 2.163774 -0.077899
v -0.477729 2.166934 -0.083300
v -0.483380 2.171607 -0.087461
v -0.490501 2.177338 -0.089973
v -0.498395 2.183565 -0.090592
v -0.495184 2.169647 0.149004
v -0.498729 2.163533 0.147668
v -0.501926 2.158132 0.144509
v -0.504464 2.153972 0.139835
v -0.506093 2.151459 0.134104
v -0.506654 2.150840 0.127878
v -0.506654 2.162439 -0.071786
v -0.506093 2.163774 -0.077899
v -0.504464 2.166934 -0.083300
v -0.501926 2.171607 -0.087461
v -0.498729 2.177338 -0.089973
v -0.495184 2.183565 -0.090592
v -0.397271 2.002593 0.139300
v -0.402595 1.999515 0.138140
v -0.407397 1.996853 0.135140
v -0.411209 1.994866 0.130593
v -0.413656 1.993749 0.124943
v -0.414499 1.993611 0.118744
v -0.414499 2.005209 -0.080919
v -0.413656 2.006064 -0.087060
v -0.411209 2.007828 -0.092543
v -0.407397 2.010328 -0.096829
v -0.402595 2.013320 -0.099501
v -0.397271 2.016511 -0.100296
v -0.197432 1.666883 0.119798
v -0.200948 1.660769 0.118462
v -0.204120 1.655368 0.115303
v -0.206638 1.651208 0.110629
v -0.208254 1.648695 0.104899
v -0.208811 1.648076 0.098672
v -0.208811 1.659675 -0.100992
v -0.208254 1.661010 -0.107105
v -0.206638 1.664170 -0.112506
v -0.204120 1.668843 -0.116667
v -0.200948 1.674574 -0.119179
v -0.197432 1.680801 -0.119798
v -0.162921 1.666883 0.119798
v -0.157721 1.660769 0.118462
v -0.153030 1.655368 0.115303
v -0.149307 1.651208 0.110629
v -0.146917 1.648695 0.104899
v -0.146093 1.648076 0.098672
v -0.146093 1.659675 -0.100992
v -0.146917 1.661010 -0.107105
v -0.149307 1.664170 -0.112506
v -0.153030 1.668843 -0.116667
v -0.157721 1.674574 -0.119179
v -0.162921 1.680801 -0.119798
v -0.095506 2.054672 0.142325
v -0.089412 2.053697 0.141288
v -0.083915 2.052932 0.138398
v -0.079553 2.052450 0.133938
v -0.076752 2.052299 0.128344
v -0.075787 2.052494 0.122165
v -0.075787 2.064093 -0.077499
v -0.076752 2.064614 -0.083659
v -0.079553 2.065412 -0.089198
v -0.083915 2.066407 -0.093572
v -0.089412 2.067502 -0.096354
v -0.095506 2.068590 -0.097271
v -0.093769 2.065140 0.142933
v -0.087673 2.064183 0.141897
v -0.082174 2.063434 0.139008
v -0.077809 2.062964 0.134549
v -0.075007 2.062822 0.128955
v -0.074041 2.063020 0.122776
v -0.074041 2.074618 -0.076887
v -0.075007 2.075137 -0.083048
v -0.077809 2.075926 -0.088587
v -0.082174 2.076909 -0.092962
v -0.087673 2.077988 -0.095745
v -0.093769 2.079059 -0.096663
v -0.092039 2.075448 0.143532
v -0.085945 2.074478 0.142495
v -0.080447 2.073718 0.139605
v -0.076084 2.073239 0.135145
v -0.073283 2.073091 0.129552
v -0.072317 2.073287 0.123373
v -0.072317 2.084886 -0.076291
v -0.073283 2.085406 -0.082451
v -0.076084 2.086201 -0.087990
v -0.080447 2.087193 -0.092364
v -0.085945 2.088283 -0.095147
v -0.092039 2.089366 -0.096064
v -0.090314 2.085594 0.144121
v -0.084222 2.084612 0.143084
v -0.078726 2.083839 0.140193
v -0.074365 2.083352 0.135733
v -0.071564 2.083198 0.130139
v -0.070599 2.083392 0.123960
v -0.070599 2.094990 -0.075704
v -0.071564 2.095513 -0.081864
v -0.074365 2.096314 -0.087402
v -0.078726 2.097314 -0.091776
v -0.084222 2.098416 -0.094558
v -0.090314 2.099512 -0.095475
v -0.088595 2.095578 0.144701
v -0.082505 2.094583 0.143663
v -0.077011 2.093799 0.140772
v -0.072651 2.093302 0.136311
v -0.069852 2.093142 0.130717
v -0.068887 2.093334 0.124537
v -0.068887 2.104932 -0.075126
v -0.069852 2.105458 -0.081287
v -0.072651 2.106264 -0.086824
v -0.077011 2.107274 -0.091198
v -0.082505 2.108388 -0.093979
v -0.088595 2.109497 -0.094895
v -0.086881 2.105402 0.145272
v -0.080793 2.104393 0.144233
v -0.075302 2.103596 0.141341
v -0.070943 2.103090 0.136879
v -0.068145 2.102924 0.131285
v -0.067181 2.103113 0.125105
v -0.067181 2.114712 -0.074558
v -0.068145 2.115239 -0.080718
v -0.070943 2.116052 -0.086256
v -0.075302 2.117072 -0.090629
v -0.080793 2.118198 -0.093409
v -0.086881 2.119320 -0.094324
v -0.085172 2.115064 0.145833
v -0.079087 2.114041 0.144793
v -0.073598 2.113232 0.141901
v -0.069242 2.112715 0.137439
v -0.066445 2.112543 0.131844
v -0.065481 2.112730 0.125664
v -0.065481 2.124329 -0.074000
v -0.066445 2.124858 -0.080160
v -0.069242 2.125678 -0.085697
v -0.073598 2.126707 -0.090069
v -0.079087 2.127846 -0.092848
v -0.085172 2.128982 -0.093763
v -0.083470 2.124564 0.146385
v -0.077387 2.123527 0.145344
v -0.071900 2.122705 0.142451
v -0.067546 2.122178 0.137988
v -0.064750 2.121999 0.132393
v -0.063787 2.122184 0.126213
v -0.063787 2.133782 -0.073450
v -0.064750 2.134314 -0.079610
v -0.067546 2.135140 -0.085147
v -0.071900 2.136180 -0.089519
v -0.077387 2.137332 -0.092297
v -0.083470 2.138482 -0.093211
v -0.081773 2.133903 0.146928
v -0.075693 2.132851 0.145886
v -0.070208 2.132015 0.142992
v -0.065856 2.131478 0.138529
v -0.063061 2.131292 0.132933
v -0.062098 2.131475 0.126753
v -0.062098 2.143073 -0.072911
v -0.063061 2.143607 -0.079070
v -0.065856 2.144440 -0.084607
v -0.070208 2.145491 -0.088978
v -0.075693 2.146656 -0.091756
v -0.081773 2.147822 -0.092669
v -0.080081 2.143081 0.147461
v -0.074004 2.142014 0.146418
v -0.068522 2.141164 0.143523
v -0.064172 2.140616 0.139059
v -0.061379 2.140422 0.133463
v -0.060416 2.140603 0.127283
v -0.060416 2.152201 -0.072380
v -0.061379 2.152738 -0.078540
v -0.064172 2.153578 -0.084076
v -0.068522 2.154639 -0.088446
v -0.074004 2.155818 -0.091223
v -0.080081 2.156999 -0.092135
v -0.078395 2.152098 0.147985
v -0.072321 2.151014 0.146941
v -0.066842 2.150150 0.144045
v -0.062494 2.149590 0.139581
v -0.059702 2.149390 0.133984
v -0.058740 2.149567 0.127804
v -0.058740 2.161166 -0.071860
v -0.059702 2.161705 -0.078019
v -0.062494 2.162552 -0.083555
v -0.066842 2.163625 -0.087924
v -0.072321 2.164819 -0.090701
v -0.078395 2.166016 -0.091612
v -0.076715 2.160953 0.148499
v -0.070644 2.159853 0.147454
v -0.065168 2.158974 0.144558
v -0.060821 2.158402 0.140093
v -0.058031 2.158194 0.134496
v -0.057070 2.158369 0.128315
v -0.057070 2.169968 -0.071348
v -0.058031 2.170509 -0.077508
v -0.060821 2.171364 -0.083043
v -0.065168 2.172449 -0.087412
v -0.070644 2.173657 -0.090187
v -0.076715 2.174871 -0.091097
v -0.075040 2.169647 0.149004
v -0.069935 2.163533 0.147668
v -0.065330 2.158132 0.144509
v -0.061675 2.153972 0.139835
v -0.059328 2.151459 0.134104
v -0.058520 2.150840 0.127878
v -0.058520 2.162439 -0.071786
v -0.059328 2.163774 -0.077899
v -0.061675 2.166934 -0.083300
v -0.065330 2.171607 -0.087461
v -0.069935 2.177338 -0.089973
v -0.075040 2.183565 -0.090592
v -0.072632 2.169647 0.149004
v -0.077767 2.163533 0.147668
v -0.082398 2.158132 0.144509
v -0.086074 2.153972 0.139835
v -0.088434 2.151459 0.134104
v -0.089247 2.150840 0.127878
v -0.089247 2.162439 -0.071786
v -0.088434 2.163774 -0.077899
v -0.086074 2.166934 -0.083300
v -0.082398 2.171607 -0.087461
v -0.077767 2.177338 -0.089973
v -0.072632 2.183565 -0.090592
v -0.067625 2.142842 0.147447
v -0.073699 2.141763 0.146404
v -0.079180 2.140903 0.143508
v -0.083529 2.140347 0.139044
v -0.086321 2.140149 0.133447
v -0.087283 2.140327 0.127267
v -0.087283 2.151926 -0.072396
v -0.086321 2.152464 -0.078556
v -0.083529 2.153309 -0.084092
v -0.079180 2.154379 -0.088461
v -0.073699 2.155568 -0.091238
v -0.067625 2.156760 -0.092149
v -0.062767 2.117044 0.145948
v -0.068841 2.115957 0.144905
v -0.074319 2.115089 0.142009
v -0.078667 2.114527 0.137544
v -0.081459 2.114324 0.131947
v -0.082420 2.114501 0.125767
v -0.082420 2.126100 -0.073897
v -0.081459 2.126639 -0.080056
v -0.078667 2.127489 -0.085591
v -0.074319 2.128564 -0.089961
v -0.068841 2.129761 -0.092737
v -0.062767 2.130963 -0.093648
v -0.058061 2.092254 0.144508
v -0.064132 2.091157 0.143464
v -0.069609 2.090281 0.140567
v -0.073956 2.089711 0.136102
v -0.076746 2.089504 0.130505
v -0.077708 2.089679 0.124325
v -0.077708 2.101278 -0.075339
v -0.076746 2.101819 -0.081498
v -0.073956 2.102673 -0.087033
v -0.069609 2.103756 -0.091402
v -0.064132 2.104961 -0.094178
v -0.058061 2.106172 -0.095088
v -0.053504 2.068470 0.143127
v -0.059574 2.067363 0.142082
v -0.065049 2.066477 0.139185
v -0.069394 2.065900 0.134719
v -0.072184 2.065688 0.129122
v -0.073145 2.065862 0.122941
v -0.073145 2.077461 -0.076722
v -0.072184 2.078004 -0.082881
v -0.069394 2.078862 -0.088416
v -0.065049 2.079952 -0.092785
v -0.059574 2.081168 -0.095560
v -0.053504 2.082389 -0.096470
v -0.049099 2.045694 0.141803
v -0.055166 2.044575 0.140758
v -0.060639 2.043679 0.137860
v -0.064983 2.043094 0.133394
v -0.067771 2.042877 0.127797
v -0.068732 2.043049 0.121616
v -0.068732 2.054648 -0.078047
v -0.067771 2.055192 -0.084206
v -0.064983 2.056056 -0.089741
v -0.060639 2.057155 -0.094109
v -0.055166 2.058380 -0.096884
v -0.049099 2.059613 -0.097793
v -0.044843 2.023925 0.140539
v -0.050908 2.022794 0.139493
v -0.056379 2.021887 0.136594
v -0.060721 2.021292 0.132128
v -0.063508 2.021070 0.126530
v -0.064469 2.021240 0.120349
v -0.064469 2.032838 -0.079314
v -0.063508 2.033385 -0.085473
v -0.060721 2.034255 -0.091008
v -0.056379 2.035362 -0.095375
v -0.050908 2.036598 -0.098149
v -0.044843 2.037843 -0.099057
v -0.040739 2.003163 0.139333
v -0.046801 2.002018 0.138286
v -0.052269 2.001098 0.135387
v -0.056609 2.000494 0.130920
v -0.059395 2.000265 0.125322
v -0.060355 2.000433 0.119141
v -0.060355 2.012032 -0.080523
v -0.059395 2.012581 -0.086682
v -0.056609 2.013457 -0.092216
v -0.052269 2.014574 -0.096583
v -0.046801 2.015823 -0.099356
v -0.040739 2.017081 -0.100263
v -0.036784 1.983408 0.138185
v -0.042843 1.982248 0.137137
v -0.048309 1.981315 0.134238
v -0.052647 1.980700 0.129770
v -0.055432 1.980464 0.124171
v -0.056391 1.980630 0.117990
v -0.056391 1.992228 -0.081673
v -0.055432 1.992779 -0.087832
v -0.052647 1.993662 -0.093366
v -0.048309 1.994790 -0.097732
v -0.042843 1.996053 -0.100504
v -0.036784 1.997326 -0.101411
v -0.032980 1.964660 0.137096
v -0.039036 1.963483 0.136047
v -0.044499 1.962535 0.133147
v -0.048834 1.961908 0.128678
v -0.051618 1.961665 0.123079
v -0.052577 1.961828 0.116898
v -0.052577 1.973426 -0.082766
v -0.051618 1.973980 -0.088924
v -0.048834 1.974870 -0.094457
v -0.044499 1.976010 -0.098823
v -0.039036 1.977288 -0.101594
v -0.032980 1.978578 -0.102500
v -0.029327 1.946919 0.136066
v -0.035379 1.945724 0.135016
v -0.040838 1.944759 0.132114
v -0.045171 1.944119 0.127645
v -0.047952 1.943866 0.122045
v -0.048911 1.944027 0.115864
v -0.048911 1.955625 -0.083800
v -0.047952 1.956182 -0.089958
v -0.045171 1.957081 -0.095491
v -0.040838 1.958234 -0.099856
v -0.035379 1.959528 -0.102626
v -0.029327 1.960837 -0.103531
v -0.025824 1.930185 0.135093
v -0.031872 1.928969 0.134042
v -0.037327 1.927985 0.131140
v -0.041656 1.927330 0.126669
v -0.044436 1.927068 0.121069
v -0.045394 1.927225 0.114888
v -0.045394 1.938824 -0.084776
v -0.044436 1.939384 -0.090934
v -0.041656 1.940292 -0.096466
v -0.037327 1.941460 -0.100830
v -0.031872 1.942774 -0.103599
v -0.025824 1.944104 -0.104503
v -0.022472 1.914459 0.134180
v -0.028517 1.913234 0.133128
v -0.033971 1.912242 0.130225
v -0.038299 1.911581 0.125755
v -0.041078 1.911315 0.120154
v -0.042035 1.911471 0.113973
v -0.042035 1.923069 -0.085691
v -0.041078 1.923630 -0.091849
v -0.038299 1.924543 -0.097381
v -0.033971 1.925717 -0.101745
v -0.028517 1.927038 -0.104513
v -0.022472 1.928377 -0.105416
v 0.030096 1.666883 0.119798
v 0.025089 1.660769 0.118462
v 0.020571 1.655368 0.115303
v 0.016986 1.651208 0.110629
v 0.014685 1.648695 0.104899
v 0.013891 1.648076 0.098672
v 0.013891 1.659675 -0.100992
v 0.014685 1.661010 -0.107105
v 0.016986 1.664170 -0.112506
v 0.020571 1.668843 -0.116667
v 0.025089 1.674574 -0.119179
v 0.030096 1.680801 -0.119798
v 0.065409 1.666883 0.119798
v 0.073029 1.660769 0.118462
v 0.079903 1.655368 0.115303
v 0.085358 1.651208 0.110629
v 0.088861 1.648695 0.104899
v 0.090068 1.648076 0.098672
v 0.090068 1.659675 -0.100992
v 0.088861 1.661010 -0.107105
v 0.085358 1.664170 -0.112506
v 0.079903 1.668843 -0.116667
v 0.073029 1.674574 -0.119179
v 0.065409 1.680801 -0.119798
v -0.871990 1.666883 0.119798
v -0.876758 1.660769 0.118462
v -0.881058 1.655368 0.115303
v -0.884471 1.651208 0.110629
v -0.886663 1.648695 0.104899
v -0.887418 1.648076 0.098672
v -0.887418 1.659675 -0.100992
v -0.886663 1.661010 -0.107105
v -0.884471 1.664170 -0.112506
v -0.881058 1.668843 -0.116667
v -0.876758 1.674574 -0.119179
v -0.871990 1.680801 -0.119798
v -0.577849 1.666883 0.119798
v -0.570268 1.660769 0.118462
v -0.563429 1.655368 0.115303
v -0.558002 1.651208 0.110629
v -0.554517 1.648695 0.104899
v -0.553317 1.648076 0.098672
v -0.553317 1.659675 -0.100992
v -0.554517 1.661010 -0.107105
v -0.558002 1.664170 -0.112506
v -0.563429 1.668843 -0.116667
v -0.570268 1.674574 -0.119179
v -0.577849 1.680801 -0.119798
v -0.688202 2.202497 0.150912
v -0.683164 2.208723 0.150293
v -0.678618 2.214454 0.147781
v -0.675011 2.219128 0.143620
v -0.672695 2.222287 0.138219
v -0.671897 2.223623 0.132106
v -0.671897 2.235221 -0.067558
v -0.672695 2.234602 -0.073784
v -0.675011 2.232090 -0.079515
v -0.678618 2.227929 -0.084189
v -0.683164 2.222528 -0.087348
v -0.688202 2.216415 -0.088684
v -0.969904 2.202497 0.150912
v -0.977629 2.208723 0.150293
v -0.984598 2.214454 0.147781
v -0.990129 2.219128 0.143620
v -0.993680 2.222287 0.138219
v -0.994904 2.223623 0.132106
v -0.994904 2.235221 -0.067558
v -0.993680 2.234602 -0.073784
v -0.990129 2.232090 -0.079515
v -0.984598 2.227929 -0.084189
v -0.977629 2.222528 -0.087348
v -0.969904 2.216415 -0.088684
v -0.962681 2.170448 0.149050
v -0.967625 2.164335 0.147715
v -0.972085 2.158933 0.144555
v -0.975625 2.154773 0.139882
v -0.977898 2.152260 0.134151
v -0.978681 2.151641 0.127924
v -0.978681 2.163240 -0.071739
v -0.977898 2.164576 -0.077852
v -0.975625 2.167735 -0.083254
v -0.972085 2.172409 -0.087414
v -0.967625 2.178139 -0.089927
v -0.962681 2.184366 -0.090546
v -0.718298 2.170448 0.149050
v -0.723332 2.164335 0.147715
v -0.727872 2.158933 0.144555
v -0.731476 2.154773 0.139882
v -0.733789 2.152260 0.134151
v -0.734586 2.151641 0.127924
v -0.734586 2.163240 -0.071739
v -0.733789 2.164576 -0.077852
v -0.731476 2.167735 -0.083254
v -0.727872 2.172409 -0.087414
v -0.723332 2.178139 -0.089927
v -0.718298 2.184366 -0.090546
v -0.674157 1.957324 0.136670
v -0.681746 1.963551 0.136051
v -0.688592 1.969281 0.133538
v -0.694025 1.973955 0.129378
v -0.697514 1.977114 0.123977
v -0.698716 1.978450 0.117863
v -0.698716 1.990049 -0.081800
v -0.697514 1.989430 -0.088027
v -0.694025 1.986917 -0.093757
v -0.688592 1.982757 -0.098431
v -0.681746 1.977355 -0.101590
v -0.674157 1.971242 -0.102926
v -0.900080 1.957324 0.136670
v -0.907619 1.963551 0.136051
v -0.914420 1.969281 0.133538
v -0.919817 1.973955 0.129378
v -0.923282 1.977114 0.123977
v -0.924476 1.978450 0.117863
v -0.924476 1.990049 -0.081800
v -0.923282 1.989430 -0.088027
v -0.919817 1.986917 -0.093757
v -0.914420 1.982757 -0.098431
v -0.907619 1.977355 -0.101590
v -0.900080 1.971242 -0.102926
v -0.893660 1.925275 0.134808
v -0.898726 1.919162 0.133473
v -0.903297 1.913761 0.130313
v -0.906924 1.909600 0.125639
v -0.909253 1.907088 0.119909
v -0.910056 1.906469 0.113682
v -0.910056 1.918067 -0.085981
v -0.909253 1.919403 -0.092095
v -0.906924 1.922562 -0.097496
v -0.903297 1.927236 -0.101656
v -0.898726 1.932967 -0.104169
v -0.893660 1.939193 -0.104788
v -0.666533 1.925275 0.134808
v -0.671591 1.919162 0.133473
v -0.676154 1.913761 0.130313
v -0.679775 1.909600 0.125639
v -0.682099 1.907088 0.119909
v -0.682901 1.906469 0.113682
v -0.682901 1.918067 -0.085981
v -0.682099 1.919403 -0.092095
v -0.679775 1.922562 -0.097496
v -0.676154 1.927236 -0.101656
v -0.671591 1.932967 -0.104169
v -0.666533 1.939193 -0.104788
v -0.620786 1.698931 0.121660
v -0.628338 1.705158 0.121041
v -0.635151 1.710889 0.118528
v -0.640558 1.715562 0.114368
v -0.644029 1.718722 0.108966
v -0.645225 1.720057 0.102853
v -0.645225 1.731656 -0.096810
v -0.644029 1.731037 -0.103037
v -0.640558 1.728525 -0.108768
v -0.635151 1.724364 -0.113441
v -0.628338 1.718963 -0.116601
v -0.620786 1.712850 -0.117936
v -0.880417 1.698931 0.121660
v -0.888429 1.705158 0.121041
v -0.895657 1.710889 0.118528
v -0.901393 1.715562 0.114368
v -0.905076 1.718722 0.108966
v -0.906345 1.720057 0.102853
v -0.906345 1.731656 -0.096810
v -0.905076 1.731037 -0.103037
v -0.901393 1.728525 -0.108768
v -0.895657 1.724364 -0.113441
v -0.888429 1.718963 -0.116601
v -0.880417 1.712850 -0.117936
vn -0.0000 0.0580 -0.9983
vn -0.0001 0.0580 -0.9983
vn -0.0000 -0.0580 0.9983
vn -0.0001 -0.0580 0.9983
vn 0.2676 -0.2136 0.9396
vn 0.1384 -0.1299 0.9818
vn 0.1345 -0.1369 0.9814
vn 0.5068 -0.3470 0.7891
vn 0.2756 -0.1997 0.9403
vn 0.6964 -0.4465 0.5618
vn 0.5217 -0.3207 0.7906
vn 0.8181 -0.5025 0.2797
vn 0.7168 -0.4103 0.5638
vn 0.8574 -0.5124 0.0488
vn 0.8420 -0.4598 0.2821
vn 0.8824 -0.4586 -0.1052
vn 0.8574 -0.5033 -0.1078
vn 0.8420 -0.4241 -0.3335
vn 0.8181 -0.4667 -0.3360
vn 0.7168 -0.3422 -0.6075
vn 0.6964 -0.3785 -0.6097
vn 0.5217 -0.2270 -0.8224
vn 0.5068 -0.2533 -0.8240
vn 0.2756 -0.0895 -0.9571
vn 0.2676 -0.1034 -0.9580
vn 0.1384 -0.0154 -0.9903
vn 0.1345 -0.0224 -0.9907
vn 0.2828 -0.1850 0.9412
vn 0.5354 -0.2928 0.7922
vn 0.7357 -0.3719 0.5661
vn 0.8642 -0.4148 0.2848
vn 0.9057 -0.4205 0.0541
vn 0.8824 -0.4677 0.0513
vn 0.9057 -0.4114 -0.1024
vn 0.8642 -0.3790 -0.3309
vn 0.7357 -0.3039 -0.6053
vn 0.5354 -0.1991 -0.8208
vn 0.2828 -0.0748 -0.9563
vn 0.2890 -0.1703 0.9421
vn 0.1421 -0.1225 0.9822
vn 0.5473 -0.2649 0.7939
vn 0.7521 -0.3337 0.5683
vn 0.8835 -0.3699 0.2874
vn 0.9259 -0.3735 0.0568
vn 0.9259 -0.3644 -0.0997
vn 0.8835 -0.3341 -0.3283
vn 0.7521 -0.2656 -0.6031
vn 0.5473 -0.1712 -0.8192
vn 0.1421 -0.0080 -0.9898
vn 0.2890 -0.0601 -0.9554
vn 0.2944 -0.1557 0.9429
vn 0.1452 -0.1152 0.9827
vn 0.5575 -0.2374 0.7955
vn 0.7661 -0.2959 0.5705
vn 0.9000 -0.3255 0.2900
vn 0.9432 -0.3270 0.0595
vn 0.9432 -0.3179 -0.0970
vn 0.9000 -0.2898 -0.3257
vn 0.7661 -0.2279 -0.6010
vn 0.5575 -0.1437 -0.8177
vn 0.1452 -0.0006 -0.9894
vn 0.2944 -0.0455 -0.9546
vn 0.2988 -0.1415 0.9438
vn 0.1480 -0.1079 0.9831
vn 0.5660 -0.2105 0.7971
vn 0.7778 -0.2589 0.5727
vn 0.9137 -0.2820 0.2925
vn 0.9576 -0.2813 0.0622
vn 0.9576 -0.2723 -0.0943
vn 0.9137 -0.2462 -0.3232
vn 0.7778 -0.1908 -0.5988
vn 0.5660 -0.1167 -0.8161
vn 0.1480 0.0067 -0.9890
vn 0.2988 -0.0313 -0.9538
vn 0.3024 -0.1276 0.9446
vn 0.1502 -0.1007 0.9835
vn 0.5729 -0.1842 0.7987
vn 0.7873 -0.2228 0.5749
vn 0.9250 -0.2396 0.2950
vn 0.9694 -0.2369 0.0648
vn 0.9694 -0.2278 -0.0918
vn 0.9250 -0.2038 -0.3208
vn 0.7873 -0.1547 -0.5968
vn 0.5729 -0.0905 -0.8146
vn 0.1502 0.0139 -0.9886
vn 0.3024 -0.0174 -0.9530
vn 0.3052 -0.1142 0.9454
vn 0.1521 -0.0937 0.9839
vn 0.5783 -0.1588 0.8002
vn 0.7949 -0.1878 0.5769
vn 0.9339 -0.1986 0.2974
vn 0.9787 -0.1939 0.0673
vn 0.9787 -0.1848 -0.0893
vn 0.9339 -0.1628 -0.3184
vn 0.7949 -0.1198 -0.5948
vn 0.5783 -0.0650 -0.8132
vn 0.1521 0.0208 -0.9881
vn 0.3052 -0.0039 -0.9523
vn 0.3074 -0.1013 0.9462
vn 0.1535 -0.0870 0.9843
vn 0.5825 -0.1343 0.8017
vn 0.8007 -0.1542 0.5789
vn 0.9407 -0.1591 0.2997
vn 0.9858 -0.1525 0.0697
vn 0.9858 -0.1434 -0.0869
vn 0.9407 -0.1233 -0.3162
vn 0.8007 -0.0861 -0.5929
vn 0.5825 -0.0406 -0.8118
vn 0.1535 0.0276 -0.9878
vn 0.3074 0.0090 -0.9516
vn 0.3089 -0.0889 0.9469
vn 0.1547 -0.0805 0.9847
vn 0.5855 -0.1109 0.8031
vn 0.8048 -0.1220 0.5808
vn 0.9456 -0.1212 0.3020
vn 0.9910 -0.1129 0.0720
vn 0.9910 -0.1038 -0.0846
vn 0.9456 -0.0855 -0.3140
vn 0.8048 -0.0539 -0.5910
vn 0.5855 -0.0171 -0.8105
vn 0.1547 0.0341 -0.9874
vn 0.3089 0.0214 -0.9509
vn 0.3099 -0.0771 0.9477
vn 0.1555 -0.0743 0.9850
vn 0.5875 -0.0885 0.8044
vn 0.8076 -0.0913 0.5827
vn 0.9488 -0.0851 0.3041
vn 0.9944 -0.0750 0.0742
vn 0.9944 -0.0659 -0.0824
vn 0.9488 -0.0493 -0.3119
vn 0.8076 -0.0232 -0.5893
vn 0.5875 0.0053 -0.8092
vn 0.1555 0.0403 -0.9870
vn 0.3099 0.0332 -0.9502
vn 0.3104 -0.0658 0.9483
vn 0.1560 -0.0683 0.9854
vn 0.5885 -0.0672 0.8057
vn 0.8091 -0.0620 0.5844
vn 0.9506 -0.0507 0.3061
vn 0.9963 -0.0390 0.0763
vn 0.9963 -0.0299 -0.0803
vn 0.9506 -0.0149 -0.3099
vn 0.8091 0.0061 -0.5876
vn 0.5885 0.0265 -0.8080
vn 0.1560 0.0462 -0.9867
vn 0.3104 0.0444 -0.9496
vn 0.3105 -0.0550 0.9490
vn 0.1563 -0.0627 0.9857
vn 0.5889 -0.0467 0.8069
vn 0.8096 -0.0338 0.5860
vn 0.9512 -0.0176 0.3080
vn 0.9969 -0.0043 0.0783
vn 0.9969 0.0048 -0.0782
vn 0.9512 0.0182 -0.3080
vn 0.8096 0.0343 -0.5860
vn 0.5889 0.0470 -0.8069
vn 0.1563 0.0519 -0.9863
vn 0.3105 0.0552 -0.9490
vn 0.1563 -0.0518 0.9863
vn 0.1564 -0.0572 0.9860
vn 0.3103 -0.0443 0.9496
vn 0.5885 -0.0264 0.8081
vn 0.8091 -0.0059 0.5877
vn 0.9506 0.0152 0.3100
vn 0.9963 0.0392 -0.0763
vn 0.9506 0.0510 -0.3061
vn 0.8091 0.0622 -0.5844
vn 0.5885 0.0674 -0.8057
vn 0.3103 0.0659 -0.9483
vn 0.1563 0.0627 -0.9857
vn 0.1564 0.0573 -0.9860
vn 0.3098 -0.0337 0.9502
vn 0.5874 -0.0062 0.8093
vn 0.8076 0.0219 0.5893
vn 0.9489 0.0478 0.3119
vn 0.9945 0.0643 0.0823
vn 0.9963 0.0301 0.0803
vn 0.9945 0.0734 -0.0743
vn 0.9489 0.0836 -0.3042
vn 0.8076 0.0900 -0.5828
vn 0.5874 0.0876 -0.8045
vn 0.3098 0.0766 -0.9477
vn 0.3088 -0.0232 0.9508
vn 0.1560 -0.0465 0.9867
vn 0.5857 0.0137 0.8104
vn 0.8053 0.0492 0.5909
vn 0.9461 0.0799 0.3137
vn 0.9916 0.0979 0.0842
vn 0.9916 0.1070 -0.0723
vn 0.9461 0.1157 -0.3024
vn 0.8053 0.1173 -0.5812
vn 0.5857 0.1074 -0.8034
vn 0.1560 0.0681 -0.9854
vn 0.3088 0.0870 -0.9471
vn 0.3076 -0.0130 0.9514
vn 0.1556 -0.0412 0.9870
vn 0.5833 0.0330 0.8116
vn 0.8020 0.0758 0.5925
vn 0.9424 0.1112 0.3156
vn 0.9877 0.1308 0.0861
vn 0.9877 0.1399 -0.0704
vn 0.9424 0.1470 -0.3006
vn 0.8020 0.1439 -0.5797
vn 0.5833 0.1268 -0.8023
vn 0.1556 0.0734 -0.9851
vn 0.3076 0.0973 -0.9465
vn 0.3060 -0.0030 0.9520
vn 0.1550 -0.0360 0.9873
vn 0.5804 0.0520 0.8127
vn 0.7980 0.1019 0.5940
vn 0.9377 0.1418 0.3173
vn 0.9827 0.1628 0.0880
vn 0.9827 0.1719 -0.0686
vn 0.9377 0.1776 -0.2988
vn 0.7980 0.1699 -0.5782
vn 0.5804 0.1457 -0.8012
vn 0.1550 0.0785 -0.9848
vn 0.3060 0.1072 -0.9460
vn 0.3042 0.0067 0.9526
vn 0.1542 -0.0310 0.9876
vn 0.5769 0.0704 0.8138
vn 0.7933 0.1272 0.5955
vn 0.9321 0.1715 0.3191
vn 0.9769 0.1940 0.0898
vn 0.9769 0.2031 -0.0667
vn 0.9321 0.2073 -0.2971
vn 0.7933 0.1952 -0.5767
vn 0.5769 0.1641 -0.8001
vn 0.1542 0.0835 -0.9845
vn 0.3042 0.1169 -0.9454
vn 0.3021 0.0161 0.9532
vn 0.1533 -0.0261 0.9878
vn 0.5730 0.0882 0.8148
vn 0.7878 0.1517 0.5969
vn 0.9257 0.2004 0.3208
vn 0.9702 0.2242 0.0916
vn 0.9702 0.2333 -0.0650
vn 0.9257 0.2362 -0.2954
vn 0.7878 0.2198 -0.5753
vn 0.5730 0.1820 -0.7991
vn 0.1533 0.0884 -0.9842
vn 0.3021 0.1263 -0.9449
vn 0.2997 0.0252 0.9537
vn 0.1522 -0.0214 0.9881
vn 0.5686 0.1055 0.8158
vn 0.7818 0.1754 0.5983
vn 0.9187 0.2283 0.3224
vn 0.9628 0.2534 0.0933
vn 0.9628 0.2625 -0.0633
vn 0.9187 0.2640 -0.2938
vn 0.7818 0.2435 -0.5740
vn 0.5686 0.1992 -0.7981
vn 0.1522 0.0932 -0.9839
vn 0.2997 0.1354 -0.9444
vn 0.2972 0.0340 0.9542
vn 0.1511 -0.0168 0.9884
vn 0.5638 0.1221 0.8168
vn 0.7753 0.1984 0.5996
vn 0.9110 0.2552 0.3240
vn 0.9548 0.2817 0.0949
vn 0.9548 0.2908 -0.0617
vn 0.9110 0.2910 -0.2922
vn 0.7753 0.2665 -0.5726
vn 0.5638 0.2159 -0.7972
vn 0.1511 0.0978 -0.9837
vn 0.2972 0.1442 -0.9439
vn 0.2945 0.0424 0.9547
vn 0.1498 -0.0124 0.9886
vn 0.5587 0.1382 0.8178
vn 0.7683 0.2204 0.6009
vn 0.9028 0.2811 0.3255
vn 0.9462 0.3089 0.0965
vn 0.9462 0.3180 -0.0601
vn 0.9028 0.3169 -0.2907
vn 0.7683 0.2885 -0.5714
vn 0.5587 0.2320 -0.7963
vn 0.1498 0.1022 -0.9834
vn 0.2945 0.1527 -0.9434
vn 0.2916 0.0505 0.9552
vn 0.1485 -0.0081 0.9889
vn 0.5533 0.1536 0.8187
vn 0.7609 0.2417 0.6022
vn 0.8941 0.3061 0.3269
vn 0.9371 0.3350 0.0980
vn 0.9371 0.3441 -0.0586
vn 0.8941 0.3419 -0.2893
vn 0.7609 0.3098 -0.5702
vn 0.5533 0.2474 -0.7954
vn 0.1485 0.1065 -0.9832
vn 0.2916 0.1608 -0.9429
vn 0.1453 0.0006 0.9894
vn 0.1470 -0.0040 0.9891
vn 0.2884 0.0598 0.9556
vn 0.5469 0.1711 0.8195
vn 0.7519 0.2656 0.6034
vn 0.8834 0.3342 0.3285
vn 0.9259 0.3735 -0.0568
vn 0.8834 0.3700 -0.2876
vn 0.7519 0.3337 -0.5686
vn 0.5469 0.2648 -0.7942
vn 0.2884 0.1701 -0.9423
vn 0.1453 0.1152 -0.9827
vn 0.1470 0.1106 -0.9829
vn 0.1428 0.0064 0.9897
vn 0.2839 0.0716 0.9562
vn 0.5379 0.1932 0.8206
vn 0.7392 0.2959 0.6050
vn 0.9259 0.3644 0.0997
vn 0.8684 0.3697 0.3304
vn 0.9101 0.4108 -0.0547
vn 0.8684 0.4055 -0.2854
vn 0.7392 0.3640 -0.5667
vn 0.5379 0.2869 -0.7927
vn 0.2839 0.1818 -0.9415
vn 0.1428 0.1210 -0.9823
vn 0.1397 0.0129 0.9901
vn 0.2778 0.0844 0.9569
vn 0.5264 0.2174 0.8220
vn 0.7234 0.3292 0.6069
vn 0.9101 0.4017 0.1019
vn 0.8498 0.4088 0.3327
vn 0.8906 0.4517 -0.0523
vn 0.8498 0.4446 -0.2831
vn 0.7234 0.3972 -0.5647
vn 0.5264 0.3111 -0.7913
vn 0.2778 0.1946 -0.9407
vn 0.1397 0.1274 -0.9820
vn 0.1364 0.0192 0.9905
vn 0.2712 0.0969 0.9576
vn 0.5137 0.2412 0.8234
vn 0.7060 0.3619 0.6088
vn 0.8906 0.4426 0.1042
vn 0.8294 0.4472 0.3349
vn 0.8692 0.4920 -0.0499
vn 0.8294 0.4830 -0.2809
vn 0.7060 0.4299 -0.5628
vn 0.5137 0.3349 -0.7899
vn 0.2712 0.2072 -0.9400
vn 0.1364 0.1337 -0.9816
vn 0.2639 0.1092 0.9584
vn 0.4999 0.2644 0.8247
vn 0.6871 0.3938 0.6107
vn 0.8692 0.4829 0.1066
vn 0.8071 0.4847 0.3371
vn 0.8459 0.5312 -0.0477
vn 0.8071 0.5204 -0.2787
vn 0.6871 0.4618 -0.5610
vn 0.4999 0.3581 -0.7886
vn 0.2639 0.2194 -0.9393
vn 0.2561 0.1211 0.9590
vn 0.1327 0.0253 0.9908
vn 0.4851 0.2869 0.8260
vn 0.6667 0.4247 0.6125
vn 0.7833 0.5210 0.3392
vn 0.8209 0.5602 0.1111
vn 0.8459 0.5221 0.1089
vn 0.8209 0.5693 -0.0454
vn 0.7833 0.5568 -0.2766
vn 0.6667 0.4927 -0.5592
vn 0.4851 0.3806 -0.7873
vn 0.1327 0.1399 -0.9812
vn 0.2561 0.2313 -0.9386
vn 0.2478 0.1325 0.9597
vn 0.1288 0.0313 0.9912
vn 0.4694 0.3086 0.8273
vn 0.6452 0.4544 0.6142
vn 0.7579 0.5560 0.3412
vn 0.7943 0.5969 0.1132
vn 0.7943 0.6060 -0.0433
vn 0.7579 0.5917 -0.2746
vn 0.6452 0.5225 -0.5574
vn 0.4694 0.4023 -0.7860
vn 0.1288 0.1459 -0.9809
vn 0.2478 0.2427 -0.9379
vn 0.2391 0.1434 0.9604
vn 0.1246 0.0371 0.9915
vn 0.4529 0.3293 0.8285
vn 0.6225 0.4829 0.6159
vn 0.7313 0.5894 0.3432
vn 0.7664 0.6319 0.1152
vn 0.7664 0.6410 -0.0413
vn 0.7313 0.6252 -0.2726
vn 0.6225 0.5510 -0.5558
vn 0.4529 0.4230 -0.7848
vn 0.1246 0.1516 -0.9806
vn 0.2391 0.2536 -0.9373
vn 0.2300 0.1538 0.9610
vn 0.1202 0.0426 0.9918
vn 0.4358 0.3489 0.8297
vn 0.5990 0.5099 0.6174
vn 0.7037 0.6211 0.3450
vn 0.7375 0.6652 0.1172
vn 0.7375 0.6743 -0.0394
vn 0.7037 0.6569 -0.2708
vn 0.5990 0.5780 -0.5543
vn 0.4358 0.4426 -0.7837
vn 0.1202 0.1571 -0.9802
vn 0.2300 0.2640 -0.9367
vn 0.2207 0.1635 0.9615
vn 0.1157 0.0478 0.9921
vn 0.4181 0.3674 0.8308
vn 0.5747 0.5354 0.6189
vn 0.6752 0.6511 0.3468
vn 0.7076 0.6965 0.1190
vn 0.7076 0.7056 -0.0375
vn 0.6752 0.6868 -0.2691
vn 0.5747 0.6034 -0.5528
vn 0.4181 0.4611 -0.7826
vn 0.1157 0.1623 -0.9799
vn 0.2207 0.2737 -0.9361
vn 0.2111 0.1726 0.9621
vn 0.1110 0.0527 0.9924
vn 0.4001 0.3848 0.8318
vn 0.5499 0.5592 0.6204
vn 0.6461 0.6791 0.3484
vn 0.6771 0.7259 0.1207
vn 0.6771 0.7350 -0.0358
vn 0.6461 0.7149 -0.2675
vn 0.5499 0.6273 -0.5514
vn 0.4001 0.4785 -0.7816
vn 0.1110 0.1673 -0.9796
vn 0.2111 0.2829 -0.9356
vn 0.2015 0.1812 0.9626
vn 0.1062 0.0573 0.9927
vn 0.3818 0.4009 0.8328
vn 0.5248 0.5815 0.6217
vn 0.6166 0.7052 0.3500
vn 0.6462 0.7533 0.1223
vn 0.6462 0.7624 -0.0342
vn 0.6166 0.7410 -0.2659
vn 0.5248 0.6496 -0.5501
vn 0.3818 0.4947 -0.7807
vn 0.1062 0.1719 -0.9794
vn 0.2015 0.2914 -0.9351
vn 0.0957 0.0662 0.9932
vn 0.1014 0.0616 0.9929
vn 0.1905 0.1906 0.9630
vn 0.3607 0.4184 0.8335
vn 0.4957 0.6053 0.6228
vn 0.5823 0.7331 0.3514
vn 0.6102 0.7916 -0.0325
vn 0.5823 0.7689 -0.2642
vn 0.4957 0.6733 -0.5486
vn 0.3607 0.5121 -0.7795
vn 0.1905 0.3008 -0.9344
vn 0.0957 0.1807 -0.9789
vn 0.1014 0.1762 -0.9791
vn 0.0884 0.0715 0.9935
vn 0.1762 0.2016 0.9635
vn 0.3333 0.4388 0.8345
vn 0.4578 0.6331 0.6242
vn 0.6102 0.7825 0.1240
vn 0.5377 0.7656 0.3532
vn 0.5634 0.8256 -0.0305
vn 0.5377 0.8014 -0.2622
vn 0.4578 0.7011 -0.5467
vn 0.3333 0.5325 -0.7781
vn 0.1762 0.3119 -0.9337
vn 0.0884 0.1861 -0.9786
vn 0.1595 0.2123 0.9641
vn 0.3016 0.4590 0.8357
vn 0.4143 0.6608 0.6258
vn 0.4866 0.7982 0.3551
vn 0.5099 0.8506 0.1279
vn 0.5634 0.8165 0.1259
vn 0.5099 0.8597 -0.0286
vn 0.4866 0.8339 -0.2603
vn 0.4143 0.7288 -0.5451
vn 0.3016 0.5527 -0.7769
vn 0.1595 0.3225 -0.9330
vn 0.1423 0.2217 0.9647
vn 0.0800 0.0769 0.9938
vn 0.2692 0.4769 0.8367
vn 0.3697 0.6854 0.6273
vn 0.4343 0.8271 0.3568
vn 0.4551 0.8810 0.1297
vn 0.4551 0.8900 -0.0268
vn 0.4343 0.8629 -0.2586
vn 0.3697 0.7534 -0.5437
vn 0.2692 0.5706 -0.7759
vn 0.0800 0.1914 -0.9782
vn 0.1423 0.3320 -0.9325
vn 0.1249 0.2299 0.9652
vn 0.0714 0.0816 0.9941
vn 0.2363 0.4924 0.8377
vn 0.3247 0.7067 0.6286
vn 0.3813 0.8522 0.3583
vn 0.3996 0.9072 0.1312
vn 0.3996 0.9163 -0.0253
vn 0.3813 0.8879 -0.2572
vn 0.3247 0.7748 -0.5425
vn 0.2363 0.5861 -0.7750
vn 0.0714 0.1962 -0.9780
vn 0.1249 0.3401 -0.9320
vn 0.1076 0.2368 0.9656
vn 0.0627 0.0857 0.9943
vn 0.2036 0.5055 0.8385
vn 0.2797 0.7248 0.6296
vn 0.3285 0.8734 0.3595
vn 0.3443 0.9295 0.1325
vn 0.3443 0.9386 -0.0240
vn 0.3285 0.9092 -0.2560
vn 0.2797 0.7928 -0.5415
vn 0.2036 0.5992 -0.7743
vn 0.0627 0.2003 -0.9777
vn 0.1076 0.3470 -0.9317
vn 0.0905 0.2424 0.9659
vn 0.0540 0.0892 0.9945
vn 0.1712 0.5163 0.8391
vn 0.2353 0.7396 0.6305
vn 0.2763 0.8909 0.3606
vn 0.2896 0.9478 0.1336
vn 0.2896 0.9569 -0.0229
vn 0.2763 0.9266 -0.2550
vn 0.2353 0.8077 -0.5407
vn 0.1712 0.6100 -0.7737
vn 0.0540 0.2038 -0.9775
vn 0.0905 0.3526 -0.9314
vn 0.0738 0.2469 0.9662
vn 0.0454 0.0921 0.9947
vn 0.1396 0.5248 0.8397
vn 0.1919 0.7514 0.6313
vn 0.2254 0.9048 0.3614
vn 0.2362 0.9624 0.1344
vn 0.2362 0.9715 -0.0221
vn 0.2254 0.9405 -0.2542
vn 0.1919 0.8195 -0.5400
vn 0.1396 0.6185 -0.7733
vn 0.0454 0.2067 -0.9774
vn 0.0738 0.3571 -0.9311
vn 0.0576 0.2502 0.9665
vn 0.0371 0.0944 0.9948
vn 0.1091 0.5313 0.8401
vn 0.1499 0.7605 0.6319
vn 0.1761 0.9154 0.3621
vn 0.1845 0.9735 0.1351
vn 0.1845 0.9826 -0.0214
vn 0.1761 0.9511 -0.2536
vn 0.1499 0.8285 -0.5396
vn 0.1091 0.6250 -0.7729
vn 0.0371 0.2089 -0.9772
vn 0.0576 0.3605 -0.9310
vn 0.0421 0.2526 0.9666
vn 0.0289 0.0961 0.9949
vn 0.0797 0.5360 0.8404
vn 0.1096 0.7670 0.6323
vn 0.1287 0.9230 0.3625
vn 0.1349 0.9815 0.1355
vn 0.1349 0.9906 -0.0210
vn 0.1287 0.9588 -0.2532
vn 0.1096 0.8350 -0.5392
vn 0.0797 0.6297 -0.7727
vn 0.0289 0.2107 -0.9771
vn 0.0421 0.3629 -0.9309
vn 0.0273 0.2542 0.9668
vn 0.0212 0.0974 0.9950
vn 0.0518 0.5391 0.8407
vn 0.0711 0.7712 0.6326
vn 0.0836 0.9281 0.3628
vn 0.0876 0.9869 0.1358
vn 0.0876 0.9959 -0.0207
vn 0.0836 0.9639 -0.2529
vn 0.0711 0.8393 -0.5390
vn 0.0518 0.6328 -0.7726
vn 0.0212 0.2120 -0.9770
vn 0.0273 0.3644 -0.9308
vn 0.0133 0.2550 0.9669
vn 0.0137 0.0982 0.9951
vn 0.0252 0.5407 0.8408
vn 0.0347 0.7736 0.6328
vn 0.0407 0.9309 0.3630
vn 0.0427 0.9898 0.1360
vn 0.0427 0.9989 -0.0205
vn 0.0407 0.9667 -0.2528
vn 0.0347 0.8416 -0.5389
vn 0.0252 0.6344 -0.7726
vn 0.0137 0.2128 -0.9770
vn 0.0133 0.3652 -0.9308
vn 0.0022 0.2546 0.9670
vn 0.0067 0.0987 0.9951
vn 0.0042 0.5408 0.8412
vn 0.0058 0.7740 0.6331
vn 0.0068 0.9317 0.3633
vn 0.0071 0.9907 0.1361
vn 0.0071 0.9998 -0.0205
vn 0.0068 0.9675 -0.2530
vn 0.0058 0.8421 -0.5392
vn 0.0042 0.6345 -0.7729
vn 0.0067 0.2133 -0.9770
vn 0.0022 0.3648 -0.9311
vn -0.0042 0.2539 0.9672
vn 0.0011 0.0989 0.9951
vn -0.0079 0.5403 0.8415
vn -0.0109 0.7737 0.6334
vn -0.0128 0.9315 0.3635
vn -0.0134 0.9906 0.1361
vn -0.0134 0.9997 -0.0205
vn -0.0128 0.9673 -0.2532
vn -0.0109 0.8419 -0.5396
vn -0.0079 0.6341 -0.7732
vn 0.0011 0.2134 -0.9770
vn -0.0042 0.3642 -0.9313
vn -0.0083 0.2538 0.9672
vn -0.0021 0.0989 0.9951
vn -0.0158 0.5401 0.8414
vn -0.0217 0.7735 0.6334
vn -0.0255 0.9313 0.3634
vn -0.0268 0.9903 0.1361
vn -0.0268 0.9994 -0.0205
vn -0.0255 0.9671 -0.2532
vn -0.0217 0.8417 -0.5396
vn -0.0158 0.6339 -0.7732
vn -0.0021 0.2134 -0.9770
vn -0.0083 0.3641 -0.9313
vn -0.0125 0.2537 0.9672
vn -0.0042 0.0988 0.9951
vn -0.0326 0.7732 0.6334
vn -0.0401 0.9899 0.1361
vn -0.0401 0.9990 -0.0205
vn -0.0326 0.8413 -0.5396
vn -0.0125 0.3640 -0.9313
vn -0.0042 0.2134 -0.9770
vn -0.0166 0.2535 0.9672
vn -0.0063 0.0988 0.9951
vn -0.0315 0.5395 0.8414
vn -0.0237 0.5399 0.8414
vn -0.0434 0.7726 0.6333
vn -0.0383 0.9308 0.3634
vn -0.0534 0.9893 0.1360
vn -0.0534 0.9984 -0.0206
vn -0.0383 0.9667 -0.2532
vn -0.0434 0.8408 -0.5396
vn -0.0237 0.6337 -0.7733
vn -0.0315 0.6333 -0.7733
vn -0.0063 0.2133 -0.9770
vn -0.0166 0.3638 -0.9313
vn -0.0207 0.2533 0.9672
vn -0.0084 0.0987 0.9951
vn -0.0394 0.5390 0.8414
vn -0.0541 0.7720 0.6333
vn -0.0636 0.9295 0.3633
vn -0.0510 0.9302 0.3634
vn -0.0667 0.9885 0.1360
vn -0.0667 0.9976 -0.0206
vn -0.0510 0.9661 -0.2532
vn -0.0636 0.9653 -0.2533
vn -0.0541 0.8401 -0.5397
vn -0.0394 0.6328 -0.7733
vn -0.0084 0.2132 -0.9770
vn -0.0207 0.3635 -0.9313
vn -0.0248 0.2529 0.9672
vn -0.0105 0.0985 0.9951
vn -0.0472 0.5384 0.8414
vn -0.0649 0.7712 0.6333
vn -0.0762 0.9286 0.3633
vn -0.0799 0.9875 0.1359
vn -0.0799 0.9966 -0.0207
vn -0.0762 0.9644 -0.2533
vn -0.0649 0.8393 -0.5397
vn -0.0472 0.6322 -0.7733
vn -0.0105 0.2131 -0.9770
vn -0.0248 0.3632 -0.9314
vn -0.0289 0.2526 0.9671
vn -0.0125 0.0984 0.9951
vn -0.0549 0.5378 0.8413
vn -0.0756 0.7703 0.6332
vn -0.0888 0.9275 0.3632
vn -0.0931 0.9863 0.1359
vn -0.0931 0.9954 -0.0207
vn -0.0888 0.9633 -0.2534
vn -0.0756 0.8384 -0.5398
vn -0.0549 0.6316 -0.7734
vn -0.0125 0.2129 -0.9770
vn -0.0289 0.3629 -0.9314
vn -0.0330 0.2522 0.9671
vn -0.0146 0.0982 0.9951
vn -0.0627 0.5370 0.8413
vn -0.0862 0.7692 0.6332
vn -0.1013 0.9262 0.3631
vn -0.1062 0.9850 0.1358
vn -0.1062 0.9941 -0.0208
vn -0.1013 0.9620 -0.2535
vn -0.0862 0.8373 -0.5398
vn -0.0627 0.6308 -0.7734
vn -0.0146 0.2128 -0.9770
vn -0.0330 0.3625 -0.9314
vn -0.0370 0.2517 0.9671
vn -0.0167 0.0980 0.9950
vn -0.0704 0.5361 0.8412
vn -0.0968 0.7680 0.6331
vn -0.1138 0.9248 0.3631
vn -0.1192 0.9835 0.1357
vn -0.1192 0.9926 -0.0209
vn -0.1138 0.9606 -0.2536
vn -0.0968 0.8361 -0.5399
vn -0.0704 0.6299 -0.7735
vn -0.0167 0.2126 -0.9770
vn -0.0370 0.3620 -0.9314
vn -0.0411 0.2512 0.9671
vn -0.0187 0.0978 0.9950
vn -0.0780 0.5351 0.8412
vn -0.1073 0.7667 0.6330
vn -0.1261 0.9232 0.3630
vn -0.1322 0.9819 0.1356
vn -0.1322 0.9910 -0.0210
vn -0.1261 0.9590 -0.2536
vn -0.1073 0.8348 -0.5400
vn -0.0780 0.6289 -0.7735
vn -0.0187 0.2123 -0.9770
vn -0.0411 0.3615 -0.9315
vn -0.0451 0.2506 0.9670
vn -0.0207 0.0975 0.9950
vn -0.0856 0.5341 0.8411
vn -0.1178 0.7652 0.6329
vn -0.1384 0.9215 0.3629
vn -0.1451 0.9801 0.1355
vn -0.1451 0.9892 -0.0211
vn -0.1384 0.9573 -0.2537
vn -0.1178 0.8333 -0.5401
vn -0.0856 0.6279 -0.7736
vn -0.0207 0.2121 -0.9770
vn -0.0451 0.3609 -0.9315
vn -0.0489 0.2500 0.9670
vn -0.0228 0.0972 0.9950
vn -0.0928 0.5329 0.8411
vn -0.1277 0.7637 0.6329
vn -0.1501 0.9197 0.3628
vn -0.1573 0.9782 0.1354
vn -0.1573 0.9873 -0.0212
vn -0.1501 0.9555 -0.2539
vn -0.1277 0.8318 -0.5402
vn -0.0928 0.6267 -0.7737
vn -0.0228 0.2118 -0.9771
vn -0.0489 0.3603 -0.9316
vn -0.0524 0.2494 0.9670
vn -0.0247 0.0969 0.9950
vn -0.0995 0.5318 0.8410
vn -0.1369 0.7621 0.6328
vn -0.1609 0.9179 0.3627
vn -0.1687 0.9763 0.1353
vn -0.1687 0.9854 -0.0213
vn -0.1609 0.9537 -0.2540
vn -0.1369 0.8303 -0.5403
vn -0.0995 0.6256 -0.7738
vn -0.0247 0.2115 -0.9771
vn -0.0524 0.3597 -0.9316
vn -0.0283 0.0963 0.9949
vn -0.0265 0.0966 0.9950
vn -0.0560 0.2488 0.9669
vn -0.1064 0.5306 0.8409
vn -0.1464 0.7605 0.6327
vn -0.1720 0.9159 0.3626
vn -0.1803 0.9834 -0.0214
vn -0.1720 0.9518 -0.2541
vn -0.1464 0.8286 -0.5404
vn -0.1064 0.6244 -0.7738
vn -0.0560 0.3591 -0.9316
vn -0.0283 0.2109 -0.9771
vn -0.0265 0.2112 -0.9771
vn -0.0303 0.0959 0.9949
vn -0.0600 0.2481 0.9669
vn -0.1139 0.5292 0.8408
vn -0.1567 0.7585 0.6325
vn -0.1803 0.9743 0.1352
vn -0.1842 0.9136 0.3624
vn -0.1931 0.9809 -0.0216
vn -0.1842 0.9495 -0.2542
vn -0.1567 0.8267 -0.5404
vn -0.1139 0.6230 -0.7739
vn -0.0600 0.3584 -0.9316
vn -0.0303 0.2105 -0.9771
vn -0.0325 0.0955 0.9949
vn -0.0643 0.2473 0.9668
vn -0.1222 0.5276 0.8407
vn -0.1681 0.7562 0.6324
vn -0.1931 0.9719 0.1350
vn -0.1975 0.9109 0.3622
vn -0.2070 0.9781 -0.0217
vn -0.1975 0.9467 -0.2543
vn -0.1681 0.8244 -0.5405
vn -0.1222 0.6214 -0.7739
vn -0.0643 0.3576 -0.9317
vn -0.0325 0.2100 -0.9772
vn -0.0349 0.0949 0.9949
vn -0.0691 0.2463 0.9667
vn -0.1313 0.5256 0.8405
vn -0.1806 0.7535 0.6322
vn -0.2070 0.9690 0.1348
vn -0.2123 0.9077 0.3620
vn -0.2225 0.9747 -0.0219
vn -0.2123 0.9435 -0.2545
vn -0.1806 0.8216 -0.5407
vn -0.1313 0.6194 -0.7740
vn -0.0691 0.3566 -0.9317
vn -0.0349 0.2095 -0.9772
vn -0.0376 0.0943 0.9948
vn -0.0745 0.2451 0.9666
vn -0.1414 0.5233 0.8404
vn -0.1945 0.7502 0.6319
vn -0.2225 0.9656 0.1346
vn -0.2286 0.9038 0.3618
vn -0.2395 0.9706 -0.0222
vn -0.2286 0.9396 -0.2547
vn -0.1945 0.8184 -0.5408
vn -0.1414 0.6171 -0.7741
vn -0.0745 0.3554 -0.9317
vn -0.0376 0.2089 -0.9772
vn -0.0406 0.0935 0.9948
vn -0.0804 0.2437 0.9665
vn -0.1526 0.5205 0.8401
vn -0.2099 0.7463 0.6317
vn -0.2395 0.9615 0.1344
vn -0.2467 0.8992 0.3615
vn -0.2585 0.9657 -0.0225
vn -0.2467 0.9350 -0.2549
vn -0.2099 0.8144 -0.5410
vn -0.1526 0.6142 -0.7742
vn -0.0804 0.3540 -0.9318
vn -0.0406 0.2081 -0.9773
vn -0.0439 0.0926 0.9947
vn -0.0870 0.2420 0.9664
vn -0.1652 0.5170 0.8399
vn -0.2272 0.7415 0.6313
vn -0.2585 0.9566 0.1341
vn -0.2669 0.8935 0.3611
vn -0.2798 0.9598 -0.0228
vn -0.2669 0.9293 -0.2552
vn -0.2272 0.8096 -0.5412
vn -0.1652 0.6108 -0.7744
vn -0.0870 0.3522 -0.9319
vn -0.0439 0.2072 -0.9773
vn -0.0476 0.0915 0.9947
vn -0.0945 0.2398 0.9662
vn -0.1793 0.5128 0.8396
vn -0.2465 0.7356 0.6309
vn -0.2798 0.9507 0.1338
vn -0.2897 0.8866 0.3607
vn -0.3036 0.9525 -0.0232
vn -0.2897 0.9224 -0.2556
vn -0.2465 0.8037 -0.5415
vn -0.1793 0.6066 -0.7745
vn -0.0945 0.3501 -0.9319
vn -0.0476 0.2060 -0.9774
vn -0.0519 0.0900 0.9946
vn -0.1029 0.2372 0.9660
vn -0.1952 0.5076 0.8392
vn -0.2684 0.7284 0.6304
vn -0.3036 0.9434 0.1334
vn -0.3154 0.8780 0.3601
vn -0.3306 0.9435 -0.0237
vn -0.3154 0.9138 -0.2560
vn -0.2684 0.7965 -0.5418
vn -0.1952 0.6014 -0.7748
vn -0.1029 0.3474 -0.9320
vn -0.0519 0.2046 -0.9775
vn -0.0567 0.0883 0.9945
vn -0.1125 0.2339 0.9657
vn -0.2133 0.5011 0.8387
vn -0.2933 0.7193 0.6298
vn -0.3306 0.9344 0.1328
vn -0.3445 0.8672 0.3594
vn -0.3611 0.9322 -0.0244
vn -0.3445 0.9030 -0.2566
vn -0.2933 0.7874 -0.5423
vn -0.2133 0.5948 -0.7750
vn -0.1125 0.3441 -0.9322
vn -0.0567 0.2028 -0.9776
vn -0.1067 -0.0012 0.9943
vn -0.2605 0.0822 0.9620
vn -0.4726 0.2006 0.8581
vn -0.6719 0.3172 0.6693
vn -0.3611 0.9231 0.1322
vn -0.8249 0.4148 0.3841
vn -0.8797 0.4703 -0.0705
vn -0.8249 0.4565 -0.3335
vn -0.6719 0.3925 -0.6281
vn -0.4726 0.2986 -0.8291
vn -0.2605 0.1930 -0.9460
vn -0.1067 0.1139 -0.9878
vn -0.0492 -0.1476 0.9878
vn -0.1269 -0.2879 0.9492
vn -0.2328 -0.4762 0.8479
vn -0.3435 -0.6683 0.6599
vn -0.8797 0.4590 0.1245
vn -0.4393 -0.8262 0.3527
vn -0.4763 -0.8640 -0.1631
vn -0.4393 -0.7798 -0.4459
vn -0.3435 -0.5874 -0.7328
vn -0.2328 -0.3748 -0.8974
vn -0.1269 -0.1761 -0.9762
vn -0.0492 -0.0322 -0.9983
vn 0.1056 -0.3440 0.9330
vn 0.2013 -0.5974 0.7762
vn 0.2773 -0.7924 0.5433
vn 0.3261 -0.9097 0.2570
vn 0.3419 -0.9394 0.0241
vn -0.4763 -0.8771 0.0620
vn 0.3419 -0.9303 -0.1327
vn 0.3261 -0.8738 -0.3607
vn 0.2773 -0.7242 -0.6314
vn 0.2013 -0.5035 -0.8402
vn 0.1056 -0.2336 -0.9666
vn 0.0504 -0.2051 0.9774
vn 0.0536 -0.2040 0.9775
vn 0.0992 -0.3463 0.9329
vn 0.1890 -0.6018 0.7759
vn 0.2603 -0.7984 0.5429
vn 0.3061 -0.9167 0.2566
vn 0.3209 -0.9377 -0.1331
vn 0.3061 -0.8809 -0.3610
vn 0.2603 -0.7302 -0.6317
vn 0.1890 -0.5079 -0.8404
vn 0.0992 -0.2360 -0.9667
vn 0.0504 -0.0906 -0.9946
vn 0.0536 -0.0894 -0.9945
vn 0.0473 -0.2061 0.9774
vn 0.0931 -0.3484 0.9327
vn 0.1774 -0.6057 0.7757
vn 0.2444 -0.8037 0.5426
vn 0.3209 -0.9468 0.0236
vn 0.2874 -0.9229 0.2562
vn 0.3012 -0.9442 -0.1335
vn 0.2874 -0.8870 -0.3614
vn 0.2444 -0.7354 -0.6320
vn 0.1774 -0.5118 -0.8406
vn 0.0931 -0.2380 -0.9668
vn 0.0473 -0.0916 -0.9947
vn 0.0444 -0.2070 0.9773
vn 0.0874 -0.3502 0.9326
vn 0.1665 -0.6090 0.7755
vn 0.2293 -0.8083 0.5423
vn 0.3012 -0.9533 0.0233
vn 0.2697 -0.9283 0.2559
vn 0.2827 -0.9498 -0.1338
vn 0.2697 -0.8924 -0.3617
vn 0.2293 -0.7401 -0.6322
vn 0.1665 -0.5152 -0.8408
vn 0.0874 -0.2398 -0.9669
vn 0.0444 -0.0925 -0.9947
vn 0.0416 -0.2078 0.9773
vn 0.0820 -0.3518 0.9325
vn 0.1563 -0.6120 0.7753
vn 0.2152 -0.8123 0.5420
vn 0.2827 -0.9589 0.0229
vn 0.2531 -0.9331 0.2556
vn 0.2653 -0.9548 -0.1341
vn 0.2531 -0.8972 -0.3619
vn 0.2152 -0.7441 -0.6324
vn 0.1563 -0.5181 -0.8409
vn 0.0820 -0.2414 -0.9669
vn 0.0416 -0.0933 -0.9948
vn 0.0391 -0.2085 0.9772
vn 0.0770 -0.3532 0.9324
vn 0.1466 -0.6146 0.7751
vn 0.2019 -0.8159 0.5418
vn 0.2653 -0.9639 0.0226
vn 0.2374 -0.9372 0.2553
vn 0.2489 -0.9592 -0.1343
vn 0.2374 -0.9014 -0.3622
vn 0.2019 -0.7477 -0.6326
vn 0.1466 -0.5207 -0.8410
vn 0.0770 -0.2428 -0.9670
vn 0.0391 -0.0939 -0.9948
vn 0.0366 -0.2091 0.9772
vn 0.0722 -0.3544 0.9323
vn 0.1375 -0.6169 0.7749
vn 0.1894 -0.8190 0.5416
vn 0.2489 -0.9683 0.0224
vn 0.2227 -0.9409 0.2551
vn 0.2334 -0.9630 -0.1346
vn 0.2227 -0.9051 -0.3623
vn 0.1894 -0.7508 -0.6328
vn 0.1375 -0.5230 -0.8411
vn 0.0722 -0.2441 -0.9671
vn 0.0366 -0.0945 -0.9948
vn 0.0343 -0.2096 0.9772
vn 0.0677 -0.3555 0.9322
vn 0.1289 -0.6189 0.7748
vn 0.1775 -0.8218 0.5414
vn 0.2334 -0.9721 0.0222
vn 0.2087 -0.9442 0.2549
vn 0.2188 -0.9664 -0.1348
vn 0.2087 -0.9083 -0.3625
vn 0.1775 -0.7536 -0.6329
vn 0.1289 -0.5251 -0.8412
vn 0.0677 -0.2452 -0.9671
vn 0.0343 -0.0951 -0.9949
vn 0.0322 -0.2101 0.9771
vn 0.0634 -0.3565 0.9322
vn 0.1208 -0.6207 0.7747
vn 0.1664 -0.8243 0.5412
vn 0.2188 -0.9755 0.0220
vn 0.1956 -0.9470 0.2547
vn 0.2050 -0.9694 -0.1349
vn 0.1956 -0.9112 -0.3627
vn 0.1664 -0.7560 -0.6330
vn 0.1208 -0.5269 -0.8413
vn 0.0634 -0.2461 -0.9672
vn 0.0322 -0.0955 -0.9949
vn 0.0301 -0.2105 0.9771
vn 0.0594 -0.3573 0.9321
vn 0.1131 -0.6223 0.7745
vn 0.1558 -0.8264 0.5411
vn 0.2050 -0.9785 0.0218
vn 0.1832 -0.9495 0.2546
vn 0.1920 -0.9720 -0.1351
vn 0.1832 -0.9137 -0.3628
vn 0.1558 -0.7582 -0.6331
vn 0.1131 -0.5285 -0.8414
vn 0.0594 -0.2470 -0.9672
vn 0.0301 -0.0960 -0.9949
vn 0.0282 -0.2109 0.9771
vn 0.0556 -0.3581 0.9320
vn 0.1059 -0.6237 0.7744
vn 0.1458 -0.8283 0.5410
vn 0.1920 -0.9812 0.0216
vn 0.1714 -0.9518 0.2544
vn 0.1797 -0.9744 -0.1352
vn 0.1714 -0.9159 -0.3629
vn 0.1458 -0.7601 -0.6332
vn 0.1059 -0.5299 -0.8415
vn 0.0556 -0.2477 -0.9672
vn 0.0282 -0.0963 -0.9949
vn 0.0517 -0.3587 0.9320
vn 0.0985 -0.6250 0.7744
vn 0.1356 -0.8301 0.5409
vn 0.1595 -0.9539 0.2543
vn 0.1672 -0.9857 0.0214
vn 0.1797 -0.9835 0.0215
vn 0.1672 -0.9766 -0.1353
vn 0.1595 -0.9180 -0.3631
vn 0.1356 -0.7619 -0.6334
vn 0.0985 -0.5311 -0.8416
vn 0.0517 -0.2484 -0.9673
vn 0.0474 -0.3593 0.9320
vn 0.0262 -0.2112 0.9771
vn 0.0903 -0.6263 0.7744
vn 0.1244 -0.8319 0.5408
vn 0.1463 -0.9560 0.2542
vn 0.1533 -0.9879 0.0212
vn 0.1533 -0.9788 -0.1355
vn 0.1463 -0.9201 -0.3632
vn 0.1244 -0.7637 -0.6335
vn 0.0903 -0.5324 -0.8417
vn 0.0262 -0.0967 -0.9950
vn 0.0474 -0.2490 -0.9673
vn 0.0218 -0.2119 0.9770
vn 0.0241 -0.2116 0.9771
vn 0.0429 -0.3600 0.9320
vn 0.0818 -0.6275 0.7743
vn 0.1126 -0.8336 0.5407
vn 0.1324 -0.9581 0.2541
vn 0.1388 -0.9810 -0.1356
vn 0.1324 -0.9222 -0.3633
vn 0.1126 -0.7654 -0.6336
vn 0.0818 -0.5337 -0.8417
vn 0.0429 -0.2497 -0.9674
vn 0.0218 -0.0974 -0.9950
vn 0.0241 -0.0970 -0.9950
vn 0.0195 -0.2122 0.9770
vn 0.0385 -0.3606 0.9319
vn 0.0733 -0.6287 0.7742
vn 0.1009 -0.8352 0.5406
vn 0.1388 -0.9901 0.0211
vn 0.1187 -0.9599 0.2540
vn 0.1244 -0.9829 -0.1357
vn 0.1187 -0.9240 -0.3634
vn 0.1009 -0.7670 -0.6337
vn 0.0733 -0.5348 -0.8418
vn 0.0385 -0.2503 -0.9674
vn 0.0195 -0.0977 -0.9950
vn 0.0173 -0.2125 0.9770
vn 0.0341 -0.3611 0.9319
vn 0.0649 -0.6297 0.7741
vn 0.0893 -0.8366 0.5405
vn 0.1244 -0.9920 0.0210
vn 0.1050 -0.9615 0.2539
vn 0.1101 -0.9846 -0.1358
vn 0.1050 -0.9256 -0.3635
vn 0.0893 -0.7684 -0.6338
vn 0.0649 -0.5358 -0.8419
vn 0.0341 -0.2508 -0.9674
vn 0.0173 -0.0979 -0.9950
vn 0.0150 -0.2127 0.9770
vn 0.0297 -0.3616 0.9319
vn 0.0565 -0.6305 0.7741
vn 0.0778 -0.8378 0.5405
vn 0.1101 -0.9937 0.0209
vn 0.0915 -0.9629 0.2538
vn 0.0959 -0.9861 -0.1359
vn 0.0915 -0.9270 -0.3636
vn 0.0778 -0.7695 -0.6338
vn 0.0565 -0.5367 -0.8419
vn 0.0297 -0.2513 -0.9675
vn 0.0150 -0.0982 -0.9951
vn 0.0128 -0.2129 0.9770
vn 0.0253 -0.3620 0.9318
vn 0.0482 -0.6313 0.7740
vn 0.0664 -0.8388 0.5404
vn 0.0959 -0.9952 0.0208
vn 0.0780 -0.9641 0.2537
vn 0.0818 -0.9873 -0.1360
vn 0.0780 -0.9283 -0.3637
vn 0.0664 -0.7706 -0.6339
vn 0.0482 -0.5374 -0.8419
vn 0.0253 -0.2517 -0.9675
vn 0.0128 -0.0984 -0.9951
vn 0.0106 -0.2131 0.9770
vn 0.0210 -0.3623 0.9318
vn 0.0400 -0.6319 0.7740
vn 0.0550 -0.8396 0.5403
vn 0.0818 -0.9964 0.0207
vn 0.0647 -0.9651 0.2537
vn 0.0678 -0.9884 -0.1360
vn 0.0647 -0.9293 -0.3637
vn 0.0550 -0.7714 -0.6339
vn 0.0400 -0.5380 -0.8420
vn 0.0210 -0.2520 -0.9675
vn 0.0106 -0.0985 -0.9951
vn 0.0085 -0.2132 0.9770
vn 0.0167 -0.3626 0.9318
vn 0.0318 -0.6324 0.7740
vn 0.0438 -0.8403 0.5403
vn 0.0678 -0.9975 0.0207
vn 0.0515 -0.9659 0.2536
vn 0.0540 -0.9892 -0.1361
vn 0.0515 -0.9301 -0.3638
vn 0.0438 -0.7721 -0.6340
vn 0.0318 -0.5385 -0.8420
vn 0.0167 -0.2523 -0.9675
vn 0.0085 -0.0987 -0.9951
vn 0.0063 -0.2133 0.9770
vn 0.0125 -0.3628 0.9318
vn 0.0237 -0.6328 0.7740
vn 0.0327 -0.8409 0.5403
vn 0.0540 -0.9983 0.0206
vn 0.0384 -0.9665 0.2536
vn 0.0403 -0.9899 -0.1361
vn 0.0384 -0.9307 -0.3638
vn 0.0327 -0.7726 -0.6340
vn 0.0237 -0.5389 -0.8420
vn 0.0125 -0.2525 -0.9675
vn 0.0063 -0.0988 -0.9951
vn 0.0042 -0.2134 0.9770
vn 0.0083 -0.3629 0.9318
vn 0.0157 -0.6331 0.7739
vn 0.0217 -0.8412 0.5402
vn 0.0403 -0.9990 0.0206
vn 0.0255 -0.9670 0.2536
vn 0.0267 -0.9903 -0.1361
vn 0.0255 -0.9311 -0.3638
vn 0.0217 -0.7730 -0.6340
vn 0.0157 -0.5392 -0.8420
vn 0.0083 -0.2526 -0.9675
vn 0.0042 -0.0988 -0.9951
vn 0.0021 -0.2134 0.9770
vn 0.0041 -0.3630 0.9318
vn 0.0078 -0.6332 0.7739
vn 0.0108 -0.8415 0.5402
vn 0.0267 -0.9994 0.0206
vn 0.0127 -0.9672 0.2536
vn 0.0133 -0.9906 -0.1362
vn 0.0127 -0.9314 -0.3638
vn 0.0108 -0.7732 -0.6340
vn 0.0078 -0.5394 -0.8420
vn 0.0041 -0.2527 -0.9675
vn 0.0021 -0.0989 -0.9951
vn -0.0019 -0.3625 0.9320
vn -0.0036 -0.6329 0.7742
vn -0.0049 -0.8413 0.5405
vn -0.0058 -0.9673 0.2538
vn -0.0061 -0.9998 0.0206
vn 0.0133 -0.9997 0.0205
vn -0.0061 -0.9907 -0.1362
vn -0.0058 -0.9314 -0.3640
vn -0.0049 -0.7731 -0.6343
vn -0.0036 -0.5390 -0.8423
vn -0.0019 -0.2521 -0.9677
vn -0.0118 -0.3617 0.9322
vn -0.0010 -0.2134 0.9770
vn -0.0225 -0.6320 0.7746
vn -0.0310 -0.8405 0.5409
vn -0.0364 -0.9665 0.2540
vn -0.0382 -0.9991 0.0206
vn -0.0382 -0.9899 -0.1362
vn -0.0364 -0.9306 -0.3642
vn -0.0310 -0.7722 -0.6346
vn -0.0225 -0.5381 -0.8426
vn -0.0010 -0.0989 -0.9951
vn -0.0118 -0.2513 -0.9678
vn -0.0240 -0.3609 0.9323
vn -0.0060 -0.2133 0.9770
vn -0.0458 -0.6306 0.7748
vn -0.0631 -0.8386 0.5411
vn -0.0743 -0.9643 0.2542
vn -0.0779 -0.9967 0.0208
vn -0.0779 -0.9876 -0.1361
vn -0.0743 -0.9284 -0.3641
vn -0.0631 -0.7703 -0.6346
vn -0.0458 -0.5366 -0.8426
vn -0.0060 -0.0988 -0.9951
vn -0.0240 -0.2505 -0.9678
vn -0.0367 -0.3595 0.9324
vn -0.0122 -0.2129 0.9770
vn -0.0701 -0.6281 0.7750
vn -0.0966 -0.8352 0.5413
vn -0.1136 -0.9604 0.2544
vn -0.1191 -0.9927 0.0210
vn -0.1191 -0.9835 -0.1358
vn -0.1136 -0.9245 -0.3639
vn -0.0966 -0.7669 -0.6344
vn -0.0701 -0.5342 -0.8425
vn -0.0122 -0.0984 -0.9951
vn -0.0367 -0.2491 -0.9678
vn -0.0499 -0.3576 0.9326
vn -0.0187 -0.2123 0.9770
vn -0.0952 -0.6245 0.7752
vn -0.1313 -0.8303 0.5417
vn -0.1544 -0.9546 0.2548
vn -0.1619 -0.9866 0.0214
vn -0.1619 -0.9775 -0.1355
vn -0.1544 -0.9187 -0.3636
vn -0.1313 -0.7620 -0.6342
vn -0.0952 -0.5305 -0.8423
vn -0.0187 -0.0977 -0.9950
vn -0.0499 -0.2472 -0.9677
vn -0.0634 -0.3549 0.9327
vn -0.0254 -0.2113 0.9771
vn -0.1211 -0.6196 0.7755
vn -0.1670 -0.8235 0.5421
vn -0.1965 -0.9467 0.2553
vn -0.2060 -0.9783 0.0219
vn -0.2060 -0.9692 -0.1350
vn -0.1965 -0.9108 -0.3632
vn -0.1670 -0.7552 -0.6338
vn -0.1211 -0.5256 -0.8421
vn -0.0254 -0.0968 -0.9950
vn -0.0634 -0.2446 -0.9676
vn -0.0773 -0.3516 0.9330
vn -0.0323 -0.2100 0.9772
vn -0.1477 -0.6133 0.7760
vn -0.2036 -0.8149 0.5427
vn -0.2396 -0.9365 0.2559
vn -0.2512 -0.9677 0.0225
vn -0.2512 -0.9586 -0.1344
vn -0.2396 -0.9006 -0.3626
vn -0.2036 -0.7466 -0.6334
vn -0.1477 -0.5193 -0.8417
vn -0.0323 -0.0955 -0.9949
vn -0.0773 -0.2412 -0.9674
vn -0.0914 -0.3475 0.9332
vn -0.0394 -0.2084 0.9773
vn -0.1747 -0.6055 0.7764
vn -0.2409 -0.8042 0.5433
vn -0.2834 -0.9240 0.2567
vn -0.2972 -0.9545 0.0233
vn -0.2972 -0.9454 -0.1336
vn -0.2834 -0.8881 -0.3619
vn -0.2409 -0.7359 -0.6328
vn -0.1747 -0.5115 -0.8413
vn -0.0394 -0.0938 -0.9948
vn -0.0914 -0.2371 -0.9672
vn -0.1057 -0.3426 0.9335
vn -0.0466 -0.2063 0.9774
vn -0.2020 -0.5962 0.7770
vn -0.2786 -0.7914 0.5441
vn -0.3278 -0.9090 0.2575
vn -0.3437 -0.9388 0.0242
vn -0.3437 -0.9297 -0.1327
vn -0.3278 -0.8730 -0.3611
vn -0.2786 -0.7231 -0.6321
vn -0.2020 -0.5022 -0.8408
vn -0.0466 -0.0917 -0.9947
vn -0.1057 -0.2322 -0.9669
vn -0.1201 -0.3369 0.9339
vn -0.0539 -0.2038 0.9775
vn -0.2295 -0.5853 0.7777
vn -0.3164 -0.7764 0.5450
vn -0.3723 -0.8914 0.2586
vn -0.3903 -0.9203 0.0253
vn -0.3903 -0.9112 -0.1316
vn -0.3723 -0.8554 -0.3601
vn -0.3164 -0.7081 -0.6312
vn -0.2295 -0.4913 -0.8402
vn -0.0539 -0.0893 -0.9945
vn -0.1201 -0.2265 -0.9666
vn -0.1343 -0.3303 0.9343
vn -0.0612 -0.2009 0.9777
vn -0.2567 -0.5728 0.7784
vn -0.3540 -0.7593 0.5460
vn -0.4166 -0.8712 0.2598
vn -0.4368 -0.8992 0.0265
vn -0.4368 -0.8901 -0.1304
vn -0.4166 -0.8353 -0.3589
vn -0.3540 -0.6910 -0.6303
vn -0.2567 -0.4789 -0.8395
vn -0.0612 -0.0864 -0.9944
vn -0.1343 -0.2199 -0.9662
vn -0.1484 -0.3230 0.9347
vn -0.0685 -0.1976 0.9779
vn -0.2837 -0.5589 0.7792
vn -0.3912 -0.7400 0.5471
vn -0.4603 -0.8485 0.2611
vn -0.4826 -0.8754 0.0279
vn -0.4826 -0.8663 -0.1290
vn -0.4603 -0.8126 -0.3576
vn -0.3912 -0.6717 -0.6292
vn -0.2837 -0.4649 -0.8387
vn -0.0685 -0.0831 -0.9942
vn -0.1484 -0.2126 -0.9658
vn -0.0827 -0.1898 0.9783
vn -0.0757 -0.1939 0.9781
vn -0.1622 -0.3150 0.9352
vn -0.3099 -0.5435 0.7801
vn -0.4274 -0.7188 0.5484
vn -0.5029 -0.8235 0.2625
vn -0.5273 -0.8401 -0.1275
vn -0.5029 -0.7876 -0.3561
vn -0.4274 -0.6504 -0.6279
vn -0.3099 -0.4495 -0.8378
vn -0.1622 -0.2046 -0.9653
vn -0.0827 -0.0752 -0.9937
vn -0.0757 -0.0793 -0.9940
vn -0.0895 -0.1853 0.9786
vn -0.1754 -0.3063 0.9357
vn -0.3352 -0.5268 0.7811
vn -0.4623 -0.6958 0.5497
vn -0.5273 -0.8492 0.0294
vn -0.5439 -0.7965 0.2641
vn -0.5703 -0.8117 -0.1259
vn -0.5439 -0.7605 -0.3546
vn -0.4623 -0.6275 -0.6266
vn -0.3352 -0.4328 -0.8368
vn -0.1754 -0.1959 -0.9648
vn -0.0895 -0.0708 -0.9935
vn -0.0959 -0.1806 0.9789
vn -0.1881 -0.2969 0.9362
vn -0.3595 -0.5090 0.7821
vn -0.4957 -0.6712 0.5511
vn -0.5703 -0.8208 0.0310
vn -0.5833 -0.7675 0.2658
vn -0.6116 -0.7814 -0.1241
vn -0.5833 -0.7316 -0.3529
vn -0.4957 -0.6029 -0.6251
vn -0.3595 -0.4150 -0.8358
vn -0.1881 -0.1865 -0.9643
vn -0.0959 -0.0660 -0.9932
vn -0.1021 -0.1755 0.9792
vn -0.2002 -0.2871 0.9368
vn -0.3826 -0.4901 0.7832
vn -0.5276 -0.6452 0.5526
vn -0.6116 -0.7905 0.0328
vn -0.6208 -0.7369 0.2676
vn -0.6509 -0.7493 -0.1222
vn -0.6208 -0.7010 -0.3511
vn -0.5276 -0.5769 -0.6236
vn -0.3826 -0.3961 -0.8347
vn -0.2002 -0.1767 -0.9637
vn -0.1021 -0.0610 -0.9929
vn -0.1079 -0.1703 0.9795
vn -0.2117 -0.2768 0.9373
vn -0.4044 -0.4704 0.7843
vn -0.5577 -0.6180 0.5542
vn -0.6509 -0.7584 0.0347
vn -0.6562 -0.7049 0.2694
vn -0.6880 -0.7157 -0.1203
vn -0.6562 -0.6689 -0.3492
vn -0.5577 -0.5496 -0.6220
vn -0.4044 -0.3764 -0.8335
vn -0.2117 -0.1664 -0.9631
vn -0.1079 -0.0557 -0.9926
vn -0.1134 -0.1648 0.9798
vn -0.2224 -0.2661 0.9379
vn -0.4249 -0.4500 0.7855
vn -0.5858 -0.5898 0.5558
vn -0.6880 -0.7248 0.0366
vn -0.6893 -0.6718 0.2713
vn -0.7227 -0.6809 -0.1183
vn -0.6893 -0.6358 -0.3473
vn -0.5858 -0.5215 -0.6203
vn -0.4249 -0.3560 -0.8323
vn -0.2224 -0.1557 -0.9624
vn -0.1134 -0.0503 -0.9923
vn -0.1184 -0.1592 0.9801
vn -0.2323 -0.2552 0.9386
vn -0.4439 -0.4291 0.7867
vn -0.6120 -0.5611 0.5574
vn -0.7227 -0.6901 0.0386
vn -0.7200 -0.6379 0.2733
vn -0.7549 -0.6454 -0.1162
vn -0.7200 -0.6020 -0.3453
vn -0.6120 -0.4927 -0.6186
vn -0.4439 -0.3352 -0.8311
vn -0.2323 -0.1448 -0.9618
vn -0.1184 -0.0447 -0.9920
vn -0.1231 -0.1536 0.9804
vn -0.2415 -0.2442 0.9392
vn -0.4613 -0.4080 0.7878
vn -0.6360 -0.5319 0.5591
vn -0.7549 -0.6545 0.0407
vn -0.7483 -0.6036 0.2752
vn -0.7846 -0.6094 -0.1141
vn -0.7483 -0.5676 -0.3433
vn -0.6360 -0.4636 -0.6169
vn -0.4613 -0.3140 -0.8298
vn -0.2415 -0.1338 -0.9611
vn -0.1231 -0.0390 -0.9916
vn -0.1273 -0.1479 0.9808
vn -0.2499 -0.2331 0.9398
vn -0.4773 -0.3868 0.7890
vn -0.6580 -0.5026 0.5607
vn -0.7846 -0.6185 0.0428
vn -0.7742 -0.5691 0.2772
vn -0.8117 -0.5733 -0.1120
vn -0.7742 -0.5331 -0.3412
vn -0.6580 -0.4343 -0.6152
vn -0.4773 -0.2928 -0.8285
vn -0.2499 -0.1227 -0.9605
vn -0.1273 -0.0334 -0.9913
vn -0.1312 -0.1423 0.9811
vn -0.2575 -0.2220 0.9404
vn -0.4918 -0.3656 0.7902
vn -0.6780 -0.4734 0.5624
vn -0.8117 -0.5824 0.0449
vn -0.7976 -0.5347 0.2792
vn -0.8362 -0.5372 -0.1099
vn -0.7976 -0.4988 -0.3392
vn -0.6780 -0.4051 -0.6134
vn -0.4918 -0.2717 -0.8272
vn -0.2575 -0.1117 -0.9598
vn -0.1312 -0.0277 -0.9910
vn -0.1347 -0.1367 0.9814
vn -0.2644 -0.2111 0.9410
vn -0.5049 -0.3447 0.7914
vn -0.6959 -0.4445 0.5640
vn -0.8362 -0.5463 0.0470
vn -0.8187 -0.5007 0.2811
vn -0.8584 -0.5016 -0.1078
vn -0.8187 -0.4648 -0.3372
vn -0.6959 -0.3762 -0.6117
vn -0.5049 -0.2507 -0.8260
vn -0.2644 -0.1007 -0.9591
vn -0.1347 -0.0221 -0.9906
vn -0.1378 -0.1312 0.9817
vn -0.2706 -0.2003 0.9416
vn -0.5166 -0.3241 0.7925
vn -0.7120 -0.4161 0.5656
vn -0.8584 -0.5107 0.0490
vn -0.8376 -0.4673 0.2830
vn -0.8782 -0.4665 -0.1058
vn -0.8376 -0.4314 -0.3352
vn -0.7120 -0.3478 -0.6100
vn -0.5166 -0.2301 -0.8247
vn -0.2706 -0.0900 -0.9585
vn -0.1378 -0.0166 -0.9903
vn -0.1405 -0.1259 0.9820
vn -0.2760 -0.1901 0.9422
vn -0.5268 -0.3044 0.7936
vn -0.7260 -0.3889 0.5671
vn -0.8782 -0.4756 0.0511
vn -0.8541 -0.4353 0.2848
vn -0.8954 -0.4330 -0.1038
vn -0.8541 -0.3994 -0.3333
vn -0.7260 -0.3206 -0.6083
vn -0.5268 -0.2105 -0.8235
vn -0.2760 -0.0797 -0.9578
vn -0.1405 -0.0114 -0.9900
vn -0.1428 -0.1209 0.9823
vn -0.2807 -0.1802 0.9427
vn -0.5357 -0.2855 0.7947
vn -0.7382 -0.3629 0.5686
vn -0.8954 -0.4421 0.0530
vn -0.8684 -0.4047 0.2866
vn -0.9104 -0.4009 -0.1020
vn -0.8684 -0.3688 -0.3315
vn -0.7382 -0.2946 -0.6068
vn -0.5357 -0.1916 -0.8224
vn -0.2807 -0.0698 -0.9572
vn -0.1428 -0.0063 -0.9897
vn -0.2849 -0.1702 0.9433
vn -0.5438 -0.2665 0.7958
vn -0.7494 -0.3367 0.5701
vn -0.8815 -0.3738 0.2884
vn -0.9242 -0.3777 0.0567
vn -0.9104 -0.4100 0.0549
vn -0.9242 -0.3686 -0.1001
vn -0.8815 -0.3379 -0.3297
vn -0.7494 -0.2684 -0.6053
vn -0.5438 -0.1726 -0.8213
vn -0.2849 -0.0599 -0.9567
vn -0.2889 -0.1599 0.9439
vn -0.1450 -0.1158 0.9826
vn -0.5513 -0.2467 0.7970
vn -0.7598 -0.3094 0.5717
vn -0.8938 -0.3418 0.2903
vn -0.9371 -0.3441 0.0587
vn -0.9371 -0.3350 -0.0981
vn -0.8938 -0.3059 -0.3279
vn -0.7598 -0.2412 -0.6037
vn -0.5513 -0.1528 -0.8202
vn -0.1450 -0.0013 -0.9894
vn -0.2889 -0.0495 -0.9561
vn -0.2925 -0.1491 0.9446
vn -0.1470 -0.1105 0.9829
vn -0.5583 -0.2263 0.7982
vn -0.7695 -0.2813 0.5734
vn -0.9052 -0.3087 0.2922
vn -0.9490 -0.3093 0.0607
vn -0.9490 -0.3002 -0.0961
vn -0.9052 -0.2728 -0.3260
vn -0.7695 -0.2130 -0.6021
vn -0.5583 -0.1323 -0.8190
vn -0.1470 0.0040 -0.9891
vn -0.2925 -0.0388 -0.9555
vn -0.2958 -0.1381 0.9452
vn -0.1489 -0.1051 0.9833
vn -0.5647 -0.2052 0.7994
vn -0.7782 -0.2522 0.5751
vn -0.9155 -0.2745 0.2942
vn -0.9598 -0.2735 0.0628
vn -0.9598 -0.2644 -0.0940
vn -0.9155 -0.2386 -0.3240
vn -0.7782 -0.1839 -0.6004
vn -0.5647 -0.1113 -0.8178
vn -0.1489 0.0095 -0.9888
vn -0.2958 -0.0277 -0.9548
vn -0.2988 -0.1267 0.9459
vn -0.1506 -0.0995 0.9836
vn -0.5703 -0.1836 0.8007
vn -0.7860 -0.2224 0.5768
vn -0.9246 -0.2394 0.2962
vn -0.9694 -0.2368 0.0649
vn -0.9694 -0.2276 -0.0919
vn -0.9246 -0.2035 -0.3220
vn -0.7860 -0.1541 -0.5987
vn -0.5703 -0.0896 -0.8165
vn -0.1506 0.0151 -0.9885
vn -0.2988 -0.0164 -0.9542
vn -0.3013 -0.1152 0.9466
vn -0.1521 -0.0937 0.9839
vn -0.5751 -0.1615 0.8020
vn -0.7927 -0.1919 0.5786
vn -0.9325 -0.2036 0.2983
vn -0.9777 -0.1992 0.0671
vn -0.9777 -0.1901 -0.0897
vn -0.9325 -0.1677 -0.3199
vn -0.7927 -0.1236 -0.5970
vn -0.5751 -0.0675 -0.8153
vn -0.1521 0.0208 -0.9881
vn -0.3013 -0.0048 -0.9535
vn -0.3034 -0.1034 0.9472
vn -0.1534 -0.0878 0.9843
vn -0.5792 -0.1389 0.8033
vn -0.7983 -0.1609 0.5804
vn -0.9390 -0.1671 0.3005
vn -0.9845 -0.1609 0.0693
vn -0.9845 -0.1518 -0.0875
vn -0.9390 -0.1312 -0.3178
vn -0.7983 -0.0926 -0.5952
vn -0.5792 -0.0450 -0.8140
vn -0.1534 0.0267 -0.9878
vn -0.3034 0.0070 -0.9528
vn -0.3050 -0.0914 0.9479
vn -0.1545 -0.0818 0.9846
vn -0.5823 -0.1161 0.8046
vn -0.8026 -0.1295 0.5823
vn -0.9442 -0.1301 0.3026
vn -0.9899 -0.1221 0.0716
vn -0.9899 -0.1130 -0.0852
vn -0.9442 -0.0942 -0.3156
vn -0.8026 -0.0612 -0.5933
vn -0.5823 -0.0222 -0.8127
vn -0.1545 0.0327 -0.9875
vn -0.3050 0.0190 -0.9522
vn -0.3062 -0.0794 0.9486
vn -0.1553 -0.0757 0.9850
vn -0.5846 -0.0931 0.8060
vn -0.8058 -0.0978 0.5841
vn -0.9479 -0.0928 0.3048
vn -0.9938 -0.0830 0.0739
vn -0.9938 -0.0739 -0.0830
vn -0.9479 -0.0569 -0.3135
vn -0.8058 -0.0295 -0.5915
vn -0.5846 0.0008 -0.8113
vn -0.1553 0.0388 -0.9871
vn -0.3062 0.0310 -0.9515
vn -0.1563 -0.0634 0.9857
vn -0.1559 -0.0696 0.9853
vn -0.3069 -0.0673 0.9493
vn -0.5860 -0.0701 0.8073
vn -0.8077 -0.0660 0.5860
vn -0.9501 -0.0554 0.3070
vn -0.9961 -0.0347 -0.0807
vn -0.9501 -0.0195 -0.3113
vn -0.8077 0.0023 -0.5897
vn -0.5860 0.0239 -0.8100
vn -0.3069 0.0431 -0.9508
vn -0.1563 0.0511 -0.9864
vn -0.1559 0.0450 -0.9867
vn -0.3070 -0.0547 0.9501
vn -0.5863 -0.0461 0.8088
vn -0.8082 -0.0329 0.5880
vn -0.9508 -0.0165 0.3093
vn -0.9969 -0.0031 0.0785
vn -0.9961 -0.0438 0.0761
vn -0.9969 0.0060 -0.0783
vn -0.9508 0.0194 -0.3091
vn -0.8082 0.0354 -0.5878
vn -0.5863 0.0479 -0.8087
vn -0.3070 0.0557 -0.9501
vn -0.3064 -0.0409 0.9510
vn -0.1564 -0.0570 0.9860
vn -0.5855 -0.0197 0.8105
vn -0.8072 0.0035 0.5902
vn -0.9498 0.0263 0.3118
vn -0.9958 0.0419 0.0811
vn -0.9958 0.0510 -0.0757
vn -0.9498 0.0622 -0.3067
vn -0.8072 0.0718 -0.5858
vn -0.5855 0.0743 -0.8073
vn -0.1564 0.0575 -0.9860
vn -0.3064 0.0695 -0.9493
vn -0.3052 -0.0258 0.9519
vn -0.1562 -0.0500 0.9865
vn -0.5833 0.0093 0.8122
vn -0.8043 0.0434 0.5926
vn -0.9464 0.0733 0.3146
vn -0.9923 0.0912 0.0840
vn -0.9923 0.1003 -0.0729
vn -0.9464 0.1093 -0.3040
vn -0.8043 0.1117 -0.5836
vn -0.5833 0.1033 -0.8057
vn -0.1562 0.0646 -0.9856
vn -0.3052 0.0846 -0.9485
vn -0.3030 -0.0096 0.9529
vn -0.1557 -0.0423 0.9869
vn -0.5793 0.0401 0.8141
vn -0.7990 0.0860 0.5952
vn -0.9402 0.1234 0.3176
vn -0.9858 0.1437 0.0871
vn -0.9858 0.1528 -0.0699
vn -0.9402 0.1593 -0.3012
vn -0.7990 0.1543 -0.5813
vn -0.5793 0.1341 -0.8040
vn -0.1557 0.0723 -0.9852
vn -0.3030 0.1008 -0.9476
vn -0.2998 0.0074 0.9540
vn -0.1546 -0.0340 0.9874
vn -0.5733 0.0727 0.8161
vn -0.7908 0.1310 0.5979
vn -0.9306 0.1764 0.3208
vn -0.9758 0.1992 0.0903
vn -0.9758 0.2084 -0.0666
vn -0.9306 0.2123 -0.2982
vn -0.7908 0.1993 -0.5787
vn -0.5733 0.1667 -0.8022
vn -0.1546 0.0805 -0.9847
vn -0.2998 0.1178 -0.9467
vn -0.2953 0.0253 0.9551
vn -0.1531 -0.0253 0.9879
vn -0.5649 0.1070 0.8182
vn -0.7793 0.1782 0.6008
vn -0.9172 0.2320 0.3241
vn -0.9617 0.2576 0.0937
vn -0.9617 0.2667 -0.0633
vn -0.9172 0.2680 -0.2950
vn -0.7793 0.2466 -0.5761
vn -0.5649 0.2010 -0.8003
vn -0.1531 0.0892 -0.9842
vn -0.2953 0.1357 -0.9457
vn -0.2894 0.0438 0.9562
vn -0.1508 -0.0162 0.9884
vn -0.5538 0.1425 0.8203
vn -0.7641 0.2273 0.6037
vn -0.8993 0.2897 0.3275
vn -0.9430 0.3181 0.0972
vn -0.9431 0.3272 -0.0598
vn -0.8993 0.3257 -0.2917
vn -0.7641 0.2956 -0.5734
vn -0.5538 0.2365 -0.7983
vn -0.1508 0.0984 -0.9836
vn -0.2894 0.1542 -0.9447
vn -0.2820 0.0628 0.9574
vn -0.1479 -0.0067 0.9890
vn -0.5398 0.1789 0.8225
vn -0.7449 0.2776 0.6067
vn -0.8767 0.3490 0.3310
vn -0.9194 0.3803 0.1009
vn -0.9194 0.3894 -0.0562
vn -0.8767 0.3850 -0.2883
vn -0.7449 0.3460 -0.5705
vn -0.5398 0.2730 -0.7963
vn -0.1479 0.1079 -0.9831
vn -0.2820 0.1733 -0.9436
vn -0.2730 0.0820 0.9585
vn -0.1442 0.0031 0.9895
vn -0.5227 0.2158 0.8248
vn -0.7213 0.3285 0.6098
vn -0.8491 0.4089 0.3345
vn -0.8904 0.4431 0.1045
vn -0.8904 0.4522 -0.0525
vn -0.8491 0.4449 -0.2849
vn -0.7213 0.3969 -0.5676
vn -0.5227 0.3098 -0.7942
vn -0.1442 0.1176 -0.9825
vn -0.2730 0.1925 -0.9426
vn -0.2623 0.1012 0.9597
vn -0.1396 0.0129 0.9901
vn -0.5024 0.2525 0.8269
vn -0.6934 0.3791 0.6128
vn -0.8162 0.4686 0.3380
vn -0.8559 0.5057 0.1082
vn -0.8559 0.5148 -0.0489
vn -0.8162 0.5046 -0.2815
vn -0.6934 0.4475 -0.5648
vn -0.5024 0.3465 -0.7922
vn -0.1396 0.1275 -0.9820
vn -0.2623 0.2116 -0.9415
vn -0.2501 0.1199 0.9608
vn -0.1342 0.0227 0.9907
vn -0.4791 0.2884 0.8291
vn -0.6612 0.4287 0.6157
vn -0.7783 0.5269 0.3414
vn -0.8162 0.5669 0.1117
vn -0.8162 0.5760 -0.0453
vn -0.7783 0.5629 -0.2781
vn -0.6612 0.4971 -0.5619
vn -0.4791 0.3824 -0.7901
vn -0.1342 0.1373 -0.9814
vn -0.2501 0.2303 -0.9404
vn -0.2364 0.1379 0.9618
vn -0.1280 0.0323 0.9912
vn -0.4529 0.3228 0.8311
vn -0.6250 0.4763 0.6185
vn -0.7358 0.5829 0.3447
vn -0.7716 0.6256 0.1151
vn -0.7716 0.6347 -0.0419
vn -0.7358 0.6189 -0.2749
vn -0.6250 0.5447 -0.5592
vn -0.4529 0.4169 -0.7881
vn -0.1280 0.1469 -0.9808
vn -0.2364 0.2483 -0.9394
vn -0.1133 0.0502 0.9923
vn -0.1210 0.0415 0.9918
vn -0.2214 0.1549 0.9628
vn -0.4241 0.3553 0.8330
vn -0.5854 0.5211 0.6211
vn -0.6891 0.6358 0.3477
vn -0.7226 0.6901 -0.0387
vn -0.6891 0.6718 -0.2718
vn -0.5854 0.5896 -0.5565
vn -0.4241 0.4494 -0.7862
vn -0.2214 0.2653 -0.9384
vn -0.1133 0.1648 -0.9798
vn -0.1210 0.1561 -0.9803
vn -0.2051 0.1707 0.9637
vn -0.3928 0.3858 0.8348
vn -0.5422 0.5632 0.6235
vn -0.6383 0.6853 0.3506
vn -0.6694 0.7330 0.1214
vn -0.7226 0.6810 0.1183
vn -0.6694 0.7421 -0.0357
vn -0.6383 0.7213 -0.2689
vn -0.5422 0.6316 -0.5541
vn -0.3928 0.4799 -0.7845
vn -0.2051 0.2812 -0.9375
vn -0.1874 0.1855 0.9646
vn -0.1050 0.0584 0.9928
vn -0.3589 0.4142 0.8364
vn -0.4954 0.6024 0.6258
vn -0.5832 0.7315 0.3533
vn -0.6116 0.7814 0.1242
vn -0.6116 0.7905 -0.0329
vn -0.5832 0.7674 -0.2663
vn -0.4954 0.6708 -0.5519
vn -0.3589 0.5083 -0.7829
vn -0.1050 0.1729 -0.9793
vn -0.1874 0.2960 -0.9366
vn -0.0863 0.0729 0.9936
vn -0.0959 0.0660 0.9932
vn -0.1685 0.1991 0.9654
vn -0.3228 0.4401 0.8379
vn -0.4456 0.6381 0.6279
vn -0.5245 0.7735 0.3558
vn -0.5501 0.8346 -0.0303
vn -0.5245 0.8095 -0.2638
vn -0.4456 0.7065 -0.5498
vn -0.3228 0.5341 -0.7813
vn -0.1685 0.3095 -0.9359
vn -0.0863 0.1874 -0.9785
vn -0.0959 0.1805 -0.9789
vn -0.0762 0.0790 0.9940
vn -0.1489 0.2111 0.9661
vn -0.2851 0.4630 0.8392
vn -0.3935 0.6698 0.6297
vn -0.5501 0.8255 0.1267
vn -0.4633 0.8107 0.3579
vn -0.4858 0.8736 -0.0280
vn -0.4633 0.8467 -0.2616
vn -0.3935 0.7382 -0.5479
vn -0.2851 0.5571 -0.7800
vn -0.1489 0.3215 -0.9351
vn -0.0762 0.1936 -0.9781
vn -0.0659 0.0843 0.9943
vn -0.1288 0.2214 0.9666
vn -0.2466 0.4827 0.8403
vn -0.3403 0.6969 0.6312
vn -0.4858 0.8645 0.1290
vn -0.4006 0.8427 0.3597
vn -0.4201 0.9071 -0.0261
vn -0.4006 0.8787 -0.2598
vn -0.3403 0.7653 -0.5463
vn -0.2466 0.5768 -0.7788
vn -0.1288 0.3318 -0.9345
vn -0.0659 0.1988 -0.9778
vn -0.0555 0.0886 0.9945
vn -0.1086 0.2300 0.9671
vn -0.2079 0.4991 0.8412
vn -0.2868 0.7195 0.6325
vn -0.4201 0.8980 0.1309
vn -0.3376 0.8692 0.3612
vn -0.3541 0.9349 -0.0245
vn -0.3376 0.9052 -0.2582
vn -0.2868 0.7879 -0.5449
vn -0.2079 0.5932 -0.7778
vn -0.1086 0.3405 -0.9340
vn -0.0555 0.2032 -0.9776
vn -0.0453 0.0921 0.9947
vn -0.0886 0.2370 0.9675
vn -0.1696 0.5123 0.8419
vn -0.2340 0.7376 0.6334
vn -0.3541 0.9258 0.1326
vn -0.2754 0.8904 0.3624
vn -0.2888 0.9571 -0.0232
vn -0.2754 0.9264 -0.2569
vn -0.2340 0.8060 -0.5438
vn -0.1696 0.6063 -0.7769
vn -0.0886 0.3474 -0.9335
vn -0.0453 0.2067 -0.9774
vn -0.0353 0.0948 0.9949
vn -0.0691 0.2424 0.9677
vn -0.1323 0.5224 0.8424
vn -0.1825 0.7514 0.6341
vn -0.2888 0.9480 0.1338
vn -0.2148 0.9066 0.3633
vn -0.2253 0.9740 -0.0222
vn -0.2148 0.9425 -0.2559
vn -0.1825 0.8197 -0.5429
vn -0.1323 0.6164 -0.7762
vn -0.0691 0.3528 -0.9331
vn -0.0353 0.2093 -0.9772
vn -0.0258 0.0967 0.9950
vn -0.0504 0.2463 0.9679
vn -0.0965 0.5297 0.8427
vn -0.1331 0.7613 0.6346
vn -0.2253 0.9649 0.1348
vn -0.1566 0.9182 0.3639
vn -0.1642 0.9862 -0.0215
vn -0.1566 0.9541 -0.2551
vn -0.1331 0.8296 -0.5422
vn -0.0965 0.6237 -0.7757
vn -0.0504 0.3567 -0.9329
vn -0.0258 0.2112 -0.9771
vn -0.0167 0.0979 0.9951
vn -0.0326 0.2489 0.9680
vn -0.0624 0.5345 0.8429
vn -0.0861 0.7678 0.6349
vn -0.1642 0.9771 0.1355
vn -0.1013 0.9258 0.3643
vn -0.1062 0.9941 -0.0210
vn -0.1013 0.9617 -0.2546
vn -0.0861 0.8361 -0.5417
vn -0.0624 0.6285 -0.7753
vn -0.0326 0.3593 -0.9327
vn -0.0167 0.2125 -0.9770
vn -0.0081 0.0986 0.9951
vn -0.0159 0.2504 0.9680
vn -0.0303 0.5372 0.8429
vn -0.0418 0.7714 0.6350
vn -0.1062 0.9850 0.1360
vn -0.0492 0.9299 0.3644
vn -0.0516 0.9985 -0.0207
vn -0.0492 0.9659 -0.2543
vn -0.0418 0.8397 -0.5414
vn -0.0303 0.6311 -0.7751
vn -0.0159 0.3608 -0.9325
vn -0.0081 0.2132 -0.9770
vn -0.0002 0.0988 0.9951
vn -0.0004 0.2511 0.9680
vn -0.0008 0.5382 0.8428
vn -0.0012 0.7726 0.6349
vn -0.0516 0.9893 0.1362
vn -0.0014 0.9312 0.3644
vn -0.0014 0.9998 -0.0206
vn -0.0014 0.9672 -0.2541
vn -0.0012 0.8409 -0.5412
vn -0.0008 0.6321 -0.7749
vn -0.0004 0.3615 -0.9324
vn -0.0002 0.2134 -0.9770
vn 0.0072 0.0987 0.9951
vn 0.0140 0.2508 0.9679
vn 0.0268 0.5376 0.8428
vn 0.0369 0.7718 0.6348
vn -0.0014 0.9907 0.1363
vn 0.0435 0.9303 0.3643
vn 0.0456 0.9987 -0.0207
vn 0.0435 0.9662 -0.2542
vn 0.0369 0.8401 -0.5412
vn 0.0268 0.6315 -0.7749
vn 0.0140 0.3612 -0.9324
vn 0.0072 0.2132 -0.9770
vn 0.0288 0.2496 0.9679
vn 0.0550 0.5355 0.8427
vn 0.0759 0.7690 0.6347
vn 0.0893 0.9270 0.3642
vn 0.0936 0.9863 0.1360
vn 0.0456 0.9896 0.1362
vn 0.0936 0.9954 -0.0209
vn 0.0893 0.9630 -0.2544
vn 0.0759 0.8373 -0.5414
vn 0.0550 0.6295 -0.7751
vn 0.0288 0.3600 -0.9325
vn 0.0444 0.2476 0.9678
vn 0.0147 0.0982 0.9951
vn 0.0848 0.5318 0.8426
vn 0.1169 0.7640 0.6345
vn 0.1376 0.9212 0.3639
vn 0.1443 0.9802 0.1357
vn 0.1443 0.9893 -0.0213
vn 0.1376 0.9572 -0.2548
vn 0.1169 0.8323 -0.5418
vn 0.0848 0.6258 -0.7754
vn 0.0147 0.2127 -0.9770
vn 0.0444 0.3580 -0.9327
vn 0.0607 0.2446 0.9677
vn 0.0226 0.0972 0.9950
vn 0.1160 0.5263 0.8424
vn 0.1600 0.7565 0.6342
vn 0.1883 0.9124 0.3635
vn 0.1974 0.9710 0.1351
vn 0.1974 0.9801 -0.0218
vn 0.1883 0.9483 -0.2554
vn 0.1600 0.8248 -0.5423
vn 0.1160 0.6203 -0.7758
vn 0.0226 0.2118 -0.9771
vn 0.0607 0.3550 -0.9329
vn 0.0776 0.2406 0.9675
vn 0.0310 0.0957 0.9949
vn 0.1485 0.5186 0.8420
vn 0.2048 0.7460 0.6337
vn 0.2410 0.9002 0.3628
vn 0.2527 0.9582 0.1344
vn 0.2527 0.9673 -0.0225
vn 0.2410 0.9361 -0.2561
vn 0.2048 0.8144 -0.5430
vn 0.1485 0.6126 -0.7763
vn 0.0310 0.2103 -0.9771
vn 0.0776 0.3510 -0.9332
vn 0.0951 0.2353 0.9673
vn 0.0396 0.0937 0.9948
vn 0.1819 0.5087 0.8415
vn 0.2509 0.7324 0.6329
vn 0.2953 0.8842 0.3619
vn 0.3096 0.9414 0.1334
vn 0.3096 0.9506 -0.0235
vn 0.2953 0.9202 -0.2571
vn 0.2509 0.8008 -0.5439
vn 0.1819 0.6027 -0.7769
vn 0.0396 0.2083 -0.9773
vn 0.0951 0.3457 -0.9335
vn 0.1129 0.2288 0.9669
vn 0.0486 0.0911 0.9947
vn 0.2160 0.4963 0.8408
vn 0.2980 0.7154 0.6320
vn 0.3507 0.8642 0.3608
vn 0.3677 0.9205 0.1322
vn 0.3677 0.9296 -0.0248
vn 0.3507 0.9002 -0.2583
vn 0.2980 0.7838 -0.5449
vn 0.2160 0.5904 -0.7777
vn 0.0486 0.2057 -0.9774
vn 0.1129 0.3392 -0.9339
vn 0.1308 0.2209 0.9665
vn 0.0577 0.0878 0.9945
vn 0.2503 0.4814 0.8400
vn 0.3453 0.6948 0.6309
vn 0.4064 0.8400 0.3594
vn 0.4262 0.8951 0.1308
vn 0.4262 0.9042 -0.0262
vn 0.4064 0.8760 -0.2597
vn 0.3453 0.7632 -0.5462
vn 0.2503 0.5754 -0.7786
vn 0.0577 0.2024 -0.9776
vn 0.1308 0.3313 -0.9344
vn 0.1486 0.2117 0.9660
vn 0.0668 0.0838 0.9942
vn 0.2844 0.4638 0.8390
vn 0.3924 0.6706 0.6295
vn 0.4619 0.8116 0.3578
vn 0.4843 0.8653 0.1290
vn 0.4843 0.8744 -0.0280
vn 0.4619 0.8475 -0.2614
vn 0.3924 0.7390 -0.5476
vn 0.2844 0.5578 -0.7797
vn 0.0668 0.1984 -0.9778
vn 0.1486 0.3221 -0.9350
vn 0.1661 0.2012 0.9654
vn 0.0760 0.0791 0.9940
vn 0.3178 0.4437 0.8379
vn 0.4386 0.6429 0.6279
vn 0.5162 0.7790 0.3559
vn 0.5413 0.8312 0.1271
vn 0.5413 0.8403 -0.0300
vn 0.5162 0.8150 -0.2633
vn 0.4386 0.7113 -0.5493
vn 0.3178 0.5378 -0.7809
vn 0.0760 0.1937 -0.9781
vn 0.1661 0.3116 -0.9356
vn 0.1829 0.1895 0.9647
vn 0.0849 0.0738 0.9937
vn 0.3501 0.4213 0.8366
vn 0.4831 0.6120 0.6261
vn 0.5686 0.7426 0.3538
vn 0.5962 0.7931 0.1248
vn 0.5962 0.8022 -0.0322
vn 0.5686 0.7786 -0.2654
vn 0.4831 0.6804 -0.5511
vn 0.3501 0.5154 -0.7822
vn 0.0849 0.1884 -0.9784
vn 0.1829 0.2999 -0.9363
vn 0.1990 0.1766 0.9640
vn 0.0935 0.0678 0.9933
vn 0.3810 0.3966 0.8352
vn 0.5257 0.5780 0.6242
vn 0.6188 0.7025 0.3515
vn 0.6488 0.7510 0.1224
vn 0.6489 0.7601 -0.0346
vn 0.6188 0.7385 -0.2678
vn 0.5257 0.6464 -0.5531
vn 0.3810 0.4907 -0.7836
vn 0.0935 0.1824 -0.9788
vn 0.1990 0.2870 -0.9370
vn 0.1096 0.0541 0.9925
vn 0.1018 0.0612 0.9929
vn 0.2143 0.1625 0.9631
vn 0.4103 0.3698 0.8336
vn 0.5661 0.5410 0.6220
vn 0.6663 0.6590 0.3490
vn 0.6987 0.7144 -0.0373
vn 0.6663 0.6950 -0.2703
vn 0.5661 0.6093 -0.5552
vn 0.4103 0.4638 -0.7852
vn 0.2143 0.2730 -0.9378
vn 0.1096 0.1686 -0.9796
vn 0.1018 0.1758 -0.9792
vn 0.1168 0.0465 0.9921
vn 0.2285 0.1479 0.9623
vn 0.4373 0.3416 0.8319
vn 0.6033 0.5020 0.6197
vn 0.6987 0.7053 0.1197
vn 0.7101 0.6131 0.3463
vn 0.7446 0.6663 -0.0401
vn 0.7101 0.6491 -0.2729
vn 0.6033 0.5704 -0.5574
vn 0.4373 0.4357 -0.7868
vn 0.2285 0.2583 -0.9387
vn 0.1168 0.1611 -0.9800
vn 0.1232 0.0388 0.9916
vn 0.2412 0.1328 0.9613
vn 0.4615 0.3128 0.8302
vn 0.6366 0.4622 0.6173
vn 0.7446 0.6572 0.1169
vn 0.7493 0.5662 0.3435
vn 0.7857 0.6171 -0.0429
vn 0.7493 0.6022 -0.2756
vn 0.6366 0.5306 -0.5596
vn 0.4615 0.4068 -0.7884
vn 0.2412 0.2433 -0.9395
vn 0.1232 0.1534 -0.9805
vn 0.1289 0.0310 0.9912
vn 0.2525 0.1177 0.9604
vn 0.4829 0.2838 0.8284
vn 0.6661 0.4221 0.6149
vn 0.7857 0.6080 0.1141
vn 0.7839 0.5190 0.3407
vn 0.8220 0.5676 -0.0458
vn 0.7839 0.5549 -0.2783
vn 0.6661 0.4905 -0.5619
vn 0.4829 0.3778 -0.7900
vn 0.2525 0.2281 -0.9403
vn 0.1289 0.1456 -0.9809
vn 0.1339 0.0233 0.9907
vn 0.2623 0.1027 0.9595
vn 0.5016 0.2550 0.8267
vn 0.6919 0.3823 0.6125
vn 0.8220 0.5585 0.1112
vn 0.8142 0.4721 0.3379
vn 0.8537 0.5185 -0.0486
vn 0.8142 0.5081 -0.2810
vn 0.6919 0.4507 -0.5641
vn 0.5016 0.3490 -0.7916
vn 0.2623 0.2131 -0.9411
vn 0.1339 0.1379 -0.9814
vn 0.1382 0.0158 0.9903
vn 0.2708 0.0880 0.9586
vn 0.5178 0.2267 0.8249
vn 0.7140 0.3433 0.6101
vn 0.8537 0.5094 0.1083
vn 0.8402 0.4263 0.3352
vn 0.8810 0.4703 -0.0514
vn 0.8402 0.4622 -0.2836
vn 0.7140 0.4117 -0.5663
vn 0.5178 0.3207 -0.7931
vn 0.2708 0.1984 -0.9420
vn 0.1382 0.1303 -0.9818
vn 0.1418 0.0085 0.9899
vn 0.2781 0.0737 0.9577
vn 0.5315 0.1994 0.8233
vn 0.7329 0.3056 0.6078
vn 0.8810 0.4612 0.1055
vn 0.8624 0.3818 0.3325
vn 0.9042 0.4237 -0.0541
vn 0.8624 0.4177 -0.2861
vn 0.7329 0.3739 -0.5684
vn 0.5315 0.2934 -0.7946
vn 0.2781 0.1841 -0.9427
vn 0.1418 0.1230 -0.9822
vn 0.1449 0.0014 0.9894
vn 0.2843 0.0600 0.9569
vn 0.5431 0.1731 0.8216
vn 0.7488 0.2692 0.6056
vn 0.9042 0.4146 0.1028
vn 0.8810 0.3390 0.3300
vn 0.9237 0.3788 -0.0567
vn 0.8810 0.3749 -0.2885
vn 0.7488 0.3375 -0.5704
vn 0.5431 0.2670 -0.7961
vn 0.2843 0.1704 -0.9435
vn 0.1449 0.1160 -0.9826
vn 0.1475 -0.0053 0.9891
vn 0.2894 0.0469 0.9561
vn 0.5528 0.1479 0.8201
vn 0.7621 0.2345 0.6035
vn 0.9237 0.3697 0.1002
vn 0.8966 0.2981 0.3276
vn 0.9400 0.3360 -0.0592
vn 0.8966 0.3341 -0.2909
vn 0.7621 0.3028 -0.5723
vn 0.5528 0.2419 -0.7975
vn 0.2894 0.1572 -0.9442
vn 0.1475 0.1093 -0.9830
vn 0.1496 -0.0117 0.9887
vn 0.2937 0.0344 0.9553
vn 0.5608 0.1241 0.8186
vn 0.7730 0.2016 0.6016
vn 0.9400 0.3269 0.0977
vn 0.9093 0.2594 0.3253
vn 0.9534 0.2953 -0.0615
vn 0.9093 0.2953 -0.2930
vn 0.7730 0.2699 -0.5742
vn 0.5608 0.2180 -0.7988
vn 0.2937 0.1448 -0.9449
vn 0.1496 0.1029 -0.9834
vn 0.1513 -0.0177 0.9883
vn 0.2972 0.0226 0.9546
vn 0.5673 0.1015 0.8172
vn 0.7819 0.1705 0.5997
vn 0.9534 0.2862 0.0953
vn 0.9198 0.2228 0.3231
vn 0.9643 0.2569 -0.0638
vn 0.9198 0.2587 -0.2951
vn 0.7819 0.2388 -0.5759
vn 0.5673 0.1954 -0.8000
vn 0.2972 0.1330 -0.9455
vn 0.1513 0.0969 -0.9837
vn 0.1525 -0.0226 0.9880
vn 0.3001 0.0131 0.9538
vn 0.5722 0.0832 0.8159
vn 0.7883 0.1452 0.5979
vn 0.9643 0.2478 0.0931
vn 0.9272 0.1930 0.3212
vn 0.9720 0.2257 -0.0655
vn 0.9272 0.2289 -0.2966
vn 0.7883 0.2135 -0.5770
vn 0.5722 0.1771 -0.8007
vn 0.3001 0.1235 -0.9459
vn 0.1525 0.0920 -0.9840
vn 0.1128 -0.1484 0.9825
vn 0.2813 -0.2811 0.9175
vn 0.4734 -0.4281 0.7699
vn 0.6745 -0.5732 0.4653
vn 0.7709 -0.6298 0.0949
vn 0.9720 0.2166 0.0912
vn 0.7709 -0.6146 -0.1672
vn 0.6745 -0.5155 -0.5286
vn 0.4734 -0.3360 -0.8142
vn 0.2813 -0.1730 -0.9439
vn 0.1128 -0.0337 -0.9930
vn 0.0769 -0.1190 0.9899
vn 0.0771 -0.1199 0.9898
vn 0.2007 -0.2162 0.9555
vn 0.3694 -0.3458 0.8626
vn 0.5503 -0.4802 0.6830
vn 0.7122 -0.5920 0.3772
vn 0.7759 -0.6121 -0.1527
vn 0.7122 -0.5443 -0.4432
vn 0.5503 -0.3979 -0.7341
vn 0.3694 -0.2435 -0.8968
vn 0.2007 -0.1041 -0.9741
vn 0.0769 -0.0036 -0.9970
vn 0.0771 -0.0045 -0.9970
vn 0.1859 0.1769 0.9665
vn 0.3370 0.3722 0.8648
vn 0.4773 0.5589 0.6781
vn 0.5836 0.7085 0.3969
vn 0.6213 0.7707 0.1411
vn 0.7759 -0.6257 0.0808
vn 0.6213 0.7819 -0.0509
vn 0.5836 0.7497 -0.3122
vn 0.4773 0.6336 -0.6089
vn 0.3370 0.4698 -0.8159
vn 0.1859 0.2877 -0.9395
vn -0.0770 0.0042 0.9970
vn 0.0767 0.0382 0.9963
vn -0.2008 0.1054 0.9739
vn -0.3694 0.2459 0.8962
vn -0.5497 0.4009 0.7329
vn -0.7105 0.5475 0.4422
vn -0.7735 0.6287 -0.0801
vn -0.7105 0.5950 -0.3758
vn -0.5497 0.4831 -0.6815
vn -0.3694 0.3480 -0.8617
vn -0.2008 0.2175 -0.9552
vn -0.0770 0.1196 -0.9898
vn 0.0767 0.1533 -0.9852
vn -0.3021 -0.1236 0.9452
vn -0.5737 -0.1769 0.7997
vn -0.7892 -0.2129 0.5760
vn -0.9276 -0.2280 0.2961
vn -0.9722 -0.2248 0.0655
vn -0.7735 0.6152 0.1524
vn -0.9722 -0.2157 -0.0911
vn -0.9276 -0.1922 -0.3205
vn -0.7892 -0.1447 -0.5968
vn -0.5737 -0.0831 -0.8148
vn -0.3021 -0.0133 -0.9532
vn -0.1514 -0.0963 0.9838
vn -0.1525 -0.0918 0.9840
vn -0.3010 -0.1327 0.9443
vn -0.5704 -0.1939 0.7982
vn -0.7840 -0.2362 0.5741
vn -0.9210 -0.2553 0.2941
vn -0.9653 -0.2443 -0.0927
vn -0.9210 -0.2196 -0.3217
vn -0.7840 -0.1681 -0.5976
vn -0.5704 -0.1002 -0.8153
vn -0.3010 -0.0225 -0.9534
vn -0.1514 0.0182 -0.9883
vn -0.1526 0.0227 -0.9880
vn -0.1496 -0.1030 0.9834
vn -0.2974 -0.1460 0.9435
vn -0.5634 -0.2189 0.7966
vn -0.7743 -0.2705 0.5721
vn -0.9653 -0.2534 0.0638
vn -0.9096 -0.2957 0.2918
vn -0.9533 -0.2866 -0.0952
vn -0.9096 -0.2600 -0.3240
vn -0.7743 -0.2025 -0.5996
vn -0.5634 -0.1252 -0.8166
vn -0.2974 -0.0357 -0.9541
vn -0.1496 0.0116 -0.9887
vn -0.1472 -0.1100 0.9830
vn -0.2929 -0.1600 0.9427
vn -0.5546 -0.2455 0.7950
vn -0.7622 -0.3071 0.5699
vn -0.9533 -0.2957 0.0613
vn -0.8954 -0.3386 0.2892
vn -0.9383 -0.3316 -0.0978
vn -0.8954 -0.3029 -0.3265
vn -0.7622 -0.2390 -0.6016
vn -0.5546 -0.1518 -0.8181
vn -0.2929 -0.0498 -0.9549
vn -0.1472 0.0045 -0.9891
vn -0.1443 -0.1175 0.9825
vn -0.2872 -0.1749 0.9418
vn -0.5438 -0.2737 0.7933
vn -0.7472 -0.3457 0.5676
vn -0.9383 -0.3407 0.0587
vn -0.8778 -0.3840 0.2866
vn -0.9199 -0.3791 -0.1005
vn -0.8778 -0.3482 -0.3291
vn -0.7472 -0.2776 -0.6038
vn -0.5438 -0.1800 -0.8197
vn -0.2872 -0.0647 -0.9557
vn -0.1443 -0.0029 -0.9895
vn -0.1408 -0.1253 0.9821
vn -0.2804 -0.1905 0.9408
vn -0.5306 -0.3032 0.7915
vn -0.7290 -0.3862 0.5652
vn -0.9199 -0.3882 0.0560
vn -0.8563 -0.4315 0.2837
vn -0.8974 -0.4289 -0.1034
vn -0.8563 -0.3957 -0.3318
vn -0.7290 -0.3181 -0.6061
vn -0.5306 -0.2095 -0.8213
vn -0.2804 -0.0803 -0.9565
vn -0.1408 -0.0107 -0.9900
vn -0.1365 -0.1334 0.9816
vn -0.2721 -0.2068 0.9398
vn -0.5148 -0.3338 0.7897
vn -0.7071 -0.4283 0.5626
vn -0.8974 -0.4380 0.0531
vn -0.8306 -0.4809 0.2808
vn -0.8704 -0.4807 -0.1064
vn -0.8306 -0.4452 -0.3346
vn -0.7071 -0.3602 -0.6084
vn -0.5148 -0.2401 -0.8230
vn -0.2721 -0.0966 -0.9574
vn -0.1365 -0.0188 -0.9905
vn -0.1315 -0.1417 0.9811
vn -0.2622 -0.2235 0.9388
vn -0.4959 -0.3654 0.7878
vn -0.6812 -0.4715 0.5601
vn -0.8704 -0.4898 0.0501
vn -0.8000 -0.5317 0.2778
vn -0.8384 -0.5340 -0.1095
vn -0.8000 -0.4960 -0.3375
vn -0.6812 -0.4035 -0.6109
vn -0.4959 -0.2717 -0.8248
vn -0.2622 -0.1133 -0.9583
vn -0.1315 -0.0272 -0.9909
vn -0.1256 -0.1502 0.9806
vn -0.2506 -0.2405 0.9377
vn -0.4739 -0.3973 0.7858
vn -0.6508 -0.5154 0.5574
vn -0.8384 -0.5430 0.0470
vn -0.7644 -0.5833 0.2748
vn -0.8010 -0.5880 -0.1127
vn -0.7644 -0.5475 -0.3405
vn -0.6508 -0.4474 -0.6134
vn -0.4739 -0.3037 -0.8266
vn -0.2506 -0.1303 -0.9593
vn -0.1256 -0.0356 -0.9914
vn -0.1189 -0.1586 0.9802
vn -0.2373 -0.2574 0.9367
vn -0.4485 -0.4293 0.7839
vn -0.6160 -0.5592 0.5548
vn -0.8010 -0.5970 0.0438
vn -0.7234 -0.6347 0.2718
vn -0.7581 -0.6418 -0.1158
vn -0.7234 -0.5989 -0.3435
vn -0.6160 -0.4912 -0.6159
vn -0.4485 -0.3356 -0.8284
vn -0.2373 -0.1472 -0.9602
vn -0.1189 -0.0441 -0.9919
vn -0.1113 -0.1669 0.9797
vn -0.2221 -0.2740 0.9357
vn -0.4199 -0.4605 0.7821
vn -0.5766 -0.6021 0.5523
vn -0.7581 -0.6509 0.0407
vn -0.6771 -0.6850 0.2689
vn -0.7095 -0.6946 -0.1188
vn -0.6771 -0.6493 -0.3464
vn -0.5766 -0.5341 -0.6183
vn -0.4199 -0.3669 -0.8301
vn -0.2221 -0.1638 -0.9612
vn -0.1113 -0.0524 -0.9924
vn -0.1028 -0.1748 0.9792
vn -0.2053 -0.2899 0.9348
vn -0.3880 -0.4905 0.7803
vn -0.5328 -0.6432 0.5499
vn -0.7095 -0.7037 0.0376
vn -0.6257 -0.7333 0.2660
vn -0.6557 -0.7451 -0.1218
vn -0.6257 -0.6975 -0.3492
vn -0.5328 -0.5752 -0.6207
vn -0.3880 -0.3968 -0.8318
vn -0.2053 -0.1797 -0.9621
vn -0.1028 -0.0603 -0.9929
vn -0.1880 -0.3035 0.9341
vn -0.3555 -0.5166 0.7789
vn -0.4882 -0.6792 0.5480
vn -0.5734 -0.7757 0.2637
vn -0.6009 -0.7987 0.0321
vn -0.6557 -0.7542 0.0347
vn -0.6009 -0.7896 -0.1244
vn -0.5734 -0.7399 -0.3517
vn -0.4882 -0.6112 -0.6229
vn -0.3555 -0.4229 -0.8335
vn -0.1880 -0.1933 -0.9630
vn -0.1720 -0.3144 0.9336
vn -0.0942 -0.1818 0.9788
vn -0.3254 -0.5375 0.7779
vn -0.4471 -0.7082 0.5464
vn -0.5252 -0.8097 0.2618
vn -0.5504 -0.8344 0.0300
vn -0.5504 -0.8253 -0.1265
vn -0.5252 -0.7740 -0.3538
vn -0.4471 -0.6401 -0.6247
vn -0.3254 -0.4439 -0.8349
vn -0.0942 -0.0673 -0.9933
vn -0.1720 -0.2042 -0.9637
vn -0.0787 -0.1922 0.9782
vn -0.0863 -0.1874 0.9785
vn -0.1567 -0.3239 0.9330
vn -0.2965 -0.5555 0.7769
vn -0.4074 -0.7328 0.5450
vn -0.4785 -0.8387 0.2601
vn -0.5015 -0.8556 -0.1282
vn -0.4785 -0.8029 -0.3554
vn -0.4074 -0.6648 -0.6262
vn -0.2965 -0.4618 -0.8359
vn -0.1567 -0.2137 -0.9643
vn -0.0787 -0.0776 -0.9939
vn -0.0863 -0.0729 -0.9936
vn -0.1409 -0.3325 0.9325
vn -0.2666 -0.5717 0.7759
vn -0.3663 -0.7551 0.5437
vn -0.4302 -0.8649 0.2586
vn -0.4509 -0.8922 0.0267
vn -0.5015 -0.8647 0.0283
vn -0.4508 -0.8831 -0.1298
vn -0.4302 -0.8291 -0.3570
vn -0.3663 -0.6871 -0.6275
vn -0.2666 -0.4780 -0.8369
vn -0.1409 -0.2222 -0.9648
vn -0.1247 -0.3401 0.9321
vn -0.0707 -0.1965 0.9779
vn -0.2359 -0.5862 0.7751
vn -0.3242 -0.7750 0.5426
vn -0.3808 -0.8882 0.2572
vn -0.3990 -0.9166 0.0253
vn -0.3990 -0.9075 -0.1312
vn -0.3808 -0.8524 -0.3583
vn -0.3242 -0.7069 -0.6286
vn -0.2359 -0.4925 -0.8377
vn -0.0707 -0.0820 -0.9941
vn -0.1247 -0.2299 -0.9652
vn -0.1083 -0.3466 0.9317
vn -0.0626 -0.2003 0.9777
vn -0.2049 -0.5986 0.7744
vn -0.2815 -0.7921 0.5416
vn -0.3306 -0.9084 0.2561
vn -0.3465 -0.9377 0.0240
vn -0.3465 -0.9286 -0.1325
vn -0.3306 -0.8726 -0.3595
vn -0.2815 -0.7241 -0.6297
vn -0.2049 -0.5049 -0.8385
vn -0.0626 -0.0858 -0.9943
vn -0.1083 -0.2364 -0.9656
vn -0.0918 -0.3522 0.9314
vn -0.0544 -0.2037 0.9775
vn -0.1738 -0.6091 0.7738
vn -0.2387 -0.8066 0.5408
vn -0.2804 -0.9254 0.2551
vn -0.2939 -0.9556 0.0230
vn -0.2939 -0.9465 -0.1335
vn -0.2804 -0.8896 -0.3605
vn -0.2387 -0.7386 -0.6305
vn -0.1738 -0.5154 -0.8391
vn -0.0544 -0.0891 -0.9945
vn -0.0918 -0.2419 -0.9659
vn -0.0755 -0.3567 0.9312
vn -0.0461 -0.2065 0.9774
vn -0.1429 -0.6177 0.7733
vn -0.1963 -0.8184 0.5401
vn -0.2306 -0.9392 0.2543
vn -0.2416 -0.9701 0.0222
vn -0.2416 -0.9610 -0.1343
vn -0.2306 -0.9035 -0.3613
vn -0.1963 -0.7503 -0.6312
vn -0.1429 -0.5240 -0.8396
vn -0.0461 -0.0919 -0.9947
vn -0.0755 -0.2464 -0.9662
vn -0.0594 -0.3601 0.9310
vn -0.0379 -0.2087 0.9772
vn -0.1125 -0.6244 0.7730
vn -0.1545 -0.8276 0.5396
vn -0.1815 -0.9501 0.2537
vn -0.1902 -0.9815 0.0215
vn -0.1902 -0.9724 -0.1350
vn -0.1815 -0.9143 -0.3620
vn -0.1545 -0.7596 -0.6318
vn -0.1125 -0.5307 -0.8401
vn -0.0379 -0.0942 -0.9948
vn -0.0594 -0.2499 -0.9664
vn -0.0437 -0.3627 0.9309
vn -0.0298 -0.2105 0.9771
vn -0.0828 -0.6293 0.7727
vn -0.1138 -0.8344 0.5392
vn -0.1337 -0.9581 0.2532
vn -0.1401 -0.9899 0.0210
vn -0.1401 -0.9808 -0.1355
vn -0.1337 -0.9224 -0.3625
vn -0.1138 -0.7664 -0.6322
vn -0.0828 -0.5356 -0.8404
vn -0.0298 -0.0960 -0.9949
vn -0.0437 -0.2525 -0.9666
vn -0.0286 -0.3644 0.9308
vn -0.0220 -0.2119 0.9771
vn -0.0541 -0.6326 0.7726
vn -0.0744 -0.8390 0.5390
vn -0.0874 -0.9635 0.2529
vn -0.0916 -0.9956 0.0207
vn -0.0916 -0.9865 -0.1358
vn -0.0874 -0.9278 -0.3628
vn -0.0744 -0.7710 -0.6325
vn -0.0541 -0.5389 -0.8406
vn -0.0220 -0.0973 -0.9950
vn -0.0286 -0.2541 -0.9667
vn -0.0140 -0.3653 0.9308
vn -0.0144 -0.2127 0.9770
vn -0.0265 -0.6344 0.7725
vn -0.0365 -0.8416 0.5389
vn -0.0428 -0.9666 0.2528
vn -0.0449 -0.9988 0.0205
vn -0.0449 -0.9897 -0.1360
vn -0.0428 -0.9308 -0.3630
vn -0.0365 -0.7735 -0.6327
vn -0.0265 -0.5407 -0.8408
vn -0.0144 -0.0982 -0.9951
vn -0.0140 -0.2551 -0.9668
vn -0.0009 -0.3653 0.9309
vn -0.0070 -0.2133 0.9770
vn -0.0017 -0.6348 0.7726
vn -0.0024 -0.8423 0.5390
vn -0.0028 -0.9675 0.2528
vn -0.0029 -0.9998 0.0205
vn -0.0029 -0.9907 -0.1361
vn -0.0028 -0.9317 -0.3631
vn -0.0024 -0.7742 -0.6329
vn -0.0017 -0.5411 -0.8410
vn -0.0070 -0.0987 -0.9951
vn -0.0009 -0.2550 -0.9669
vn 0.0102 -0.3649 0.9310
vn -0.0005 -0.2134 0.9770
vn 0.0194 -0.6344 0.7728
vn 0.0267 -0.8418 0.5391
vn 0.0313 -0.9670 0.2529
vn 0.0328 -0.9993 0.0205
vn 0.0328 -0.9902 -0.1361
vn 0.0313 -0.9312 -0.3632
vn 0.0267 -0.7737 -0.6330
vn 0.0194 -0.5406 -0.8410
vn -0.0005 -0.0989 -0.9951
vn 0.0102 -0.2547 -0.9670
vn 0.0104 -0.2131 0.9770
vn 0.0052 -0.2133 0.9770
vn 0.0207 -0.3644 0.9310
vn 0.0393 -0.6334 0.7728
vn 0.0540 -0.8404 0.5392
vn 0.0634 -0.9654 0.2530
vn 0.0665 -0.9885 -0.1360
vn 0.0634 -0.9296 -0.3631
vn 0.0540 -0.7724 -0.6329
vn 0.0393 -0.5397 -0.8410
vn 0.0207 -0.2542 -0.9669
vn 0.0104 -0.0985 -0.9951
vn 0.0052 -0.0988 -0.9951
vn 0.0158 -0.2126 0.9770
vn 0.0315 -0.3636 0.9310
vn 0.0596 -0.6317 0.7729
vn 0.0820 -0.8381 0.5393
vn 0.0665 -0.9976 0.0206
vn 0.0963 -0.9626 0.2531
vn 0.1010 -0.9856 -0.1358
vn 0.0963 -0.9268 -0.3629
vn 0.0820 -0.7700 -0.6327
vn 0.0596 -0.5380 -0.8408
vn 0.0315 -0.2533 -0.9669
vn 0.0158 -0.0981 -0.9951
vn 0.0214 -0.2120 0.9770
vn 0.0424 -0.3623 0.9311
vn 0.0805 -0.6293 0.7730
vn 0.1106 -0.8347 0.5395
vn 0.1010 -0.9947 0.0208
vn 0.1300 -0.9586 0.2534
vn 0.1362 -0.9814 -0.1355
vn 0.1300 -0.9228 -0.3627
vn 0.1106 -0.7666 -0.6325
vn 0.0805 -0.5355 -0.8407
vn 0.0424 -0.2520 -0.9668
vn 0.0214 -0.0974 -0.9950
vn 0.0270 -0.2111 0.9771
vn 0.0536 -0.3606 0.9312
vn 0.1017 -0.6260 0.7732
vn 0.1398 -0.8301 0.5397
vn 0.1362 -0.9905 0.0210
vn 0.1643 -0.9532 0.2537
vn 0.1722 -0.9757 -0.1352
vn 0.1643 -0.9175 -0.3623
vn 0.1398 -0.7621 -0.6322
vn 0.1017 -0.5322 -0.8405
vn 0.0536 -0.2503 -0.9667
vn 0.0270 -0.0965 -0.9950
vn 0.0327 -0.2100 0.9772
vn 0.0650 -0.3584 0.9313
vn 0.1232 -0.6218 0.7734
vn 0.1694 -0.8244 0.5401
vn 0.1722 -0.9848 0.0213
vn 0.1990 -0.9465 0.2541
vn 0.2086 -0.9687 -0.1348
vn 0.1990 -0.9107 -0.3619
vn 0.1694 -0.7563 -0.6319
vn 0.1232 -0.5281 -0.8402
vn 0.0650 -0.2481 -0.9665
vn 0.0327 -0.0954 -0.9949
vn 0.0385 -0.2086 0.9772
vn 0.0765 -0.3557 0.9314
vn 0.1450 -0.6167 0.7737
vn 0.1993 -0.8174 0.5405
vn 0.2086 -0.9778 0.0217
vn 0.2342 -0.9383 0.2545
vn 0.2454 -0.9601 -0.1343
vn 0.2342 -0.9025 -0.3615
vn 0.1993 -0.7494 -0.6315
vn 0.1450 -0.5230 -0.8399
vn 0.0765 -0.2455 -0.9664
vn 0.0385 -0.0941 -0.9948
vn 0.0443 -0.2070 0.9773
vn 0.0880 -0.3526 0.9316
vn 0.1669 -0.6108 0.7740
vn 0.2294 -0.8092 0.5409
vn 0.2454 -0.9692 0.0222
vn 0.2695 -0.9286 0.2551
vn 0.2824 -0.9499 -0.1337
vn 0.2695 -0.8928 -0.3609
vn 0.2294 -0.7411 -0.6310
vn 0.1669 -0.5170 -0.8395
vn 0.0880 -0.2424 -0.9662
vn 0.0443 -0.0925 -0.9947
vn 0.0501 -0.2052 0.9774
vn 0.0996 -0.3490 0.9318
vn 0.1888 -0.6038 0.7744
vn 0.2595 -0.7997 0.5415
vn 0.2824 -0.9590 0.0228
vn 0.3049 -0.9174 0.2557
vn 0.3195 -0.9382 -0.1330
vn 0.3049 -0.8816 -0.3602
vn 0.2595 -0.7316 -0.6304
vn 0.1888 -0.5101 -0.8391
vn 0.0996 -0.2387 -0.9660
vn 0.0501 -0.0906 -0.9946
vn 0.0559 -0.2031 0.9776
vn 0.1111 -0.3448 0.9321
vn 0.2106 -0.5960 0.7749
vn 0.2895 -0.7889 0.5421
vn 0.3195 -0.9473 0.0235
vn 0.3401 -0.9047 0.2565
vn 0.3564 -0.9249 -0.1323
vn 0.3401 -0.8690 -0.3595
vn 0.2895 -0.7208 -0.6298
vn 0.2106 -0.5023 -0.8387
vn 0.1111 -0.2346 -0.9657
vn 0.0559 -0.0885 -0.9945
vn 0.0617 -0.2008 0.9777
vn 0.1225 -0.3402 0.9323
vn 0.2322 -0.5872 0.7754
vn 0.3192 -0.7768 0.5428
vn 0.3564 -0.9340 0.0243
vn 0.3750 -0.8906 0.2573
vn 0.3931 -0.9101 -0.1314
vn 0.3750 -0.8548 -0.3587
vn 0.3192 -0.7088 -0.6291
vn 0.2322 -0.4935 -0.8382
vn 0.1225 -0.2300 -0.9655
vn 0.0617 -0.0862 -0.9944
vn 0.0676 -0.1981 0.9779
vn 0.1345 -0.3350 0.9326
vn 0.2548 -0.5771 0.7759
vn 0.3502 -0.7629 0.5435
vn 0.3931 -0.9192 0.0251
vn 0.4114 -0.8741 0.2582
vn 0.4312 -0.8928 -0.1304
vn 0.4114 -0.8383 -0.3577
vn 0.3502 -0.6948 -0.6282
vn 0.2548 -0.4834 -0.8375
vn 0.1345 -0.2248 -0.9651
vn 0.0676 -0.0835 -0.9942
vn 0.0742 -0.1947 0.9780
vn 0.1475 -0.3286 0.9329
vn 0.2794 -0.5648 0.7765
vn 0.3840 -0.7458 0.5444
vn 0.4312 -0.9019 0.0261
vn 0.4511 -0.8540 0.2593
vn 0.4727 -0.8717 -0.1292
vn 0.4511 -0.8182 -0.3564
vn 0.3840 -0.6777 -0.6271
vn 0.2794 -0.4711 -0.8367
vn 0.1475 -0.2184 -0.9646
vn 0.0742 -0.0802 -0.9940
vn 0.0809 -0.1909 0.9783
vn 0.1610 -0.3210 0.9333
vn 0.3048 -0.5503 0.7773
vn 0.4189 -0.7259 0.5455
vn 0.4727 -0.8808 0.0274
vn 0.4921 -0.8306 0.2606
vn 0.5157 -0.8472 -0.1277
vn 0.4921 -0.7949 -0.3551
vn 0.4189 -0.6578 -0.6259
vn 0.3048 -0.4566 -0.8358
vn 0.1610 -0.2108 -0.9642
vn 0.0809 -0.0763 -0.9938
vn 0.0875 -0.1867 0.9785
vn 0.1742 -0.3126 0.9338
vn 0.3298 -0.5344 0.7782
vn 0.4532 -0.7040 0.5468
vn 0.5157 -0.8563 0.0288
vn 0.5324 -0.8049 0.2621
vn 0.5579 -0.8203 -0.1262
vn 0.5324 -0.7692 -0.3536
vn 0.4532 -0.6360 -0.6246
vn 0.3298 -0.4407 -0.8349
vn 0.1742 -0.2024 -0.9637
vn 0.0875 -0.0721 -0.9935
vn 0.0940 -0.1821 0.9788
vn 0.1870 -0.3035 0.9343
vn 0.3541 -0.5171 0.7792
vn 0.4866 -0.6803 0.5482
vn 0.5579 -0.8294 0.0303
vn 0.5716 -0.7770 0.2637
vn 0.5990 -0.7910 -0.1245
vn 0.5716 -0.7413 -0.3519
vn 0.4866 -0.6122 -0.6233
vn 0.3541 -0.4234 -0.8339
vn 0.1870 -0.1932 -0.9632
vn 0.0940 -0.0675 -0.9933
vn 0.1994 -0.2937 0.9349
vn 0.3775 -0.4986 0.7803
vn 0.6094 -0.7471 0.2655
vn 0.6386 -0.7688 0.0339
vn 0.5990 -0.8001 0.0320
vn 0.6386 -0.7597 -0.1226
vn 0.6094 -0.7114 -0.3502
vn 0.3775 -0.4049 -0.8328
vn 0.1994 -0.1835 -0.9626
vn 0.2112 -0.2833 0.9355
vn 0.1002 -0.1772 0.9791
vn 0.3999 -0.4790 0.7814
vn 0.5495 -0.6279 0.5512
vn 0.5187 -0.6548 0.5497
vn 0.6455 -0.7155 0.2673
vn 0.6765 -0.7356 0.0358
vn 0.6765 -0.7265 -0.1207
vn 0.5187 -0.5868 -0.6218
vn 0.6455 -0.6797 -0.3484
vn 0.5495 -0.5598 -0.6202
vn 0.3999 -0.3853 -0.8317
vn 0.1002 -0.0626 -0.9930
vn 0.2112 -0.1731 -0.9620
vn 0.2223 -0.2725 0.9361
vn 0.1061 -0.1720 0.9794
vn 0.4211 -0.4584 0.7827
vn 0.5786 -0.5996 0.5529
vn 0.6797 -0.6823 0.2693
vn 0.7123 -0.7008 0.0378
vn 0.7123 -0.6918 -0.1187
vn 0.6797 -0.6465 -0.3464
vn 0.5786 -0.5316 -0.6186
vn 0.4211 -0.3647 -0.8305
vn 0.1061 -0.0574 -0.9927
vn 0.2223 -0.1622 -0.9614
vn 0.2328 -0.2612 0.9368
vn 0.1117 -0.1665 0.9797
vn 0.4409 -0.4371 0.7839
vn 0.6059 -0.5704 0.5546
vn 0.7118 -0.6479 0.2713
vn 0.7459 -0.6648 0.0399
vn 0.7459 -0.6557 -0.1166
vn 0.7118 -0.6121 -0.3445
vn 0.6059 -0.5023 -0.6169
vn 0.4409 -0.3434 -0.8292
vn 0.1117 -0.0519 -0.9924
vn 0.2328 -0.1510 -0.9607
vn 0.2425 -0.2496 0.9375
vn 0.1170 -0.1609 0.9800
vn 0.4594 -0.4153 0.7852
vn 0.6313 -0.5403 0.5564
vn 0.7416 -0.6126 0.2733
vn 0.7772 -0.6279 0.0421
vn 0.7772 -0.6188 -0.1145
vn 0.7416 -0.5769 -0.3424
vn 0.6313 -0.4723 -0.6152
vn 0.4594 -0.3216 -0.8280
vn 0.1170 -0.0463 -0.9921
vn 0.2425 -0.1394 -0.9601
vn 0.2515 -0.2379 0.9382
vn 0.1219 -0.1551 0.9804
vn 0.4763 -0.3931 0.7865
vn 0.6546 -0.5098 0.5582
vn 0.7690 -0.5768 0.2754
vn 0.8060 -0.5903 0.0442
vn 0.8060 -0.5812 -0.1123
vn 0.7690 -0.5410 -0.3404
vn 0.6546 -0.4418 -0.6134
vn 0.4763 -0.2993 -0.8267
vn 0.1219 -0.0405 -0.9917
vn 0.2515 -0.1276 -0.9594
vn 0.2596 -0.2260 0.9389
vn 0.1264 -0.1492 0.9807
vn 0.4919 -0.3707 0.7878
vn 0.6760 -0.4791 0.5600
vn 0.7941 -0.5407 0.2775
vn 0.8322 -0.5525 0.0464
vn 0.8322 -0.5434 -0.1101
vn 0.7941 -0.5049 -0.3383
vn 0.6760 -0.4110 -0.6117
vn 0.4918 -0.2770 -0.8255
vn 0.1264 -0.0346 -0.9914
vn 0.2596 -0.1158 -0.9587
vn 0.1306 -0.1432 0.9810
vn 0.1306 -0.0287 -0.9910
vn -0.1589 -0.3248 0.9323
vn 0.0691 -0.0985 0.9927
vn -0.0686 -0.1738 0.9824
vn -0.2875 -0.5356 0.7941
vn 0.1892 -0.1681 0.9675
vn -0.3992 -0.7132 0.5762
vn 0.3538 -0.2613 0.8981
vn -0.4781 -0.8307 0.2852
vn 0.5529 -0.3703 0.7465
vn -0.5051 -0.8622 0.0383
vn 0.7621 -0.4760 0.4389
vn 0.8528 -0.4944 -0.1684
vn -0.5051 -0.8520 -0.1378
vn 0.7621 -0.4220 -0.4911
vn -0.4781 -0.7921 -0.3795
vn 0.5529 -0.2813 -0.7843
vn -0.3992 -0.6416 -0.6549
vn 0.3538 -0.1556 -0.9223
vn -0.2875 -0.4400 -0.8507
vn 0.1892 -0.0549 -0.9804
vn -0.1589 -0.2146 -0.9637
vn 0.0691 0.0171 -0.9975
vn -0.0686 -0.0589 -0.9959
vn 0.1593 0.2143 0.9637
vn 0.2881 0.4394 0.8508
vn 0.4001 0.6409 0.6551
vn 0.4793 0.7913 0.3796
vn 0.5063 0.8512 0.1379
vn 0.8527 -0.5106 0.1100
vn 0.5063 0.8615 -0.0384
vn 0.4793 0.8300 -0.2854
vn 0.4001 0.7124 -0.5765
vn 0.2881 0.5350 -0.7942
vn 0.1593 0.3244 -0.9324
vn -0.0772 0.0357 0.9964
vn 0.0687 0.0587 0.9959
vn -0.1883 0.1720 0.9669
vn -0.3415 0.3634 0.8668
vn -0.4850 0.5481 0.6814
vn -0.5948 0.6976 0.3995
vn -0.6341 0.7714 -0.0526
vn -0.5948 0.7391 -0.3160
vn -0.4850 0.6233 -0.6134
vn -0.3415 0.4613 -0.8189
vn -0.1883 0.2828 -0.9405
vn -0.0772 0.1508 -0.9855
vn 0.0687 0.1736 -0.9824
vn -0.0774 -0.1216 0.9896
vn -0.2009 -0.2218 0.9542
vn -0.3692 -0.3556 0.8586
vn -0.5475 -0.4927 0.6764
vn -0.6341 0.7602 0.1416
vn -0.7045 -0.6049 0.3712
vn -0.7656 -0.6252 -0.1514
vn -0.7045 -0.5579 -0.4387
vn -0.5475 -0.4110 -0.7289
vn -0.3692 -0.2538 -0.8940
vn -0.2009 -0.1098 -0.9734
vn -0.0774 -0.0062 -0.9970
vn 0.1879 -0.2837 0.9403
vn 0.3407 -0.4629 0.8183
vn 0.4836 -0.6252 0.6125
vn 0.5928 -0.7411 0.3153
vn 0.6318 -0.7734 0.0523
vn -0.7656 -0.6385 0.0780
vn 0.6318 -0.7621 -0.1415
vn 0.5928 -0.6996 -0.3990
vn 0.4836 -0.5501 -0.6808
vn 0.3407 -0.3650 -0.8664
vn 0.1879 -0.1729 -0.9669
vn 0.1224 -0.2057 0.9709
vn 0.0771 -0.1513 0.9855
vn 0.2827 -0.3954 0.8739
vn 0.4430 -0.5798 0.6838
vn 0.5781 -0.7265 0.3714
vn 0.6312 -0.7732 0.0605
vn 0.6313 -0.7610 -0.1497
vn 0.5781 -0.6786 -0.4530
vn 0.4430 -0.4968 -0.7463
vn 0.2827 -0.2916 -0.9138
vn 0.0771 -0.0361 -0.9964
vn 0.1224 -0.0919 -0.9882
vn -0.1151 -0.2517 0.9609
vn -0.2515 -0.4772 0.8420
vn -0.3768 -0.6782 0.6309
vn -0.4710 -0.8207 0.3233
vn -0.5048 -0.8513 -0.1431
vn -0.4710 -0.7778 -0.4162
vn -0.3768 -0.6006 -0.7052
vn -0.2515 -0.3765 -0.8916
vn -0.1151 -0.1388 -0.9836
vn -0.5048 -0.8621 0.0436
vn -0.0942 -0.0026 0.9956
vn 0.0775 0.0068 0.9970
vn -0.0688 -0.0176 0.9975
vn -0.2489 0.0900 0.9643
vn 0.1142 0.0378 0.9927
vn -0.4435 0.2095 0.8715
vn 0.2831 0.1819 0.9417
vn -0.6955 0.3723 0.6145
vn 0.4737 0.3488 0.8086
vn -0.8510 0.4879 0.1941
vn 0.6695 0.5291 0.5214
vn 0.7615 0.6416 -0.0916
vn -0.8510 0.5071 -0.1363
vn 0.6695 0.5859 -0.4567
vn -0.6955 0.4409 -0.5673
vn 0.4737 0.4401 -0.7628
vn -0.4435 0.3090 -0.8413
vn 0.2831 0.2897 -0.9143
vn -0.2489 0.2010 -0.9474
vn 0.1142 0.1525 -0.9817
vn -0.0942 0.1127 -0.9892
vn 0.0775 0.1222 -0.9895
vn -0.0688 0.0981 -0.9928
vn 0.0773 -0.1501 0.9856
vn 0.5971 0.7717 0.2189
vn 0.7206 0.6635 0.2013
vn 0.7775 0.6064 0.1664
vn 0.7616 0.6267 0.1653
vn 0.8136 0.5710 0.1091
vn 0.7984 0.6016 0.0248
vn 0.8136 0.5798 -0.0422
vn 0.7775 0.6216 -0.0951
vn 0.7206 0.6824 -0.1231
vn 0.5971 0.7919 -0.1280
vn 0.0773 -0.0350 -0.9964
vn -0.6765 0.7038 0.2169
vn 0.3058 0.5155 -0.8005
vn 0.4270 0.6888 -0.5858
vn 0.5145 0.8059 -0.2930
vn 0.5447 0.8376 -0.0420
vn 0.7984 0.6004 0.0450
vn 0.5447 0.8271 0.1387
vn 0.5145 0.7665 0.3844
vn 0.4270 0.6164 0.6616
vn 0.3058 0.4193 0.8548
vn -0.6765 0.7242 -0.1340
vn -0.1427 -0.1212 0.9823
vn -0.0719 -0.1674 0.9833
vn -0.2826 -0.1817 0.9419
vn 0.4403 -0.8821 -0.1672
vn 0.4824 -0.8689 -0.1111
vn 0.4545 -0.8887 -0.0598
vn 0.4553 -0.8893 -0.0435
vn 0.4824 -0.8759 0.0097
vn 0.4401 -0.8957 0.0643
vn -0.2826 -0.0715 -0.9566
vn -0.1427 -0.0067 -0.9897
vn -0.0719 -0.0524 -0.9960
vn -0.2805 -0.1859 0.9417
vn -0.5330 -0.2954 0.7929
vn 0.3626 -0.9087 -0.2067
vn -0.7332 -0.3759 0.5666
vn -0.8618 -0.4197 0.2850
vn -0.9033 -0.4257 0.0538
vn -0.9033 -0.4166 -0.1028
vn -0.8618 -0.3839 -0.3316
vn 0.3646 -0.9258 0.0997
vn -0.7332 -0.3078 -0.6063
vn -0.5330 -0.2016 -0.8218
vn -0.2805 -0.0756 -0.9569
vn -0.2788 -0.1893 0.9415
vn -0.1417 -0.1234 0.9822
vn -0.5298 -0.3019 0.7926
vn -0.7289 -0.3849 0.5662
vn -0.8567 -0.4303 0.2844
vn -0.8980 -0.4368 0.0532
vn -0.8980 -0.4277 -0.1034
vn -0.8567 -0.3945 -0.3323
vn -0.7289 -0.3168 -0.6069
vn -0.5298 -0.2081 -0.8222
vn -0.1417 -0.0088 -0.9899
vn -0.2788 -0.0791 -0.9571
vn -0.2773 -0.1922 0.9414
vn -0.1409 -0.1251 0.9821
vn -0.5271 -0.3073 0.7923
vn -0.7252 -0.3924 0.5658
vn -0.8524 -0.4391 0.2839
vn -0.8935 -0.4460 0.0527
vn -0.8935 -0.4369 -0.1040
vn -0.8524 -0.4033 -0.3328
vn -0.7252 -0.3243 -0.6074
vn -0.5271 -0.2135 -0.8226
vn -0.1409 -0.0105 -0.9900
vn -0.2773 -0.0819 -0.9573
vn -0.2761 -0.1946 0.9412
vn -0.1402 -0.1266 0.9820
vn -0.5247 -0.3119 0.7921
vn -0.7220 -0.3987 0.5654
vn -0.8487 -0.4465 0.2835
vn -0.8896 -0.4538 0.0522
vn -0.8896 -0.4447 -0.1044
vn -0.8487 -0.4107 -0.3333
vn -0.7220 -0.3306 -0.6078
vn -0.5247 -0.2181 -0.8229
vn -0.1402 -0.0120 -0.9901
vn -0.2761 -0.0843 -0.9574
vn -0.2750 -0.1966 0.9411
vn -0.1396 -0.1278 0.9819
vn -0.5227 -0.3158 0.7919
vn -0.7192 -0.4041 0.5651
vn -0.8454 -0.4529 0.2831
vn -0.8862 -0.4605 0.0518
vn -0.8862 -0.4514 -0.1048
vn -0.8454 -0.4171 -0.3337
vn -0.7192 -0.3360 -0.6081
vn -0.5227 -0.2220 -0.8231
vn -0.1396 -0.0132 -0.9901
vn -0.2750 -0.0863 -0.9576
vn -0.2740 -0.1984 0.9410
vn -0.1391 -0.1288 0.9819
vn -0.5209 -0.3192 0.7917
vn -0.7168 -0.4088 0.5649
vn -0.8426 -0.4584 0.2828
vn -0.8832 -0.4662 0.0515
vn -0.8832 -0.4571 -0.1051
vn -0.8426 -0.4225 -0.3340
vn -0.7168 -0.3406 -0.6084
vn -0.5209 -0.2254 -0.8233
vn -0.1391 -0.0143 -0.9902
vn -0.2740 -0.0881 -0.9577
vn -0.2731 -0.1999 0.9410
vn -0.1386 -0.1297 0.9818
vn -0.5193 -0.3222 0.7915
vn -0.7146 -0.4129 0.5647
vn -0.8400 -0.4632 0.2826
vn -0.8805 -0.4712 0.0512
vn -0.8805 -0.4621 -0.1054
vn -0.8400 -0.4273 -0.3343
vn -0.7146 -0.3447 -0.6087
vn -0.5193 -0.2283 -0.8235
vn -0.1386 -0.0152 -0.9902
vn -0.2731 -0.0896 -0.9578
vn -0.2724 -0.2013 0.9409
vn -0.1382 -0.1305 0.9818
vn -0.5179 -0.3247 0.7914
vn -0.7127 -0.4164 0.5645
vn -0.8378 -0.4674 0.2823
vn -0.8782 -0.4757 0.0510
vn -0.8782 -0.4666 -0.1057
vn -0.8378 -0.4315 -0.3345
vn -0.7127 -0.3483 -0.6089
vn -0.5179 -0.2309 -0.8237
vn -0.1382 -0.0160 -0.9903
vn -0.2724 -0.0910 -0.9579
vn -0.2717 -0.2025 0.9408
vn -0.5166 -0.3271 0.7913
vn -0.7110 -0.4196 0.5643
vn -0.8358 -0.4711 0.2821
vn -0.8760 -0.4796 0.0507
vn -0.8760 -0.4705 -0.1059
vn -0.8358 -0.4353 -0.3348
vn -0.7110 -0.3514 -0.6091
vn -0.5166 -0.2332 -0.8238
vn -0.2717 -0.0922 -0.9580
vn -0.2711 -0.2036 0.9408
vn -0.1375 -0.1318 0.9817
vn -0.5155 -0.3291 0.7912
vn -0.7094 -0.4224 0.5641
vn -0.8339 -0.4744 0.2819
vn -0.8741 -0.4831 0.0505
vn -0.8741 -0.4740 -0.1061
vn -0.8339 -0.4386 -0.3350
vn -0.7094 -0.3543 -0.6093
vn -0.5155 -0.2353 -0.8240
vn -0.1375 -0.0173 -0.9904
vn -0.2711 -0.0933 -0.9580
vn -0.1367 -0.1332 0.9816
vn -0.1372 -0.1324 0.9817
vn -0.2704 -0.2052 0.9406
vn -0.5140 -0.3321 0.7909
vn -0.7072 -0.4266 0.5638
vn -0.8313 -0.4793 0.2816
vn -0.8713 -0.4790 -0.1064
vn -0.8313 -0.4434 -0.3352
vn -0.7072 -0.3584 -0.6094
vn -0.5140 -0.2383 -0.8240
vn -0.2704 -0.0949 -0.9581
vn -0.1367 -0.0186 -0.9904
vn -0.1372 -0.0178 -0.9904
vn -0.8713 -0.4881 0.0502
vn 0.1870 0.1748 0.9667
vn -0.0775 0.0342 0.9964
vn 0.0769 0.0371 0.9963
vn 0.3390 0.3684 0.8657
vn -0.1895 0.1692 0.9672
vn 0.4807 0.5542 0.6796
vn -0.3438 0.3584 0.8679
vn 0.5885 0.7037 0.3980
vn -0.4892 0.5420 0.6833
vn 0.6270 0.7661 0.1413
vn -0.6010 0.6914 0.4009
vn -0.6412 0.7655 -0.0536
vn 0.6270 0.7773 -0.0516
vn -0.6010 0.7332 -0.3182
vn 0.5885 0.7451 -0.3139
vn -0.4892 0.6175 -0.6160
vn 0.4807 0.6291 -0.6108
vn -0.3438 0.4565 -0.8206
vn 0.3390 0.4661 -0.8172
vn -0.1895 0.2800 -0.9411
vn 0.1870 0.2855 -0.9400
vn -0.0775 0.1494 -0.9857
vn 0.0769 0.1522 -0.9853
vn -0.3041 -0.0020 0.9526
vn -0.5788 0.0543 0.8137
vn -0.7968 0.1052 0.5950
vn -0.9368 0.1459 0.3181
vn -0.9820 0.1672 0.0883
vn -0.6412 0.7542 0.1419
vn -0.9820 0.1763 -0.0684
vn -0.9368 0.1817 -0.2991
vn -0.7968 0.1734 -0.5788
vn -0.5788 0.1481 -0.8019
vn -0.3041 0.1083 -0.9464
vn -0.1541 -0.0301 0.9876
vn -0.1541 -0.0303 0.9876
vn -0.3044 -0.0015 0.9525
vn -0.5789 0.0551 0.8135
vn -0.7968 0.1063 0.5949
vn -0.9366 0.1471 0.3180
vn -0.9818 0.1775 -0.0683
vn -0.9366 0.1829 -0.2989
vn -0.7968 0.1744 -0.5786
vn -0.5789 0.1489 -0.8017
vn -0.3044 0.1088 -0.9463
vn -0.1541 0.0844 -0.9844
vn -0.1541 0.0842 -0.9845
vn -0.1541 -0.0306 0.9876
vn -0.3046 -0.0024 0.9525
vn -0.5792 0.0533 0.8134
vn -0.7972 0.1039 0.5947
vn -0.9818 0.1684 0.0884
vn -0.9371 0.1442 0.3179
vn -0.9823 0.1745 -0.0684
vn -0.9371 0.1801 -0.2990
vn -0.7972 0.1720 -0.5787
vn -0.5792 0.1472 -0.8018
vn -0.3046 0.1079 -0.9463
vn -0.1541 0.0840 -0.9845
vn -0.1542 -0.0311 0.9875
vn -0.3048 -0.0034 0.9524
vn -0.5795 0.0516 0.8133
vn -0.7976 0.1014 0.5946
vn -0.9823 0.1654 0.0882
vn -0.9376 0.1414 0.3177
vn -0.9828 0.1715 -0.0686
vn -0.9376 0.1772 -0.2992
vn -0.7976 0.1696 -0.5789
vn -0.5795 0.1454 -0.8019
vn -0.3048 0.1069 -0.9464
vn -0.1542 0.0835 -0.9845
vn -0.1543 -0.0316 0.9875
vn -0.3049 -0.0043 0.9524
vn -0.5799 0.0498 0.8132
vn -0.7980 0.0990 0.5945
vn -0.9828 0.1624 0.0880
vn -0.9381 0.1385 0.3175
vn -0.9833 0.1685 -0.0688
vn -0.9381 0.1743 -0.2994
vn -0.7980 0.1671 -0.5790
vn -0.5799 0.1436 -0.8020
vn -0.3049 0.1060 -0.9465
vn -0.1543 0.0830 -0.9845
vn -0.1544 -0.0320 0.9875
vn -0.3051 -0.0053 0.9523
vn -0.5802 0.0480 0.8131
vn -0.7984 0.0965 0.5943
vn -0.9833 0.1594 0.0878
vn -0.9386 0.1356 0.3174
vn -0.9838 0.1654 -0.0690
vn -0.9386 0.1714 -0.2995
vn -0.7984 0.1646 -0.5791
vn -0.5802 0.1418 -0.8021
vn -0.3051 0.1050 -0.9465
vn -0.1544 0.0825 -0.9846
vn -0.1545 -0.0325 0.9875
vn -0.3053 -0.0062 0.9523
vn -0.5805 0.0461 0.8130
vn -0.7988 0.0939 0.5942
vn -0.9838 0.1563 0.0877
vn -0.9390 0.1326 0.3172
vn -0.9843 0.1623 -0.0692
vn -0.9390 0.1684 -0.2997
vn -0.7988 0.1621 -0.5793
vn -0.5805 0.1399 -0.8022
vn -0.3053 0.1041 -0.9466
vn -0.1545 0.0820 -0.9846
vn -0.1545 -0.0330 0.9874
vn -0.3054 -0.0072 0.9522
vn -0.5808 0.0442 0.8129
vn -0.7993 0.0914 0.5940
vn -0.9843 0.1532 0.0875
vn -0.9395 0.1295 0.3170
vn -0.9848 0.1591 -0.0693
vn -0.9395 0.1654 -0.2999
vn -0.7993 0.1595 -0.5794
vn -0.5808 0.1381 -0.8023
vn -0.3054 0.1031 -0.9466
vn -0.1545 0.0815 -0.9846
vn -0.1546 -0.0335 0.9874
vn -0.3056 -0.0082 0.9521
vn -0.5811 0.0423 0.8128
vn -0.7997 0.0887 0.5939
vn -0.9848 0.1500 0.0873
vn -0.9400 0.1264 0.3168
vn -0.9853 0.1559 -0.0695
vn -0.9400 0.1623 -0.3001
vn -0.7997 0.1569 -0.5796
vn -0.5811 0.1362 -0.8024
vn -0.3056 0.1021 -0.9467
vn -0.1546 0.0810 -0.9846
vn -0.1547 -0.0340 0.9874
vn -0.3057 -0.0092 0.9521
vn -0.5814 0.0404 0.8126
vn -0.8001 0.0861 0.5937
vn -0.9853 0.1468 0.0871
vn -0.9405 0.1233 0.3167
vn -0.9858 0.1526 -0.0697
vn -0.9405 0.1591 -0.3002
vn -0.8001 0.1542 -0.5797
vn -0.5814 0.1342 -0.8025
vn -0.3057 0.1011 -0.9467
vn -0.1547 0.0805 -0.9847
vn -0.1548 -0.0346 0.9873
vn -0.3059 -0.0103 0.9520
vn -0.5816 0.0384 0.8125
vn -0.8005 0.0834 0.5935
vn -0.9858 0.1435 0.0869
vn -0.9410 0.1201 0.3165
vn -0.9863 0.1492 -0.0699
vn -0.9410 0.1560 -0.3004
vn -0.8005 0.1515 -0.5799
vn -0.5816 0.1322 -0.8026
vn -0.3059 0.1000 -0.9468
vn -0.1548 0.0800 -0.9847
vn -0.1549 -0.0351 0.9873
vn -0.3060 -0.0113 0.9520
vn 0.0863 0.9911 -0.1018
vn 0.1799 0.9818 -0.0601
vn -0.9863 0.1401 0.0867
vn 0.2265 0.9740 -0.0056
vn 0.1959 0.9784 0.0659
vn 0.2265 0.9668 0.1183
vn 0.1796 0.9683 0.1738
vn 0.0879 0.9726 0.2150
vn -0.3060 0.0990 -0.9469
vn -0.1549 0.0795 -0.9847
vn -0.5831 -0.8024 0.1271
vn 0.3475 -0.3503 -0.8698
vn 0.4957 -0.5320 -0.6865
vn 0.2006 0.9785 0.0478
vn 0.6109 -0.6812 -0.4034
vn 0.6524 -0.7558 0.0553
vn 0.6109 -0.7234 0.3218
vn 0.4957 -0.6079 0.6203
vn 0.3475 -0.4487 0.8234
vn -0.5831 -0.7823 -0.2191
vn 0.7137 -0.6869 0.1370
vn -0.0779 0.0319 0.9965
vn 0.8276 -0.5462 0.1298
vn 0.8758 -0.4728 0.0973
vn 0.9030 -0.4274 0.0441
vn 0.8908 -0.4540 -0.0174
vn 0.6524 -0.7443 -0.1424
vn 0.8908 -0.4529 -0.0353
vn 0.9030 -0.4194 -0.0933
vn 0.8758 -0.4583 -0.1513
vn 0.8276 -0.5275 -0.1922
vn -0.0779 0.1471 -0.9861
vn 0.7137 -0.6664 -0.2156
vn 0.1349 0.0218 0.9906
vn 0.0677 0.0604 0.9959
vn 0.2666 0.1012 0.9585
vn 0.5069 0.2504 0.8248
vn 0.6976 0.3751 0.6105
vn 0.8200 0.4631 0.3364
vn 0.8595 0.5087 -0.0490
vn 0.8200 0.4989 -0.2805
vn 0.6976 0.4433 -0.5629
vn 0.5069 0.3443 -0.7903
vn 0.2666 0.2115 -0.9403
vn 0.1349 0.1364 -0.9814
vn 0.0677 0.1753 -0.9822
vn 0.0676 0.0607 0.9959
vn 0.1559 0.2176 0.9635
vn 0.2820 0.4455 0.8497
vn 0.3911 0.6483 0.6532
vn 0.8595 0.4996 0.1076
vn 0.4678 0.7988 0.3782
vn 0.4938 0.8687 -0.0373
vn 0.4678 0.8373 -0.2832
vn 0.3911 0.7196 -0.5738
vn 0.2820 0.5409 -0.7924
vn 0.1559 0.3277 -0.9318
vn 0.0676 0.1756 -0.9821
vn -0.0771 0.0047 0.9970
vn -0.2008 0.1065 0.9738
vn -0.3693 0.2478 0.8956
vn -0.5492 0.4034 0.7319
vn 0.4939 0.8586 0.1376
vn -0.7090 0.5500 0.4413
vn -0.7716 0.6311 -0.0796
vn -0.7090 0.5974 -0.3747
vn -0.5492 0.4854 -0.6803
vn -0.3693 0.3499 -0.8609
vn -0.2008 0.2185 -0.9549
vn -0.0771 0.1201 -0.9898
vn -0.1869 -0.2856 0.9399
vn -0.3389 -0.4663 0.8171
vn -0.4805 -0.6294 0.6107
vn -0.5883 -0.7453 0.3138
vn -0.6267 -0.7775 0.0516
vn -0.7716 0.6176 0.1522
vn -0.6267 -0.7663 -0.1413
vn -0.5883 -0.7039 -0.3980
vn -0.4805 -0.5544 -0.6795
vn -0.3389 -0.3685 -0.8656
vn -0.1869 -0.1749 -0.9667
vn 0.0770 -0.1198 0.9898
vn -0.0769 -0.1523 0.9853
vn 0.2008 -0.2179 0.9551
vn 0.3694 -0.3487 0.8614
vn 0.5495 -0.4840 0.6810
vn 0.7099 -0.5959 0.3754
vn 0.7728 -0.6161 -0.1523
vn 0.7099 -0.5485 -0.4418
vn 0.5495 -0.4019 -0.7325
vn 0.3694 -0.2467 -0.8960
vn 0.2008 -0.1058 -0.9739
vn 0.0770 -0.0044 -0.9970
vn -0.0769 -0.0372 -0.9963
vn 0.3021 0.0099 0.9532
vn 0.5746 0.0768 0.8148
vn 0.7908 0.1362 0.5967
vn 0.9297 0.1822 0.3201
vn 0.9745 0.2053 0.0905
vn 0.7728 -0.6296 0.0799
vn 0.9745 0.2144 -0.0661
vn 0.9297 0.2181 -0.2969
vn 0.7908 0.2043 -0.5769
vn 0.5746 0.1706 -0.8005
vn 0.3021 0.1202 -0.9457
vn 0.1529 -0.0243 0.9879
vn 0.1529 -0.0244 0.9879
vn 0.5746 0.0769 0.8148
vn 0.7908 0.1363 0.5967
vn 0.9297 0.1823 0.3201
vn 0.9745 0.2145 -0.0661
vn 0.9297 0.2182 -0.2969
vn 0.7908 0.2044 -0.5769
vn 0.5746 0.1707 -0.8005
vn 0.1529 0.0902 -0.9841
vn 0.3021 0.0100 0.9532
vn 0.5745 0.0769 0.8148
vn 0.7908 0.1364 0.5967
vn 0.9745 0.2054 0.0905
vn 0.9296 0.1825 0.3201
vn 0.9745 0.2146 -0.0661
vn 0.9296 0.2183 -0.2969
vn 0.7908 0.2046 -0.5769
vn 0.5745 0.1708 -0.8005
vn 0.3021 0.1203 -0.9457
vn 0.5745 0.0770 0.8149
vn 0.7908 0.1365 0.5967
vn 0.9745 0.2055 0.0905
vn 0.9296 0.1826 0.3201
vn 0.9744 0.2148 -0.0661
vn 0.9296 0.2185 -0.2968
vn 0.7908 0.2047 -0.5769
vn 0.5745 0.1709 -0.8005
vn 0.1529 0.0903 -0.9841
vn 0.3020 0.0101 0.9532
vn 0.5745 0.0771 0.8149
vn 0.7907 0.1367 0.5967
vn 0.9744 0.2057 0.0905
vn 0.9296 0.1828 0.3202
vn 0.9744 0.2150 -0.0661
vn 0.9296 0.2187 -0.2968
vn 0.7907 0.2048 -0.5769
vn 0.5745 0.1710 -0.8004
vn 0.3020 0.1204 -0.9457
vn 0.1529 -0.0242 0.9879
vn 0.5745 0.0773 0.8149
vn 0.7907 0.1369 0.5967
vn 0.9744 0.2059 0.0906
vn 0.9295 0.1831 0.3202
vn 0.9743 0.2152 -0.0661
vn 0.9295 0.2189 -0.2968
vn 0.7907 0.2050 -0.5769
vn 0.5745 0.1711 -0.8004
vn 0.3020 0.1205 -0.9457
vn 0.3020 0.0102 0.9532
vn 0.5744 0.0775 0.8149
vn 0.7906 0.1371 0.5967
vn 0.9743 0.2061 0.0906
vn 0.9294 0.1834 0.3202
vn 0.9743 0.2155 -0.0661
vn 0.9294 0.2192 -0.2968
vn 0.7906 0.2053 -0.5768
vn 0.5744 0.1713 -0.8004
vn 0.3020 0.1206 -0.9457
vn 0.1529 0.0904 -0.9841
vn 0.1529 -0.0241 0.9880
vn 0.3020 0.0104 0.9533
vn 0.5744 0.0777 0.8149
vn 0.7906 0.1375 0.5967
vn 0.9743 0.2064 0.0906
vn 0.9294 0.1838 0.3202
vn 0.9742 0.2160 -0.0660
vn 0.9294 0.2196 -0.2968
vn 0.7906 0.2056 -0.5768
vn 0.5744 0.1716 -0.8004
vn 0.3020 0.1207 -0.9456
vn 0.1529 0.0905 -0.9841
vn 0.1528 -0.0240 0.9880
vn 0.3020 0.0106 0.9533
vn 0.5743 0.0781 0.8149
vn 0.7905 0.1379 0.5968
vn 0.9742 0.2069 0.0906
vn 0.9292 0.1843 0.3202
vn 0.9740 0.2165 -0.0660
vn 0.9292 0.2202 -0.2967
vn 0.7905 0.2061 -0.5768
vn 0.5743 0.1719 -0.8004
vn 0.3020 0.1209 -0.9456
vn 0.1528 0.0905 -0.9841
vn 0.1528 -0.0239 0.9880
vn 0.3019 0.0108 0.9533
vn 0.5742 0.0786 0.8149
vn 0.7903 0.1386 0.5968
vn 0.9740 0.2074 0.0906
vn 0.9291 0.1851 0.3203
vn 0.9739 0.2174 -0.0660
vn 0.9291 0.2210 -0.2967
vn 0.7903 0.2068 -0.5767
vn 0.5742 0.1724 -0.8003
vn 0.3019 0.1211 -0.9456
vn 0.1528 0.0907 -0.9841
vn 0.1528 -0.0237 0.9880
vn 0.3018 0.0113 0.9533
vn 0.5741 0.0794 0.8150
vn 0.7901 0.1398 0.5969
vn 0.9739 0.2083 0.0907
vn 0.9288 0.1865 0.3203
vn 0.9735 0.2188 -0.0659
vn 0.9288 0.2223 -0.2966
vn 0.7901 0.2080 -0.5767
vn 0.5741 0.1733 -0.8003
vn 0.3019 0.1216 -0.9456
vn 0.1528 0.0909 -0.9841
vn 0.1527 -0.0233 0.9880
vn 0.3017 0.0120 0.9533
vn 0.5738 0.0807 0.8150
vn 0.7897 0.1415 0.5969
vn 0.9735 0.2097 0.0908
vn 0.9283 0.1885 0.3205
vn 0.9731 0.2210 -0.0658
vn 0.9283 0.2244 -0.2965
vn 0.7897 0.2097 -0.5765
vn 0.5738 0.1745 -0.8002
vn 0.3017 0.1223 -0.9455
vn 0.1527 0.0912 -0.9841
vn 0.3016 0.0126 0.9534
vn 0.5735 0.0820 0.8151
vn 0.7893 0.1433 0.5971
vn 0.9278 0.1907 0.3206
vn 0.9726 0.2141 0.0910
vn 0.9731 0.2119 0.0909
vn 0.9726 0.2232 -0.0656
vn 0.9278 0.2265 -0.2964
vn 0.7893 0.2115 -0.5764
vn 0.5735 0.1758 -0.8001
vn 0.3016 0.1229 -0.9455
vn 0.3014 0.0132 0.9534
vn 0.1526 -0.0230 0.9880
vn 0.5732 0.0832 0.8152
vn 0.7889 0.1449 0.5971
vn 0.9274 0.1925 0.3207
vn 0.9721 0.2251 -0.0655
vn 0.9274 0.2284 -0.2962
vn 0.7889 0.2131 -0.5763
vn 0.5732 0.1770 -0.8001
vn 0.1526 0.0916 -0.9840
vn 0.3014 0.1236 -0.9455
vn 0.3013 0.0139 0.9534
vn 0.1525 -0.0227 0.9880
vn 0.5730 0.0843 0.8152
vn 0.7886 0.1465 0.5972
vn 0.9270 0.1944 0.3208
vn 0.9717 0.2180 0.0912
vn 0.9721 0.2160 0.0911
vn 0.9717 0.2271 -0.0654
vn 0.9270 0.2302 -0.2961
vn 0.7886 0.2147 -0.5763
vn 0.5730 0.1781 -0.8000
vn 0.1525 0.0919 -0.9840
vn 0.3013 0.1242 -0.9454
vn 0.3011 0.0145 0.9535
vn 0.1525 -0.0224 0.9881
vn 0.5727 0.0855 0.8153
vn 0.7882 0.1481 0.5973
vn 0.9712 0.2199 0.0914
vn 0.9712 0.2290 -0.0653
vn 0.7882 0.2163 -0.5762
vn 0.5727 0.1793 -0.7999
vn 0.1525 0.0922 -0.9840
vn 0.3011 0.1248 -0.9454
vn 0.3010 0.0151 0.9535
vn 0.1524 -0.0221 0.9881
vn 0.7878 0.1497 0.5974
vn 0.9261 0.1981 0.3210
vn 0.9266 0.1962 0.3209
vn 0.9708 0.2219 0.0915
vn 0.9708 0.2310 -0.0652
vn 0.9266 0.2321 -0.2960
vn 0.9261 0.2339 -0.2959
vn 0.7878 0.2178 -0.5761
vn 0.3010 0.1254 -0.9453
vn 0.1524 0.0925 -0.9840
vn 0.3009 0.0156 0.9535
vn 0.1523 -0.0217 0.9881
vn 0.5724 0.0866 0.8154
vn 0.7875 0.1512 0.5975
vn 0.9257 0.1999 0.3211
vn 0.9703 0.2329 -0.0651
vn 0.9257 0.2358 -0.2958
vn 0.5724 0.1804 -0.7999
vn 0.7875 0.2194 -0.5760
vn 0.3009 0.1260 -0.9453
vn 0.1523 0.0928 -0.9840
vn 0.3007 0.0162 0.9536
vn 0.1523 -0.0214 0.9881
vn 0.5719 0.0889 0.8155
vn 0.5722 0.0877 0.8154
vn 0.7871 0.1528 0.5976
vn 0.9253 0.2018 0.3212
vn 0.9703 0.2238 0.0916
vn 0.9699 0.2348 -0.0649
vn 0.9253 0.2376 -0.2957
vn 0.5722 0.1816 -0.7998
vn 0.7871 0.2210 -0.5759
vn 0.5719 0.1827 -0.7997
vn 0.1523 0.0931 -0.9839
vn 0.3007 0.1265 -0.9453
vn 0.3006 0.0168 0.9536
vn 0.1522 -0.0211 0.9881
vn 0.7867 0.1543 0.5977
vn 0.9248 0.2036 0.3213
vn 0.9699 0.2257 0.0917
vn 0.9694 0.2367 -0.0648
vn 0.9248 0.2394 -0.2956
vn 0.7867 0.2225 -0.5758
vn 0.3006 0.1271 -0.9452
vn 0.1522 0.0934 -0.9839
vn 0.3004 0.0174 0.9536
vn 0.1521 -0.0208 0.9881
vn 0.5714 0.0911 0.8156
vn 0.5716 0.0900 0.8156
vn 0.7864 0.1559 0.5978
vn 0.9244 0.2054 0.3214
vn 0.9694 0.2276 0.0918
vn 0.9690 0.2386 -0.0647
vn 0.9244 0.2412 -0.2955
vn 0.5716 0.1838 -0.7997
vn 0.7864 0.2240 -0.5757
vn 0.5714 0.1849 -0.7996
vn 0.1520 0.0940 -0.9839
vn 0.1521 0.0937 -0.9839
vn 0.3003 0.0180 0.9537
vn 0.1520 -0.0205 0.9882
vn 0.5711 0.0922 0.8157
vn 0.7860 0.1574 0.5979
vn 0.9239 0.2072 0.3215
vn 0.9685 0.2314 0.0920
vn 0.9690 0.2295 0.0919
vn 0.9685 0.2405 -0.0646
vn 0.9239 0.2430 -0.2954
vn 0.7860 0.2256 -0.5756
vn 0.3004 0.1277 -0.9452
vn 0.5711 0.1861 -0.7995
vn 0.3003 0.1283 -0.9452
vn 0.3001 0.0186 0.9537
vn 0.1520 -0.0203 0.9882
vn 0.2805 -0.9333 -0.2242
vn 0.1914 -0.9646 -0.1811
vn 0.1627 -0.9800 -0.1149
vn 0.2020 -0.9774 -0.0628
vn 0.2102 -0.9763 -0.0508
vn 0.1626 -0.9867 0.0003
vn 0.1920 -0.9790 0.0687
vn 0.2813 -0.9527 0.1154
vn 0.1520 0.0943 -0.9839
vn 0.3001 0.1289 -0.9451
vn 0.4436 0.8688 0.2199
vn 0.1519 -0.0200 0.9882
vn -0.3693 0.3398 -0.8650
vn -0.5518 0.4727 -0.6871
vn -0.7167 0.5842 -0.3809
vn -0.7819 0.6043 0.1535
vn -0.7167 0.5361 0.4460
vn -0.5518 0.3899 0.7372
vn -0.3693 0.2374 0.8985
vn 0.4436 0.8885 -0.1178
vn 0.1519 0.0946 -0.9839
vn -0.7138 0.6663 0.2156
vn 0.0765 -0.1175 0.9901
vn -0.8276 0.5273 0.1921
vn -0.8759 0.4582 0.1513
vn -0.9030 0.4193 0.0933
vn -0.8909 0.4528 0.0353
vn -0.7819 0.6180 -0.0825
vn -0.8909 0.4538 0.0173
vn -0.9030 0.4273 -0.0442
vn -0.8759 0.4726 -0.0973
vn -0.8276 0.5460 -0.1298
vn 0.0765 -0.0021 -0.9971
vn -0.7138 0.6868 -0.1370
vn -0.1347 -0.1366 0.9814
vn -0.0677 -0.1753 0.9822
vn -0.2664 -0.2120 0.9402
vn -0.5065 -0.3451 0.7902
vn -0.6970 -0.4444 0.5628
vn -0.8193 -0.5002 0.2804
vn -0.8587 -0.5010 -0.1077
vn -0.8193 -0.4644 -0.3364
vn -0.6970 -0.3762 -0.6105
vn -0.5065 -0.2513 -0.8248
vn -0.2664 -0.1017 -0.9585
vn -0.1347 -0.0220 -0.9906
vn -0.0677 -0.0604 -0.9959
vn -0.0674 -0.1758 0.9821
vn -0.1556 -0.3280 0.9318
vn -0.2814 -0.5415 0.7922
vn -0.3902 -0.7203 0.5735
vn -0.8587 -0.5101 0.0489
vn -0.4666 -0.8380 0.2830
vn -0.4926 -0.8593 -0.1376
vn -0.4666 -0.7996 -0.3781
vn -0.3902 -0.6490 -0.6531
vn -0.2814 -0.4461 -0.8496
vn -0.1556 -0.2179 -0.9635
vn -0.0674 -0.0609 -0.9959
vn 0.0775 -0.1495 0.9857
vn 0.1894 -0.2802 0.9411
vn 0.3437 -0.4568 0.8205
vn 0.4889 -0.6178 0.6158
vn -0.4926 -0.8694 0.0372
vn 0.6006 -0.7335 0.3181
vn 0.6407 -0.7545 -0.1419
vn 0.6006 -0.6918 -0.4009
vn 0.4889 -0.5424 -0.6832
vn 0.3437 -0.3587 -0.8679
vn 0.1894 -0.1693 -0.9672
vn 0.0775 -0.0343 -0.9964
vn 0.3050 -0.1068 0.9463
vn 0.5798 -0.1450 0.8018
vn 0.7978 -0.1691 0.5788
vn 0.9377 -0.1766 0.2992
vn 0.9829 -0.1709 0.0686
vn 0.6407 -0.7659 0.0536
vn 0.9829 -0.1618 -0.0880
vn 0.9377 -0.1408 -0.3176
vn 0.7978 -0.1010 -0.5945
vn 0.5798 -0.0512 -0.8132
vn 0.3050 0.0035 -0.9523
vn 0.3047 -0.1058 0.9465
vn 0.1542 -0.0834 0.9845
vn 0.5797 -0.1433 0.8021
vn 0.7980 -0.1668 0.5791
vn 0.9381 -0.1739 0.2995
vn 0.9834 -0.1681 0.0688
vn 0.9834 -0.1590 -0.0878
vn 0.9381 -0.1381 -0.3176
vn 0.7980 -0.0986 -0.5946
vn 0.5797 -0.0495 -0.8133
vn 0.1542 0.0312 -0.9875
vn 0.3047 0.0045 -0.9524
vn 0.3046 -0.1065 0.9465
vn 0.1543 -0.0829 0.9845
vn 0.5795 -0.1445 0.8020
vn 0.7977 -0.1684 0.5790
vn 0.9378 -0.1758 0.2994
vn 0.9830 -0.1701 0.0687
vn 0.9830 -0.1610 -0.0879
vn 0.9378 -0.1400 -0.3177
vn 0.7977 -0.1002 -0.5946
vn 0.5795 -0.0507 -0.8134
vn 0.1543 0.0316 -0.9875
vn 0.3046 0.0039 -0.9525
vn 0.3045 -0.1071 0.9465
vn 0.1543 -0.0833 0.9845
vn 0.5793 -0.1457 0.8020
vn 0.7974 -0.1701 0.5789
vn 0.9375 -0.1778 0.2992
vn 0.9827 -0.1721 0.0686
vn 0.9827 -0.1630 -0.0881
vn 0.9375 -0.1419 -0.3178
vn 0.7974 -0.1019 -0.5947
vn 0.5793 -0.0519 -0.8134
vn 0.1543 0.0313 -0.9875
vn 0.3045 0.0032 -0.9525
vn 0.3044 -0.1077 0.9464
vn 0.1542 -0.0836 0.9845
vn 0.5791 -0.1470 0.8019
vn 0.7971 -0.1718 0.5788
vn 0.9371 -0.1798 0.2991
vn 0.9823 -0.1742 0.0685
vn 0.9823 -0.1651 -0.0882
vn 0.9371 -0.1440 -0.3179
vn 0.7971 -0.1036 -0.5948
vn 0.5791 -0.0531 -0.8135
vn 0.1542 0.0310 -0.9876
vn 0.3044 0.0026 -0.9525
vn 0.3043 -0.1084 0.9464
vn 0.1541 -0.0839 0.9845
vn 0.5789 -0.1482 0.8018
vn 0.7968 -0.1736 0.5787
vn 0.9368 -0.1819 0.2990
vn 0.9819 -0.1764 0.0683
vn 0.9819 -0.1673 -0.0883
vn 0.9368 -0.1460 -0.3181
vn 0.7968 -0.1054 -0.5950
vn 0.5789 -0.0544 -0.8136
vn 0.1541 0.0307 -0.9876
vn 0.3043 0.0019 -0.9526
vn 0.3041 -0.1091 0.9464
vn 0.1541 -0.0843 0.9845
vn 0.5786 -0.1496 0.8017
vn 0.7965 -0.1754 0.5786
vn 0.9364 -0.1840 0.2989
vn 0.9815 -0.1787 0.0682
vn 0.9815 -0.1696 -0.0884
vn 0.9364 -0.1482 -0.3182
vn 0.7965 -0.1072 -0.5951
vn 0.5786 -0.0557 -0.8137
vn 0.1541 0.0303 -0.9876
vn 0.3041 0.0012 -0.9526
vn 0.3040 -0.1098 0.9463
vn 0.1540 -0.0846 0.9844
vn 0.5784 -0.1510 0.8017
vn 0.7962 -0.1773 0.5785
vn 0.9360 -0.1863 0.2988
vn 0.9811 -0.1810 0.0681
vn 0.9811 -0.1719 -0.0886
vn 0.9360 -0.1504 -0.3183
vn 0.7962 -0.1091 -0.5952
vn 0.5784 -0.0571 -0.8138
vn 0.1540 0.0300 -0.9876
vn 0.3040 0.0005 -0.9527
vn 0.3039 -0.1106 0.9463
vn 0.1540 -0.0850 0.9844
vn 0.5781 -0.1524 0.8016
vn 0.7958 -0.1792 0.5784
vn 0.9356 -0.1886 0.2986
vn 0.9807 -0.1834 0.0679
vn 0.9807 -0.1743 -0.0887
vn 0.9356 -0.1527 -0.3184
vn 0.7958 -0.1111 -0.5953
vn 0.5781 -0.0585 -0.8138
vn 0.1540 0.0296 -0.9876
vn 0.3039 -0.0003 -0.9527
vn 0.3037 -0.1114 0.9462
vn 0.1539 -0.0853 0.9844
vn 0.5779 -0.1538 0.8015
vn 0.7954 -0.1813 0.5783
vn 0.9351 -0.1909 0.2985
vn 0.9802 -0.1859 0.0678
vn 0.9802 -0.1768 -0.0889
vn 0.9351 -0.1551 -0.3186
vn 0.7954 -0.1131 -0.5954
vn 0.5779 -0.0600 -0.8139
vn 0.1539 0.0292 -0.9877
vn 0.3037 -0.0010 -0.9528
vn 0.3036 -0.1122 0.9462
vn 0.1538 -0.0857 0.9844
vn 0.5776 -0.1554 0.8014
vn 0.7950 -0.1834 0.5782
vn 0.9347 -0.1934 0.2983
vn 0.9797 -0.1885 0.0676
vn 0.9797 -0.1794 -0.0890
vn 0.9347 -0.1575 -0.3187
vn 0.7950 -0.1152 -0.5955
vn 0.5776 -0.0615 -0.8140
vn 0.1538 0.0288 -0.9877
vn 0.3036 -0.0018 -0.9528
vn 0.3034 -0.1130 0.9461
vn 0.1537 -0.0861 0.9843
vn 0.1414 0.9655 0.2185
vn 0.2261 0.9580 0.1765
vn 0.2682 0.9563 0.1160
vn 0.2273 0.9718 0.0630
vn 0.2331 0.9712 0.0499
vn 0.2682 0.9634 -0.0047
vn 0.2261 0.9719 -0.0650
vn 0.1453 0.9841 -0.1024
vn 0.1537 0.0284 -0.9877
vn 0.3034 -0.0027 -0.9529
vn 0.6005 0.7691 0.2188
vn 0.1537 -0.0866 0.9843
vn -0.3414 0.4615 -0.8188
vn -0.4848 0.6236 -0.6133
vn -0.5946 0.7394 -0.3159
vn -0.6338 0.7604 0.1416
vn -0.5946 0.6978 0.3994
vn -0.4848 0.5484 0.6814
vn -0.3414 0.3636 0.8668
vn 0.1537 0.0280 -0.9877
vn 0.6005 0.7893 -0.1283
vn -0.0773 -0.1504 0.9856
vn 0.0772 -0.1509 0.9855
vn -0.5985 0.7706 0.2189
vn -0.7219 0.6621 0.2012
vn -0.7788 0.6049 0.1662
vn -0.6338 0.7717 -0.0526
vn -0.8148 0.5694 0.1089
vn -0.7996 0.6000 0.0247
vn -0.8148 0.5782 -0.0422
vn -0.7788 0.6200 -0.0951
vn -0.7219 0.6809 -0.1232
vn -0.5985 0.7908 -0.1282
vn -0.0773 -0.0353 -0.9964
vn 0.0772 -0.0357 -0.9964
vn -0.1538 -0.0860 0.9844
vn -0.3038 -0.1119 0.9461
vn -0.5778 -0.1549 0.8013
vn -0.7952 -0.1827 0.5781
vn -0.7996 0.5988 0.0449
vn -0.9348 -0.1927 0.2983
vn -0.9799 -0.1786 -0.0890
vn -0.9348 -0.1568 -0.3186
vn -0.7952 -0.1146 -0.5954
vn -0.5778 -0.0611 -0.8139
vn -0.3038 -0.0016 -0.9527
vn -0.1538 0.0285 -0.9877
vn -0.1537 -0.0862 0.9843
vn -0.3037 -0.1124 0.9461
vn -0.5776 -0.1558 0.8013
vn -0.7950 -0.1839 0.5781
vn -0.9799 -0.1877 0.0677
vn -0.9346 -0.1940 0.2982
vn -0.9796 -0.1800 -0.0890
vn -0.9346 -0.1582 -0.3187
vn -0.7950 -0.1157 -0.5955
vn -0.5776 -0.0619 -0.8139
vn -0.3037 -0.0021 -0.9528
vn -0.1537 0.0283 -0.9877
vn -0.1537 -0.0865 0.9843
vn -0.3036 -0.1129 0.9461
vn -0.5775 -0.1567 0.8012
vn -0.7948 -0.1852 0.5780
vn -0.9796 -0.1891 0.0676
vn -0.9343 -0.1955 0.2982
vn -0.9793 -0.1816 -0.0891
vn -0.9343 -0.1597 -0.3188
vn -0.7948 -0.1170 -0.5955
vn -0.5775 -0.0628 -0.8140
vn -0.3036 -0.0026 -0.9528
vn -0.1537 0.0281 -0.9877
vn -0.1536 -0.0868 0.9843
vn -0.3035 -0.1134 0.9460
vn -0.5773 -0.1577 0.8012
vn -0.7945 -0.1865 0.5779
vn -0.9793 -0.1907 0.0675
vn -0.9340 -0.1971 0.2981
vn -0.9790 -0.1833 -0.0892
vn -0.9340 -0.1613 -0.3189
vn -0.7945 -0.1183 -0.5956
vn -0.5773 -0.0638 -0.8140
vn -0.3035 -0.0031 -0.9528
vn -0.1536 0.0278 -0.9877
vn -0.1536 -0.0870 0.9843
vn -0.3034 -0.1140 0.9460
vn -0.5771 -0.1588 0.8011
vn -0.7942 -0.1880 0.5778
vn -0.9790 -0.1924 0.0674
vn -0.9336 -0.1989 0.2980
vn -0.9786 -0.1851 -0.0893
vn -0.9336 -0.1630 -0.3190
vn -0.7942 -0.1198 -0.5957
vn -0.5771 -0.0649 -0.8141
vn -0.3034 -0.0037 -0.9528
vn -0.1536 0.0275 -0.9878
vn -0.1535 -0.0874 0.9843
vn -0.3033 -0.1146 0.9460
vn -0.5768 -0.1599 0.8010
vn -0.7939 -0.1896 0.5777
vn -0.9786 -0.1942 0.0673
vn -0.9333 -0.2008 0.2978
vn -0.9783 -0.1871 -0.0895
vn -0.9333 -0.1649 -0.3191
vn -0.7939 -0.1215 -0.5958
vn -0.5768 -0.0661 -0.8142
vn -0.3033 -0.0043 -0.9529
vn -0.1535 0.0272 -0.9878
vn -0.1534 -0.0877 0.9843
vn -0.3032 -0.1153 0.9459
vn -0.5766 -0.1612 0.8010
vn -0.7936 -0.1914 0.5776
vn -0.9783 -0.1962 0.0672
vn -0.9328 -0.2029 0.2977
vn -0.9778 -0.1893 -0.0896
vn -0.9328 -0.1670 -0.3192
vn -0.7936 -0.1233 -0.5959
vn -0.5766 -0.0674 -0.8142
vn -0.3032 -0.0050 -0.9529
vn -0.1534 0.0269 -0.9878
vn -0.1534 -0.0881 0.9842
vn -0.3031 -0.1160 0.9459
vn -0.5763 -0.1627 0.8009
vn -0.7932 -0.1934 0.5775
vn -0.9778 -0.1984 0.0671
vn -0.9324 -0.2052 0.2976
vn -0.9773 -0.1918 -0.0897
vn -0.9324 -0.1694 -0.3193
vn -0.7932 -0.1252 -0.5960
vn -0.5763 -0.0688 -0.8143
vn -0.3031 -0.0057 -0.9530
vn -0.1534 0.0265 -0.9878
vn -0.1533 -0.0885 0.9842
vn -0.3029 -0.1169 0.9458
vn -0.5760 -0.1643 0.8008
vn -0.7927 -0.1956 0.5773
vn -0.9773 -0.2009 0.0669
vn -0.9319 -0.2078 0.2974
vn -0.9768 -0.1944 -0.0899
vn -0.9319 -0.1719 -0.3195
vn -0.7927 -0.1274 -0.5961
vn -0.5760 -0.0704 -0.8144
vn -0.3029 -0.0066 -0.9530
vn -0.1533 0.0261 -0.9878
vn -0.1532 -0.0890 0.9842
vn -0.3027 -0.1178 0.9458
vn -0.5757 -0.1660 0.8007
vn -0.7922 -0.1980 0.5772
vn -0.9768 -0.2035 0.0668
vn -0.9313 -0.2106 0.2973
vn -0.9762 -0.1974 -0.0901
vn -0.9313 -0.1748 -0.3196
vn -0.7922 -0.1299 -0.5962
vn -0.5757 -0.0722 -0.8145
vn -0.3027 -0.0075 -0.9530
vn -0.1532 0.0256 -0.9879
vn -0.1531 -0.0895 0.9842
vn -0.3025 -0.1188 0.9457
vn -0.5752 -0.1680 0.8005
vn -0.7917 -0.2008 0.5770
vn -0.9762 -0.2065 0.0666
vn -0.9306 -0.2138 0.2971
vn -0.9755 -0.2008 -0.0902
vn -0.9306 -0.1780 -0.3198
vn -0.7917 -0.1326 -0.5964
vn -0.5752 -0.0742 -0.8146
vn -0.3025 -0.0085 -0.9531
vn -0.1531 0.0251 -0.9879
vn -0.3022 -0.1192 0.9457
vn -0.5749 -0.1688 0.8006
vn -0.7914 -0.2019 0.5771
vn -0.9303 -0.2152 0.2970
vn -0.9752 -0.2113 0.0663
vn -0.9755 -0.2099 0.0664
vn -0.9752 -0.2022 -0.0903
vn -0.9303 -0.1793 -0.3200
vn -0.7914 -0.1337 -0.5966
vn -0.5749 -0.0750 -0.8148
vn -0.3022 -0.0089 -0.9532
vn -0.1530 -0.0897 0.9841
vn -0.1869 -0.2857 0.9399
vn -0.3388 -0.4664 0.8171
vn -0.4805 -0.6295 0.6107
vn -0.5882 -0.7454 0.3137
vn -0.6266 -0.7664 -0.1413
vn -0.5882 -0.7040 -0.3979
vn -0.4805 -0.5545 -0.6795
vn -0.3388 -0.3686 -0.8656
vn -0.1530 0.0248 -0.9879
vn 0.0771 -0.1201 0.9898
vn 0.2008 -0.2186 0.9549
vn 0.3693 -0.3501 0.8608
vn 0.5491 -0.4857 0.6801
vn -0.6266 -0.7776 0.0516
vn 0.7089 -0.5977 0.3745
vn 0.7714 -0.6179 -0.1521
vn 0.7089 -0.5503 -0.4412
vn 0.5491 -0.4036 -0.7318
vn 0.3693 -0.2480 -0.8956
vn 0.2008 -0.1066 -0.9738
vn 0.0771 -0.0047 -0.9970
vn 0.7714 -0.6314 0.0796
vn -0.1833 -0.2926 0.9385
vn 0.0772 -0.1205 0.9897
vn -0.0760 -0.1559 0.9848
vn -0.3321 -0.4784 0.8129
vn 0.2009 -0.2195 0.9547
vn -0.4689 -0.6441 0.6044
vn 0.3693 -0.3516 0.8602
vn -0.5717 -0.7603 0.3084
vn 0.5487 -0.4875 0.6791
vn -0.6080 -0.7924 0.0491
vn 0.7077 -0.5996 0.3736
vn 0.7699 -0.6199 -0.1519
vn -0.6080 -0.7814 -0.1405
vn 0.7077 -0.5523 -0.4405
vn -0.5717 -0.7195 -0.3944
vn 0.5487 -0.4056 -0.7310
vn -0.4689 -0.5698 -0.6749
vn 0.3693 -0.2496 -0.8952
vn -0.3321 -0.3811 -0.8629
vn 0.2009 -0.1075 -0.9737
vn -0.1833 -0.1819 -0.9661
vn 0.0772 -0.0051 -0.9970
vn -0.0760 -0.0408 -0.9963
vn 0.1873 0.1740 0.9668
vn 0.3397 0.3670 0.8660
vn 0.4819 0.5526 0.6801
vn 0.5902 0.7021 0.3984
vn 0.6289 0.7645 0.1414
vn 0.7699 -0.6333 0.0791
vn 0.6289 0.7758 -0.0519
vn 0.5902 0.7435 -0.3144
vn 0.4819 0.6276 -0.6115
vn 0.3397 0.4648 -0.8177
vn 0.1873 0.2848 -0.9401
vn -0.0769 0.0037 0.9970
vn 0.0770 0.0367 0.9964
vn -0.2007 0.1043 0.9741
vn -0.3694 0.2439 0.8967
vn -0.5503 0.3983 0.7339
vn -0.7120 0.5448 0.4431
vn -0.7755 0.6261 -0.0807
vn -0.7120 0.5924 -0.3770
vn -0.5502 0.4806 -0.6828
vn -0.3694 0.3461 -0.8624
vn -0.2007 0.2164 -0.9555
vn -0.0769 0.1191 -0.9899
vn 0.0770 0.1518 -0.9854
vn -0.1860 -0.2875 0.9395
vn -0.3371 -0.4695 0.8160
vn -0.4775 -0.6333 0.6090
vn -0.5839 -0.7493 0.3123
vn -0.6218 -0.7815 0.0509
vn -0.7755 0.6126 0.1527
vn -0.6218 -0.7704 -0.1411
vn -0.5839 -0.7081 -0.3970
vn -0.4775 -0.5585 -0.6783
vn -0.3371 -0.3719 -0.8649
vn -0.1860 -0.1768 -0.9665
vn -0.1224 -0.2069 0.9707
vn -0.0767 -0.1532 0.9852
vn -0.2822 -0.3978 0.8730
vn -0.4416 -0.5828 0.6822
vn -0.5755 -0.7294 0.3698
vn -0.6280 -0.7759 0.0600
vn -0.6280 -0.7637 -0.1494
vn -0.5755 -0.6817 -0.4518
vn -0.4416 -0.4999 -0.7451
vn -0.2822 -0.2940 -0.9132
vn -0.0767 -0.0381 -0.9963
vn -0.1224 -0.0931 -0.9881
vn -0.1131 0.0346 0.9930
vn -0.0770 -0.1519 0.9854
vn -0.2818 0.1751 0.9434
vn -0.4735 0.3390 0.8129
vn -0.6733 0.5187 0.5269
vn -0.7687 0.6174 0.1667
vn -0.7688 0.6326 -0.0941
vn -0.6733 0.5762 -0.4633
vn -0.4735 0.4309 -0.7682
vn -0.2818 0.2831 -0.9168
vn -0.0770 -0.0368 -0.9964
vn -0.1131 0.1494 -0.9823
vn -0.0773 0.0055 0.9970
vn -0.0772 0.0050 0.9970
vn -0.2009 0.1084 0.9736
vn -0.3693 0.2513 0.8947
vn -0.5482 0.4078 0.7302
vn -0.7064 0.5546 0.4398
vn -0.7682 0.6354 -0.0787
vn -0.7064 0.6018 -0.3726
vn -0.5482 0.4896 -0.6780
vn -0.3693 0.3532 -0.8596
vn -0.2009 0.2204 -0.9545
vn -0.0773 0.1209 -0.9896
vn -0.0772 0.1204 -0.9897
vn -0.1877 -0.2840 0.9403
vn -0.3404 -0.4634 0.8181
vn -0.4831 -0.6259 0.6123
vn -0.5921 -0.7417 0.3151
vn -0.6310 -0.7740 0.0522
vn -0.7682 0.6220 0.1517
vn -0.6310 -0.7628 -0.1415
vn -0.5921 -0.7003 -0.3988
vn -0.4831 -0.5508 -0.6806
vn -0.3404 -0.3656 -0.8663
vn -0.1877 -0.1732 -0.9668
vn -0.1224 -0.2062 0.9708
vn -0.0771 -0.1514 0.9855
vn -0.2825 -0.3965 0.8735
vn -0.4424 -0.5811 0.6831
vn -0.5770 -0.7278 0.3707
vn -0.6298 -0.7744 0.0603
vn -0.6298 -0.7622 -0.1496
vn -0.5770 -0.6800 -0.4525
vn -0.4424 -0.4981 -0.7458
vn -0.2825 -0.2927 -0.9136
vn -0.0771 -0.0363 -0.9964
vn -0.1224 -0.0924 -0.9882
vn -0.1134 0.0353 0.9929
vn -0.0771 -0.1516 0.9854
vn -0.2821 0.1764 0.9430
vn -0.4736 0.3411 0.8120
vn -0.6726 0.5208 0.5258
vn -0.7673 0.6193 0.1664
vn -0.7673 0.6344 -0.0936
vn -0.6726 0.5782 -0.4619
vn -0.4736 0.4328 -0.7671
vn -0.2821 0.2844 -0.9163
vn -0.0771 -0.0364 -0.9964
vn -0.1134 0.1500 -0.9822
vn -0.0762 0.0010 0.9971
vn -0.0772 0.0054 0.9970
vn -0.2002 0.0981 0.9748
vn -0.3691 0.2329 0.8997
vn -0.5528 0.3842 0.7395
vn -0.7198 0.5302 0.4481
vn -0.7861 0.6123 -0.0838
vn -0.7198 0.5785 -0.3837
vn -0.5528 0.4672 -0.6900
vn -0.3691 0.3355 -0.8667
vn -0.2002 0.2103 -0.9569
vn -0.0762 0.1164 -0.9903
vn -0.0772 0.1208 -0.9897
vn -0.7861 0.5985 0.1542
vt 0.090909 0.000000
vt 0.454545 0.000000
vt 0.181818 0.000000
vt 0.272727 0.000000
vt 0.363636 0.000000
vt 0.545455 0.000000
vt 0.818182 0.000000
vt 0.636364 0.000000
vt 0.727273 0.000000
vt 0.909091 0.000000
vt 1.000000 0.000000
vt 0.000000 0.000000
vt 0.815789 0.000000
vt 0.013158 0.000000
vt 0.802632 0.000000
vt 0.026316 0.000000
vt 0.210526 0.000000
vt 0.592105 0.000000
vt 0.223684 0.000000
vt 0.236842 0.000000
vt 0.578947 0.000000
vt 0.250000 0.000000
vt 0.828947 0.000000
vt 0.789474 0.000000
vt 0.605263 0.000000
vt 0.565789 0.000000
vt 0.776316 0.000000
vt 0.552632 0.000000
vt 0.763158 0.000000
vt 0.539474 0.000000
vt 0.750000 0.000000
vt 0.842105 0.000000
vt 0.526316 0.000000
vt 0.736842 0.000000
vt 0.513158 0.000000
vt 0.723684 0.000000
vt 0.500000 0.000000
vt 0.855263 0.000000
vt 0.710526 0.000000
vt 0.486842 0.000000
vt 0.473684 0.000000
vt 0.697368 0.000000
vt 0.460526 0.000000
vt 0.684211 0.000000
vt 0.868421 0.000000
vt 0.447368 0.000000
vt 0.671053 0.000000
vt 0.434211 0.000000
vt 0.657895 0.000000
vt 0.421053 0.000000
vt 0.881579 0.000000
vt 0.644737 0.000000
vt 0.407895 0.000000
vt 0.631579 0.000000
vt 0.394737 0.000000
vt 0.894737 0.000000
vt 0.381579 0.000000
vt 0.907895 0.000000
vt 0.368421 0.000000
vt 0.921053 0.000000
vt 0.618421 0.000000
vt 0.355263 0.000000
vt 0.934211 0.000000
vt 0.342105 0.000000
vt 0.947368 0.000000
vt 0.960526 0.000000
vt 0.328947 0.000000
vt 0.973684 0.000000
vt 0.986842 0.000000
vt 0.315789 0.000000
vt 0.302632 0.000000
vt 0.039474 0.000000
vt 0.289474 0.000000
vt 0.052632 0.000000
vt 0.065789 0.000000
vt 0.078947 0.000000
vt 0.092105 0.000000
vt 0.197368 0.000000
vt 0.105263 0.000000
vt 0.276316 0.000000
vt 0.118421 0.000000
vt 0.131579 0.000000
vt 0.144737 0.000000
vt 0.157895 0.000000
vt 0.171053 0.000000
vt 0.263158 0.000000
vt 0.184211 0.000000
vt 0.043478 0.000000
vt 0.130435 0.000000
vt 0.086957 0.000000
vt 0.478261 0.000000
vt 0.434783 0.000000
vt 0.173913 0.000000
vt 0.521739 0.000000
vt 0.391304 0.000000
vt 0.565217 0.000000
vt 0.608696 0.000000
vt 0.652174 0.000000
vt 0.695652 0.000000
vt 0.739130 0.000000
vt 0.782609 0.000000
vt 0.826087 0.000000
vt 0.869565 0.000000
vt 0.913043 0.000000
vt 0.956522 0.000000
vt 0.347826 0.000000
vt 0.304348 0.000000
vt 0.260870 0.000000
vt 0.217391 0.000000
vt 0.201717 0.000000
vt 0.210300 0.000000
vt 0.206009 0.000000
vt 0.214592 0.000000
vt 0.218884 0.000000
vt 0.223176 0.000000
vt 0.197425 0.000000
vt 0.227468 0.000000
vt 0.231760 0.000000
vt 0.236051 0.000000
vt 0.193133 0.000000
vt 0.240343 0.000000
vt 0.244635 0.000000
vt 0.248927 0.000000
vt 0.188841 0.000000
vt 0.253219 0.000000
vt 0.257511 0.000000
vt 0.261803 0.000000
vt 0.184549 0.000000
vt 0.266094 0.000000
vt 0.270386 0.000000
vt 0.274678 0.000000
vt 0.180258 0.000000
vt 0.278970 0.000000
vt 0.283262 0.000000
vt 0.287554 0.000000
vt 0.291846 0.000000
vt 0.175966 0.000000
vt 0.296137 0.000000
vt 0.300429 0.000000
vt 0.304721 0.000000
vt 0.309013 0.000000
vt 0.171674 0.000000
vt 0.399142 0.000000
vt 0.394850 0.000000
vt 0.390558 0.000000
vt 0.386266 0.000000
vt 0.381974 0.000000
vt 0.377682 0.000000
vt 0.373391 0.000000
vt 0.369099 0.000000
vt 0.364807 0.000000
vt 0.360515 0.000000
vt 0.356223 0.000000
vt 0.351931 0.000000
vt 0.347639 0.000000
vt 0.343348 0.000000
vt 0.339056 0.000000
vt 0.334764 0.000000
vt 0.330472 0.000000
vt 0.326180 0.000000
vt 0.321888 0.000000
vt 0.317597 0.000000
vt 0.313305 0.000000
vt 0.167382 0.000000
vt 0.412017 0.000000
vt 0.407725 0.000000
vt 0.403433 0.000000
vt 0.163090 0.000000
vt 0.420601 0.000000
vt 0.416309 0.000000
vt 0.424893 0.000000
vt 0.429185 0.000000
vt 0.433476 0.000000
vt 0.437768 0.000000
vt 0.158798 0.000000
vt 0.442060 0.000000
vt 0.446352 0.000000
vt 0.450644 0.000000
vt 0.154506 0.000000
vt 0.454936 0.000000
vt 0.459227 0.000000
vt 0.150215 0.000000
vt 0.463519 0.000000
vt 0.467811 0.000000
vt 0.145923 0.000000
vt 0.472103 0.000000
vt 0.141631 0.000000
vt 0.476395 0.000000
vt 0.480687 0.000000
vt 0.137339 0.000000
vt 0.484979 0.000000
vt 0.133047 0.000000
vt 0.489270 0.000000
vt 0.128755 0.000000
vt 0.493562 0.000000
vt 0.124464 0.000000
vt 0.497854 0.000000
vt 0.120172 0.000000
vt 0.502146 0.000000
vt 0.506438 0.000000
vt 0.115880 0.000000
vt 0.510730 0.000000
vt 0.111588 0.000000
vt 0.515021 0.000000
vt 0.107296 0.000000
vt 0.519313 0.000000
vt 0.103004 0.000000
vt 0.523605 0.000000
vt 0.098712 0.000000
vt 0.527897 0.000000
vt 0.094421 0.000000
vt 0.532189 0.000000
vt 0.090129 0.000000
vt 0.536481 0.000000
vt 0.085837 0.000000
vt 0.540773 0.000000
vt 0.081545 0.000000
vt 0.545064 0.000000
vt 0.077253 0.000000
vt 0.549356 0.000000
vt 0.072961 0.000000
vt 0.553648 0.000000
vt 0.785408 0.000000
vt 0.793991 0.000000
vt 0.789700 0.000000
vt 0.781116 0.000000
vt 0.798283 0.000000
vt 0.068670 0.000000
vt 0.557940 0.000000
vt 0.064378 0.000000
vt 0.562232 0.000000
vt 0.060086 0.000000
vt 0.776824 0.000000
vt 0.566524 0.000000
vt 0.055794 0.000000
vt 0.570815 0.000000
vt 0.051502 0.000000
vt 0.575107 0.000000
vt 0.047210 0.000000
vt 0.579399 0.000000
vt 0.042918 0.000000
vt 0.038627 0.000000
vt 0.583691 0.000000
vt 0.034335 0.000000
vt 0.587983 0.000000
vt 0.772532 0.000000
vt 0.030043 0.000000
vt 0.802575 0.000000
vt 0.768240 0.000000
vt 0.592275 0.000000
vt 0.025751 0.000000
vt 0.763949 0.000000
vt 0.806867 0.000000
vt 0.596566 0.000000
vt 0.021459 0.000000
vt 0.759657 0.000000
vt 0.600858 0.000000
vt 0.811159 0.000000
vt 0.017167 0.000000
vt 0.755365 0.000000
vt 0.605150 0.000000
vt 0.012876 0.000000
vt 0.815451 0.000000
vt 0.751073 0.000000
vt 0.008584 0.000000
vt 0.609442 0.000000
vt 0.819743 0.000000
vt 0.746781 0.000000
vt 0.004292 0.000000
vt 0.613734 0.000000
vt 0.742489 0.000000
vt 0.824034 0.000000
vt 0.618026 0.000000
vt 0.738197 0.000000
vt 0.828326 0.000000
vt 0.622318 0.000000
vt 0.733906 0.000000
vt 0.995708 0.000000
vt 0.626609 0.000000
vt 0.729614 0.000000
vt 0.832618 0.000000
vt 0.991416 0.000000
vt 0.725322 0.000000
vt 0.630901 0.000000
vt 0.987124 0.000000
vt 0.836910 0.000000
vt 0.721030 0.000000
vt 0.635193 0.000000
vt 0.982833 0.000000
vt 0.716738 0.000000
vt 0.841202 0.000000
vt 0.639485 0.000000
vt 0.978541 0.000000
vt 0.712446 0.000000
vt 0.643777 0.000000
vt 0.845494 0.000000
vt 0.708154 0.000000
vt 0.974249 0.000000
vt 0.648069 0.000000
vt 0.703863 0.000000
vt 0.969957 0.000000
vt 0.849785 0.000000
vt 0.652360 0.000000
vt 0.699571 0.000000
vt 0.695279 0.000000
vt 0.656652 0.000000
vt 0.965665 0.000000
vt 0.690987 0.000000
vt 0.854077 0.000000
vt 0.660944 0.000000
vt 0.686695 0.000000
vt 0.665236 0.000000
vt 0.961373 0.000000
vt 0.682403 0.000000
vt 0.669528 0.000000
vt 0.678112 0.000000
vt 0.673820 0.000000
vt 0.858369 0.000000
vt 0.957082 0.000000
vt 0.862661 0.000000
vt 0.952790 0.000000
vt 0.948498 0.000000
vt 0.866953 0.000000
vt 0.944206 0.000000
vt 0.871245 0.000000
vt 0.939914 0.000000
vt 0.875537 0.000000
vt 0.935622 0.000000
vt 0.931330 0.000000
vt 0.879828 0.000000
vt 0.927039 0.000000
vt 0.884120 0.000000
vt 0.922747 0.000000
vt 0.888412 0.000000
vt 0.918455 0.000000
vt 0.914163 0.000000
vt 0.892704 0.000000
vt 0.909871 0.000000
vt 0.896996 0.000000
vt 0.905579 0.000000
vt 0.901288 0.000000
vt 0.000000 0.090909
vt 0.004274 0.000000
vt 0.000000 0.181818
vt 0.004274 0.090909
vt 0.000000 0.272727
vt 0.004274 0.181818
vt 0.000000 0.363636
vt 0.004274 0.272727
vt 0.000000 0.454545
vt 0.004274 0.363636
vt 0.004274 0.545455
vt 0.000000 0.545455
vt 0.004274 0.636364
vt 0.000000 0.636364
vt 0.004274 0.727273
vt 0.000000 0.727273
vt 0.004274 0.818182
vt 0.000000 0.818182
vt 0.004274 0.909091
vt 0.000000 0.909091
vt 0.004274 1.000000
vt 0.000000 1.000000
vt 0.008547 0.090909
vt 0.008547 0.181818
vt 0.008547 0.272727
vt 0.008547 0.363636
vt 0.008547 0.454545
vt 0.004274 0.454545
vt 0.008547 0.545455
vt 0.008547 0.636364
vt 0.008547 0.727273
vt 0.008547 0.818182
vt 0.008547 0.909091
vt 0.012821 0.090909
vt 0.008547 0.000000
vt 0.012821 0.181818
vt 0.012821 0.272727
vt 0.012821 0.363636
vt 0.012821 0.454545
vt 0.012821 0.545455
vt 0.012821 0.636364
vt 0.012821 0.727273
vt 0.012821 0.818182
vt 0.008547 1.000000
vt 0.012821 0.909091
vt 0.017094 0.090909
vt 0.012821 0.000000
vt 0.017094 0.181818
vt 0.017094 0.272727
vt 0.017094 0.363636
vt 0.017094 0.454545
vt 0.017094 0.545455
vt 0.017094 0.636364
vt 0.017094 0.727273
vt 0.017094 0.818182
vt 0.012821 1.000000
vt 0.017094 0.909091
vt 0.021368 0.090909
vt 0.017094 0.000000
vt 0.021368 0.181818
vt 0.021368 0.272727
vt 0.021368 0.363636
vt 0.021368 0.454545
vt 0.021368 0.545455
vt 0.021368 0.636364
vt 0.021368 0.727273
vt 0.021368 0.818182
vt 0.017094 1.000000
vt 0.021368 0.909091
vt 0.025641 0.090909
vt 0.021368 0.000000
vt 0.025641 0.181818
vt 0.025641 0.272727
vt 0.025641 0.363636
vt 0.025641 0.454545
vt 0.025641 0.545455
vt 0.025641 0.636364
vt 0.025641 0.727273
vt 0.025641 0.818182
vt 0.021368 1.000000
vt 0.025641 0.909091
vt 0.029915 0.090909
vt 0.025641 0.000000
vt 0.029915 0.181818
vt 0.029915 0.272727
vt 0.029915 0.363636
vt 0.029915 0.454545
vt 0.029915 0.545455
vt 0.029915 0.636364
vt 0.029915 0.727273
vt 0.029915 0.818182
vt 0.025641 1.000000
vt 0.029915 0.909091
vt 0.034188 0.090909
vt 0.029915 0.000000
vt 0.034188 0.181818
vt 0.034188 0.272727
vt 0.034188 0.363636
vt 0.034188 0.454545
vt 0.034188 0.545455
vt 0.034188 0.636364
vt 0.034188 0.727273
vt 0.034188 0.818182
vt 0.029915 1.000000
vt 0.034188 0.909091
vt 0.038462 0.090909
vt 0.034188 0.000000
vt 0.038462 0.181818
vt 0.038462 0.272727
vt 0.038462 0.363636
vt 0.038462 0.454545
vt 0.038462 0.545455
vt 0.038462 0.636364
vt 0.038462 0.727273
vt 0.038462 0.818182
vt 0.034188 1.000000
vt 0.038462 0.909091
vt 0.042735 0.090909
vt 0.038462 0.000000
vt 0.042735 0.181818
vt 0.042735 0.272727
vt 0.042735 0.363636
vt 0.042735 0.454545
vt 0.042735 0.545455
vt 0.042735 0.636364
vt 0.042735 0.727273
vt 0.042735 0.818182
vt 0.038462 1.000000
vt 0.042735 0.909091
vt 0.047009 0.090909
vt 0.042735 0.000000
vt 0.047009 0.181818
vt 0.047009 0.272727
vt 0.047009 0.363636
vt 0.047009 0.454545
vt 0.047009 0.545455
vt 0.047009 0.636364
vt 0.047009 0.727273
vt 0.047009 0.818182
vt 0.042735 1.000000
vt 0.047009 0.909091
vt 0.051282 0.090909
vt 0.047009 0.000000
vt 0.051282 0.181818
vt 0.051282 0.272727
vt 0.051282 0.363636
vt 0.051282 0.454545
vt 0.051282 0.545455
vt 0.051282 0.636364
vt 0.051282 0.727273
vt 0.051282 0.818182
vt 0.047009 1.000000
vt 0.051282 0.909091
vt 0.055556 0.000000
vt 0.051282 0.000000
vt 0.055556 0.090909
vt 0.055556 0.181818
vt 0.055556 0.272727
vt 0.055556 0.363636
vt 0.055556 0.545455
vt 0.055556 0.636364
vt 0.055556 0.727273
vt 0.055556 0.818182
vt 0.055556 0.909091
vt 0.055556 1.000000
vt 0.051282 1.000000
vt 0.059829 0.090909
vt 0.059829 0.181818
vt 0.059829 0.272727
vt 0.059829 0.363636
vt 0.059829 0.454545
vt 0.055556 0.454545
vt 0.059829 0.545455
vt 0.059829 0.636364
vt 0.059829 0.727273
vt 0.059829 0.818182
vt 0.059829 0.909091
vt 0.064103 0.090909
vt 0.059829 0.000000
vt 0.064103 0.181818
vt 0.064103 0.272727
vt 0.064103 0.363636
vt 0.064103 0.454545
vt 0.064103 0.545455
vt 0.064103 0.636364
vt 0.064103 0.727273
vt 0.064103 0.818182
vt 0.059829 1.000000
vt 0.064103 0.909091
vt 0.068376 0.090909
vt 0.064103 0.000000
vt 0.068376 0.181818
vt 0.068376 0.272727
vt 0.068376 0.363636
vt 0.068376 0.454545
vt 0.068376 0.545455
vt 0.068376 0.636364
vt 0.068376 0.727273
vt 0.068376 0.818182
vt 0.064103 1.000000
vt 0.068376 0.909091
vt 0.072650 0.090909
vt 0.068376 0.000000
vt 0.072650 0.181818
vt 0.072650 0.272727
vt 0.072650 0.363636
vt 0.072650 0.454545
vt 0.072650 0.545455
vt 0.072650 0.636364
vt 0.072650 0.727273
vt 0.072650 0.818182
vt 0.068376 1.000000
vt 0.072650 0.909091
vt 0.076923 0.090909
vt 0.072650 0.000000
vt 0.076923 0.181818
vt 0.076923 0.272727
vt 0.076923 0.363636
vt 0.076923 0.454545
vt 0.076923 0.545455
vt 0.076923 0.636364
vt 0.076923 0.727273
vt 0.076923 0.818182
vt 0.072650 1.000000
vt 0.076923 0.909091
vt 0.081197 0.090909
vt 0.076923 0.000000
vt 0.081197 0.181818
vt 0.081197 0.272727
vt 0.081197 0.363636
vt 0.081197 0.454545
vt 0.081197 0.545455
vt 0.081197 0.636364
vt 0.081197 0.727273
vt 0.081197 0.818182
vt 0.076923 1.000000
vt 0.081197 0.909091
vt 0.085470 0.090909
vt 0.081197 0.000000
vt 0.085470 0.181818
vt 0.085470 0.272727
vt 0.085470 0.363636
vt 0.085470 0.454545
vt 0.085470 0.545455
vt 0.085470 0.636364
vt 0.085470 0.727273
vt 0.085470 0.818182
vt 0.081197 1.000000
vt 0.085470 0.909091
vt 0.089744 0.090909
vt 0.085470 0.000000
vt 0.089744 0.181818
vt 0.089744 0.272727
vt 0.089744 0.363636
vt 0.089744 0.454545
vt 0.089744 0.545455
vt 0.089744 0.636364
vt 0.089744 0.727273
vt 0.089744 0.818182
vt 0.085470 1.000000
vt 0.089744 0.909091
vt 0.094017 0.090909
vt 0.089744 0.000000
vt 0.094017 0.181818
vt 0.094017 0.272727
vt 0.094017 0.363636
vt 0.094017 0.454545
vt 0.094017 0.545455
vt 0.094017 0.636364
vt 0.094017 0.727273
vt 0.094017 0.818182
vt 0.089744 1.000000
vt 0.094017 0.909091
vt 0.098291 0.090909
vt 0.094017 0.000000
vt 0.098291 0.181818
vt 0.098291 0.272727
vt 0.098291 0.363636
vt 0.098291 0.454545
vt 0.098291 0.545455
vt 0.098291 0.636364
vt 0.098291 0.727273
vt 0.098291 0.818182
vt 0.094017 1.000000
vt 0.098291 0.909091
vt 0.102564 0.000000
vt 0.098291 0.000000
vt 0.102564 0.090909
vt 0.102564 0.181818
vt 0.102564 0.272727
vt 0.102564 0.363636
vt 0.102564 0.545455
vt 0.102564 0.636364
vt 0.102564 0.727273
vt 0.102564 0.818182
vt 0.102564 0.909091
vt 0.102564 1.000000
vt 0.098291 1.000000
vt 0.106838 0.000000
vt 0.106838 0.090909
vt 0.106838 0.181818
vt 0.106838 0.272727
vt 0.102564 0.454545
vt 0.106838 0.363636
vt 0.106838 0.545455
vt 0.106838 0.636364
vt 0.106838 0.727273
vt 0.106838 0.818182
vt 0.106838 0.909091
vt 0.106838 1.000000
vt 0.111111 0.000000
vt 0.111111 0.090909
vt 0.111111 0.181818
vt 0.111111 0.272727
vt 0.106838 0.454545
vt 0.111111 0.363636
vt 0.111111 0.545455
vt 0.111111 0.636364
vt 0.111111 0.727273
vt 0.111111 0.818182
vt 0.111111 0.909091
vt 0.111111 1.000000
vt 0.115385 0.000000
vt 0.115385 0.090909
vt 0.115385 0.181818
vt 0.115385 0.272727
vt 0.111111 0.454545
vt 0.115385 0.363636
vt 0.115385 0.545455
vt 0.115385 0.636364
vt 0.115385 0.727273
vt 0.115385 0.818182
vt 0.115385 0.909091
vt 0.115385 1.000000
vt 0.119658 0.090909
vt 0.119658 0.181818
vt 0.119658 0.272727
vt 0.115385 0.454545
vt 0.119658 0.363636
vt 0.119658 0.545455
vt 0.119658 0.636364
vt 0.119658 0.727273
vt 0.119658 0.818182
vt 0.119658 0.909091
vt 0.123932 0.090909
vt 0.119658 0.000000
vt 0.123932 0.181818
vt 0.123932 0.272727
vt 0.123932 0.363636
vt 0.123932 0.454545
vt 0.119658 0.454545
vt 0.123932 0.545455
vt 0.123932 0.636364
vt 0.123932 0.727273
vt 0.123932 0.818182
vt 0.119658 1.000000
vt 0.123932 0.909091
vt 0.128205 0.090909
vt 0.123932 0.000000
vt 0.128205 0.181818
vt 0.128205 0.272727
vt 0.128205 0.363636
vt 0.128205 0.454545
vt 0.128205 0.545455
vt 0.128205 0.636364
vt 0.128205 0.727273
vt 0.128205 0.818182
vt 0.123932 1.000000
vt 0.128205 0.909091
vt 0.132479 0.090909
vt 0.128205 0.000000
vt 0.132479 0.181818
vt 0.132479 0.272727
vt 0.132479 0.363636
vt 0.132479 0.454545
vt 0.132479 0.545455
vt 0.132479 0.636364
vt 0.132479 0.727273
vt 0.132479 0.818182
vt 0.128205 1.000000
vt 0.132479 0.909091
vt 0.136752 0.090909
vt 0.132479 0.000000
vt 0.136752 0.181818
vt 0.136752 0.272727
vt 0.136752 0.363636
vt 0.136752 0.454545
vt 0.136752 0.545455
vt 0.136752 0.636364
vt 0.136752 0.727273
vt 0.136752 0.818182
vt 0.132479 1.000000
vt 0.136752 0.909091
vt 0.141026 0.090909
vt 0.136752 0.000000
vt 0.141026 0.181818
vt 0.141026 0.272727
vt 0.141026 0.363636
vt 0.141026 0.454545
vt 0.141026 0.545455
vt 0.141026 0.636364
vt 0.141026 0.727273
vt 0.141026 0.818182
vt 0.136752 1.000000
vt 0.141026 0.909091
vt 0.145299 0.090909
vt 0.141026 0.000000
vt 0.145299 0.181818
vt 0.145299 0.272727
vt 0.145299 0.363636
vt 0.145299 0.454545
vt 0.145299 0.545455
vt 0.145299 0.636364
vt 0.145299 0.727273
vt 0.145299 0.818182
vt 0.141026 1.000000
vt 0.145299 0.909091
vt 0.149573 0.090909
vt 0.145299 0.000000
vt 0.149573 0.181818
vt 0.149573 0.272727
vt 0.149573 0.363636
vt 0.149573 0.454545
vt 0.149573 0.545455
vt 0.149573 0.636364
vt 0.149573 0.727273
vt 0.149573 0.818182
vt 0.145299 1.000000
vt 0.149573 0.909091
vt 0.153846 0.000000
vt 0.149573 0.000000
vt 0.153846 0.090909
vt 0.153846 0.181818
vt 0.153846 0.272727
vt 0.153846 0.363636
vt 0.153846 0.545455
vt 0.153846 0.636364
vt 0.153846 0.727273
vt 0.153846 0.818182
vt 0.153846 0.909091
vt 0.153846 1.000000
vt 0.149573 1.000000
vt 0.158120 0.000000
vt 0.158120 0.090909
vt 0.158120 0.181818
vt 0.158120 0.272727
vt 0.153846 0.454545
vt 0.158120 0.363636
vt 0.158120 0.545455
vt 0.158120 0.636364
vt 0.158120 0.727273
vt 0.158120 0.818182
vt 0.158120 0.909091
vt 0.158120 1.000000
vt 0.162393 0.090909
vt 0.162393 0.181818
vt 0.162393 0.272727
vt 0.162393 0.363636
vt 0.162393 0.454545
vt 0.158120 0.454545
vt 0.162393 0.545455
vt 0.162393 0.636364
vt 0.162393 0.727273
vt 0.162393 0.818182
vt 0.162393 0.909091
vt 0.166667 0.090909
vt 0.162393 0.000000
vt 0.166667 0.181818
vt 0.166667 0.272727
vt 0.166667 0.363636
vt 0.166667 0.454545
vt 0.166667 0.545455
vt 0.166667 0.636364
vt 0.166667 0.727273
vt 0.166667 0.818182
vt 0.162393 1.000000
vt 0.166667 0.909091
vt 0.170940 0.090909
vt 0.166667 0.000000
vt 0.170940 0.181818
vt 0.170940 0.272727
vt 0.170940 0.363636
vt 0.170940 0.454545
vt 0.170940 0.545455
vt 0.170940 0.636364
vt 0.170940 0.727273
vt 0.170940 0.818182
vt 0.166667 1.000000
vt 0.170940 0.909091
vt 0.175214 0.090909
vt 0.170940 0.000000
vt 0.175214 0.181818
vt 0.175214 0.272727
vt 0.175214 0.363636
vt 0.175214 0.454545
vt 0.175214 0.545455
vt 0.175214 0.636364
vt 0.175214 0.727273
vt 0.175214 0.818182
vt 0.170940 1.000000
vt 0.175214 0.909091
vt 0.179487 0.090909
vt 0.175214 0.000000
vt 0.179487 0.181818
vt 0.179487 0.272727
vt 0.179487 0.363636
vt 0.179487 0.454545
vt 0.179487 0.545455
vt 0.179487 0.636364
vt 0.179487 0.727273
vt 0.179487 0.818182
vt 0.175214 1.000000
vt 0.179487 0.909091
vt 0.183761 0.090909
vt 0.179487 0.000000
vt 0.183761 0.181818
vt 0.183761 0.272727
vt 0.183761 0.363636
vt 0.183761 0.454545
vt 0.183761 0.545455
vt 0.183761 0.636364
vt 0.183761 0.727273
vt 0.183761 0.818182
vt 0.179487 1.000000
vt 0.183761 0.909091
vt 0.188034 0.090909
vt 0.183761 0.000000
vt 0.188034 0.181818
vt 0.188034 0.272727
vt 0.188034 0.363636
vt 0.188034 0.454545
vt 0.188034 0.545455
vt 0.188034 0.636364
vt 0.188034 0.727273
vt 0.188034 0.818182
vt 0.183761 1.000000
vt 0.188034 0.909091
vt 0.192308 0.090909
vt 0.188034 0.000000
vt 0.192308 0.181818
vt 0.192308 0.272727
vt 0.192308 0.363636
vt 0.192308 0.454545
vt 0.192308 0.545455
vt 0.192308 0.636364
vt 0.192308 0.727273
vt 0.192308 0.818182
vt 0.188034 1.000000
vt 0.192308 0.909091
vt 0.196581 0.090909
vt 0.192308 0.000000
vt 0.196581 0.181818
vt 0.196581 0.272727
vt 0.196581 0.363636
vt 0.196581 0.454545
vt 0.196581 0.545455
vt 0.196581 0.636364
vt 0.196581 0.727273
vt 0.196581 0.818182
vt 0.192308 1.000000
vt 0.196581 0.909091
vt 0.200855 0.090909
vt 0.196581 0.000000
vt 0.200855 0.181818
vt 0.200855 0.272727
vt 0.200855 0.363636
vt 0.200855 0.454545
vt 0.200855 0.545455
vt 0.200855 0.636364
vt 0.200855 0.727273
vt 0.200855 0.818182
vt 0.196581 1.000000
vt 0.200855 0.909091
vt 0.205128 0.090909
vt 0.200855 0.000000
vt 0.205128 0.181818
vt 0.205128 0.272727
vt 0.205128 0.363636
vt 0.205128 0.454545
vt 0.205128 0.545455
vt 0.205128 0.636364
vt 0.205128 0.727273
vt 0.205128 0.818182
vt 0.200855 1.000000
vt 0.205128 0.909091
vt 0.209402 0.090909
vt 0.205128 0.000000
vt 0.209402 0.181818
vt 0.209402 0.272727
vt 0.209402 0.363636
vt 0.209402 0.454545
vt 0.209402 0.545455
vt 0.209402 0.636364
vt 0.209402 0.727273
vt 0.209402 0.818182
vt 0.205128 1.000000
vt 0.209402 0.909091
vt 0.213675 0.090909
vt 0.209402 0.000000
vt 0.213675 0.181818
vt 0.213675 0.272727
vt 0.213675 0.363636
vt 0.213675 0.454545
vt 0.213675 0.545455
vt 0.213675 0.636364
vt 0.213675 0.727273
vt 0.213675 0.818182
vt 0.209402 1.000000
vt 0.213675 0.909091
vt 0.217949 0.090909
vt 0.213675 0.000000
vt 0.217949 0.272727
vt 0.217949 0.454545
vt 0.217949 0.545455
vt 0.217949 0.727273
vt 0.217949 0.909091
vt 0.213675 1.000000
vt 0.222222 0.090909
vt 0.217949 0.000000
vt 0.222222 0.181818
vt 0.217949 0.181818
vt 0.222222 0.272727
vt 0.217949 0.363636
vt 0.222222 0.454545
vt 0.222222 0.545455
vt 0.217949 0.636364
vt 0.222222 0.727273
vt 0.217949 0.818182
vt 0.222222 0.818182
vt 0.217949 1.000000
vt 0.222222 0.909091
vt 0.226496 0.090909
vt 0.222222 0.000000
vt 0.226496 0.181818
vt 0.226496 0.272727
vt 0.226496 0.363636
vt 0.222222 0.363636
vt 0.226496 0.454545
vt 0.226496 0.545455
vt 0.222222 0.636364
vt 0.226496 0.636364
vt 0.226496 0.727273
vt 0.226496 0.818182
vt 0.222222 1.000000
vt 0.226496 0.909091
vt 0.230769 0.090909
vt 0.226496 0.000000
vt 0.230769 0.181818
vt 0.230769 0.272727
vt 0.230769 0.363636
vt 0.230769 0.454545
vt 0.230769 0.545455
vt 0.230769 0.636364
vt 0.230769 0.727273
vt 0.230769 0.818182
vt 0.226496 1.000000
vt 0.230769 0.909091
vt 0.235043 0.090909
vt 0.230769 0.000000
vt 0.235043 0.181818
vt 0.235043 0.272727
vt 0.235043 0.363636
vt 0.235043 0.454545
vt 0.235043 0.545455
vt 0.235043 0.636364
vt 0.235043 0.727273
vt 0.235043 0.818182
vt 0.230769 1.000000
vt 0.235043 0.909091
vt 0.239316 0.090909
vt 0.235043 0.000000
vt 0.239316 0.181818
vt 0.239316 0.272727
vt 0.239316 0.363636
vt 0.239316 0.454545
vt 0.239316 0.545455
vt 0.239316 0.636364
vt 0.239316 0.727273
vt 0.239316 0.818182
vt 0.235043 1.000000
vt 0.239316 0.909091
vt 0.243590 0.090909
vt 0.239316 0.000000
vt 0.243590 0.181818
vt 0.243590 0.272727
vt 0.243590 0.363636
vt 0.243590 0.454545
vt 0.243590 0.545455
vt 0.243590 0.636364
vt 0.243590 0.727273
vt 0.243590 0.818182
vt 0.239316 1.000000
vt 0.243590 0.909091
vt 0.247863 0.090909
vt 0.243590 0.000000
vt 0.247863 0.181818
vt 0.247863 0.272727
vt 0.247863 0.363636
vt 0.247863 0.454545
vt 0.247863 0.545455
vt 0.247863 0.636364
vt 0.247863 0.727273
vt 0.247863 0.818182
vt 0.243590 1.000000
vt 0.247863 0.909091
vt 0.252137 0.090909
vt 0.247863 0.000000
vt 0.252137 0.181818
vt 0.252137 0.272727
vt 0.252137 0.363636
vt 0.252137 0.454545
vt 0.252137 0.545455
vt 0.252137 0.636364
vt 0.252137 0.727273
vt 0.252137 0.818182
vt 0.247863 1.000000
vt 0.252137 0.909091
vt 0.256410 0.090909
vt 0.252137 0.000000
vt 0.256410 0.181818
vt 0.256410 0.272727
vt 0.256410 0.363636
vt 0.256410 0.454545
vt 0.256410 0.545455
vt 0.256410 0.636364
vt 0.256410 0.727273
vt 0.256410 0.818182
vt 0.252137 1.000000
vt 0.256410 0.909091
vt 0.260684 0.090909
vt 0.256410 0.000000
vt 0.260684 0.181818
vt 0.260684 0.272727
vt 0.260684 0.363636
vt 0.260684 0.454545
vt 0.260684 0.545455
vt 0.260684 0.636364
vt 0.260684 0.727273
vt 0.260684 0.818182
vt 0.256410 1.000000
vt 0.260684 0.909091
vt 0.264957 0.000000
vt 0.260684 0.000000
vt 0.264957 0.090909
vt 0.264957 0.181818
vt 0.264957 0.272727
vt 0.264957 0.363636
vt 0.264957 0.545455
vt 0.264957 0.636364
vt 0.264957 0.727273
vt 0.264957 0.818182
vt 0.264957 0.909091
vt 0.264957 1.000000
vt 0.260684 1.000000
vt 0.269231 0.000000
vt 0.269231 0.090909
vt 0.269231 0.181818
vt 0.269231 0.272727
vt 0.264957 0.454545
vt 0.269231 0.363636
vt 0.269231 0.545455
vt 0.269231 0.636364
vt 0.269231 0.727273
vt 0.269231 0.818182
vt 0.269231 0.909091
vt 0.269231 1.000000
vt 0.273504 0.000000
vt 0.273504 0.090909
vt 0.273504 0.181818
vt 0.273504 0.272727
vt 0.269231 0.454545
vt 0.273504 0.363636
vt 0.273504 0.545455
vt 0.273504 0.636364
vt 0.273504 0.727273
vt 0.273504 0.818182
vt 0.273504 0.909091
vt 0.273504 1.000000
vt 0.277778 0.000000
vt 0.277778 0.090909
vt 0.277778 0.181818
vt 0.277778 0.272727
vt 0.273504 0.454545
vt 0.277778 0.363636
vt 0.277778 0.545455
vt 0.277778 0.636364
vt 0.277778 0.727273
vt 0.277778 0.818182
vt 0.277778 0.909091
vt 0.277778 1.000000
vt 0.282051 0.000000
vt 0.282051 0.090909
vt 0.282051 0.181818
vt 0.282051 0.272727
vt 0.277778 0.454545
vt 0.282051 0.363636
vt 0.282051 0.545455
vt 0.282051 0.636364
vt 0.282051 0.727273
vt 0.282051 0.818182
vt 0.282051 0.909091
vt 0.282051 1.000000
vt 0.286325 0.000000
vt 0.286325 0.090909
vt 0.286325 0.181818
vt 0.286325 0.272727
vt 0.282051 0.454545
vt 0.286325 0.363636
vt 0.286325 0.545455
vt 0.286325 0.636364
vt 0.286325 0.727273
vt 0.286325 0.818182
vt 0.286325 0.909091
vt 0.286325 1.000000
vt 0.290598 0.000000
vt 0.290598 0.090909
vt 0.290598 0.181818
vt 0.290598 0.272727
vt 0.286325 0.454545
vt 0.290598 0.363636
vt 0.290598 0.545455
vt 0.290598 0.636364
vt 0.290598 0.727273
vt 0.290598 0.818182
vt 0.290598 0.909091
vt 0.290598 1.000000
vt 0.294872 0.000000
vt 0.294872 0.090909
vt 0.294872 0.181818
vt 0.294872 0.272727
vt 0.290598 0.454545
vt 0.294872 0.363636
vt 0.294872 0.545455
vt 0.294872 0.636364
vt 0.294872 0.727273
vt 0.294872 0.818182
vt 0.294872 0.909091
vt 0.294872 1.000000
vt 0.299145 0.000000
vt 0.299145 0.090909
vt 0.299145 0.181818
vt 0.299145 0.272727
vt 0.294872 0.454545
vt 0.299145 0.363636
vt 0.299145 0.545455
vt 0.299145 0.636364
vt 0.299145 0.727273
vt 0.299145 0.818182
vt 0.299145 0.909091
vt 0.299145 1.000000
vt 0.303419 0.000000
vt 0.303419 0.090909
vt 0.303419 0.181818
vt 0.303419 0.272727
vt 0.299145 0.454545
vt 0.303419 0.363636
vt 0.303419 0.545455
vt 0.303419 0.636364
vt 0.303419 0.727273
vt 0.303419 0.818182
vt 0.303419 0.909091
vt 0.303419 1.000000
vt 0.307692 0.000000
vt 0.307692 0.090909
vt 0.307692 0.181818
vt 0.307692 0.272727
vt 0.303419 0.454545
vt 0.307692 0.363636
vt 0.307692 0.545455
vt 0.307692 0.636364
vt 0.307692 0.727273
vt 0.307692 0.818182
vt 0.307692 0.909091
vt 0.307692 1.000000
vt 0.311966 0.000000
vt 0.311966 0.090909
vt 0.311966 0.181818
vt 0.311966 0.272727
vt 0.307692 0.454545
vt 0.311966 0.363636
vt 0.311966 0.545455
vt 0.311966 0.636364
vt 0.311966 0.727273
vt 0.311966 0.818182
vt 0.311966 0.909091
vt 0.311966 1.000000
vt 0.316239 0.090909
vt 0.316239 0.181818
vt 0.316239 0.272727
vt 0.316239 0.363636
vt 0.316239 0.454545
vt 0.311966 0.454545
vt 0.316239 0.545455
vt 0.316239 0.636364
vt 0.316239 0.727273
vt 0.316239 0.818182
vt 0.316239 0.909091
vt 0.320513 0.000000
vt 0.316239 0.000000
vt 0.320513 0.090909
vt 0.320513 0.181818
vt 0.320513 0.272727
vt 0.320513 0.363636
vt 0.320513 0.545455
vt 0.320513 0.636364
vt 0.320513 0.727273
vt 0.320513 0.818182
vt 0.320513 0.909091
vt 0.320513 1.000000
vt 0.316239 1.000000
vt 0.324786 0.000000
vt 0.324786 0.090909
vt 0.324786 0.181818
vt 0.324786 0.272727
vt 0.320513 0.454545
vt 0.324786 0.363636
vt 0.324786 0.545455
vt 0.324786 0.636364
vt 0.324786 0.727273
vt 0.324786 0.818182
vt 0.324786 0.909091
vt 0.324786 1.000000
vt 0.329060 0.000000
vt 0.329060 0.090909
vt 0.329060 0.181818
vt 0.329060 0.272727
vt 0.324786 0.454545
vt 0.329060 0.363636
vt 0.329060 0.545455
vt 0.329060 0.636364
vt 0.329060 0.727273
vt 0.329060 0.818182
vt 0.329060 0.909091
vt 0.329060 1.000000
vt 0.333333 0.000000
vt 0.333333 0.090909
vt 0.333333 0.181818
vt 0.333333 0.272727
vt 0.329060 0.454545
vt 0.333333 0.363636
vt 0.333333 0.545455
vt 0.333333 0.636364
vt 0.333333 0.727273
vt 0.333333 0.818182
vt 0.333333 0.909091
vt 0.333333 1.000000
vt 0.337607 0.000000
vt 0.337607 0.090909
vt 0.337607 0.181818
vt 0.337607 0.272727
vt 0.333333 0.454545
vt 0.337607 0.363636
vt 0.337607 0.545455
vt 0.337607 0.636364
vt 0.337607 0.727273
vt 0.337607 0.818182
vt 0.337607 0.909091
vt 0.337607 1.000000
vt 0.341880 0.000000
vt 0.341880 0.090909
vt 0.341880 0.181818
vt 0.341880 0.272727
vt 0.337607 0.454545
vt 0.341880 0.363636
vt 0.341880 0.545455
vt 0.341880 0.636364
vt 0.341880 0.727273
vt 0.341880 0.818182
vt 0.341880 0.909091
vt 0.341880 1.000000
vt 0.346154 0.000000
vt 0.346154 0.090909
vt 0.346154 0.181818
vt 0.346154 0.272727
vt 0.341880 0.454545
vt 0.346154 0.363636
vt 0.346154 0.545455
vt 0.346154 0.636364
vt 0.346154 0.727273
vt 0.346154 0.818182
vt 0.346154 0.909091
vt 0.346154 1.000000
vt 0.350427 0.000000
vt 0.350427 0.090909
vt 0.350427 0.181818
vt 0.350427 0.272727
vt 0.346154 0.454545
vt 0.350427 0.363636
vt 0.350427 0.545455
vt 0.350427 0.636364
vt 0.350427 0.727273
vt 0.350427 0.818182
vt 0.350427 0.909091
vt 0.350427 1.000000
vt 0.354701 0.000000
vt 0.354701 0.090909
vt 0.354701 0.181818
vt 0.354701 0.272727
vt 0.350427 0.454545
vt 0.354701 0.363636
vt 0.354701 0.545455
vt 0.354701 0.636364
vt 0.354701 0.727273
vt 0.354701 0.818182
vt 0.354701 0.909091
vt 0.354701 1.000000
vt 0.358974 0.000000
vt 0.358974 0.090909
vt 0.358974 0.181818
vt 0.358974 0.272727
vt 0.354701 0.454545
vt 0.358974 0.363636
vt 0.358974 0.545455
vt 0.358974 0.636364
vt 0.358974 0.727273
vt 0.358974 0.818182
vt 0.358974 0.909091
vt 0.358974 1.000000
vt 0.363248 0.090909
vt 0.363248 0.181818
vt 0.363248 0.272727
vt 0.363248 0.363636
vt 0.363248 0.454545
vt 0.358974 0.454545
vt 0.363248 0.545455
vt 0.363248 0.636364
vt 0.363248 0.727273
vt 0.363248 0.818182
vt 0.363248 0.909091
vt 0.367521 0.090909
vt 0.363248 0.000000
vt 0.367521 0.181818
vt 0.367521 0.272727
vt 0.367521 0.363636
vt 0.367521 0.454545
vt 0.367521 0.545455
vt 0.367521 0.636364
vt 0.367521 0.727273
vt 0.367521 0.818182
vt 0.363248 1.000000
vt 0.367521 0.909091
vt 0.371795 0.000000
vt 0.367521 0.000000
vt 0.371795 0.090909
vt 0.371795 0.181818
vt 0.371795 0.272727
vt 0.371795 0.363636
vt 0.371795 0.545455
vt 0.371795 0.636364
vt 0.371795 0.727273
vt 0.371795 0.818182
vt 0.371795 0.909091
vt 0.371795 1.000000
vt 0.367521 1.000000
vt 0.376068 0.000000
vt 0.376068 0.090909
vt 0.376068 0.181818
vt 0.376068 0.272727
vt 0.371795 0.454545
vt 0.376068 0.363636
vt 0.376068 0.545455
vt 0.376068 0.636364
vt 0.376068 0.727273
vt 0.376068 0.818182
vt 0.376068 0.909091
vt 0.376068 1.000000
vt 0.380342 0.000000
vt 0.380342 0.090909
vt 0.380342 0.181818
vt 0.380342 0.272727
vt 0.376068 0.454545
vt 0.380342 0.363636
vt 0.380342 0.545455
vt 0.380342 0.636364
vt 0.380342 0.727273
vt 0.380342 0.818182
vt 0.380342 0.909091
vt 0.380342 1.000000
vt 0.384615 0.000000
vt 0.384615 0.090909
vt 0.384615 0.181818
vt 0.384615 0.272727
vt 0.380342 0.454545
vt 0.384615 0.363636
vt 0.384615 0.545455
vt 0.384615 0.636364
vt 0.384615 0.727273
vt 0.384615 0.818182
vt 0.384615 0.909091
vt 0.384615 1.000000
vt 0.388889 0.000000
vt 0.388889 0.090909
vt 0.388889 0.181818
vt 0.388889 0.272727
vt 0.384615 0.454545
vt 0.388889 0.363636
vt 0.388889 0.545455
vt 0.388889 0.636364
vt 0.388889 0.727273
vt 0.388889 0.818182
vt 0.388889 0.909091
vt 0.388889 1.000000
vt 0.393162 0.000000
vt 0.393162 0.090909
vt 0.393162 0.181818
vt 0.393162 0.272727
vt 0.388889 0.454545
vt 0.393162 0.363636
vt 0.393162 0.545455
vt 0.393162 0.636364
vt 0.393162 0.727273
vt 0.393162 0.818182
vt 0.393162 0.909091
vt 0.393162 1.000000
vt 0.397436 0.000000
vt 0.397436 0.090909
vt 0.397436 0.181818
vt 0.397436 0.272727
vt 0.393162 0.454545
vt 0.397436 0.363636
vt 0.397436 0.545455
vt 0.397436 0.636364
vt 0.397436 0.727273
vt 0.397436 0.818182
vt 0.397436 0.909091
vt 0.397436 1.000000
vt 0.401709 0.000000
vt 0.401709 0.090909
vt 0.401709 0.181818
vt 0.401709 0.272727
vt 0.397436 0.454545
vt 0.401709 0.363636
vt 0.401709 0.545455
vt 0.401709 0.636364
vt 0.401709 0.727273
vt 0.401709 0.818182
vt 0.401709 0.909091
vt 0.401709 1.000000
vt 0.405983 0.000000
vt 0.405983 0.090909
vt 0.405983 0.181818
vt 0.405983 0.272727
vt 0.401709 0.454545
vt 0.405983 0.363636
vt 0.405983 0.545455
vt 0.405983 0.636364
vt 0.405983 0.727273
vt 0.405983 0.818182
vt 0.405983 0.909091
vt 0.405983 1.000000
vt 0.410256 0.000000
vt 0.410256 0.090909
vt 0.410256 0.181818
vt 0.410256 0.272727
vt 0.405983 0.454545
vt 0.410256 0.363636
vt 0.410256 0.545455
vt 0.410256 0.636364
vt 0.410256 0.727273
vt 0.410256 0.818182
vt 0.410256 0.909091
vt 0.410256 1.000000
vt 0.414530 0.090909
vt 0.414530 0.181818
vt 0.414530 0.272727
vt 0.414530 0.363636
vt 0.414530 0.454545
vt 0.410256 0.454545
vt 0.414530 0.545455
vt 0.414530 0.636364
vt 0.414530 0.727273
vt 0.414530 0.818182
vt 0.414530 0.909091
vt 0.418803 0.090909
vt 0.414530 0.000000
vt 0.418803 0.181818
vt 0.418803 0.272727
vt 0.418803 0.363636
vt 0.418803 0.454545
vt 0.418803 0.545455
vt 0.418803 0.636364
vt 0.418803 0.727273
vt 0.418803 0.818182
vt 0.414530 1.000000
vt 0.418803 0.909091
vt 0.423077 0.090909
vt 0.418803 0.000000
vt 0.423077 0.181818
vt 0.423077 0.272727
vt 0.423077 0.363636
vt 0.423077 0.454545
vt 0.423077 0.545455
vt 0.423077 0.636364
vt 0.423077 0.727273
vt 0.423077 0.818182
vt 0.418803 1.000000
vt 0.423077 0.909091
vt 0.427350 0.090909
vt 0.423077 0.000000
vt 0.427350 0.181818
vt 0.427350 0.272727
vt 0.427350 0.363636
vt 0.427350 0.454545
vt 0.427350 0.545455
vt 0.427350 0.636364
vt 0.427350 0.727273
vt 0.427350 0.818182
vt 0.423077 1.000000
vt 0.427350 0.909091
vt 0.431624 0.090909
vt 0.427350 0.000000
vt 0.431624 0.181818
vt 0.431624 0.272727
vt 0.431624 0.363636
vt 0.431624 0.454545
vt 0.431624 0.545455
vt 0.431624 0.636364
vt 0.431624 0.727273
vt 0.431624 0.818182
vt 0.427350 1.000000
vt 0.431624 0.909091
vt 0.435897 0.090909
vt 0.431624 0.000000
vt 0.435897 0.181818
vt 0.435897 0.272727
vt 0.435897 0.363636
vt 0.435897 0.454545
vt 0.435897 0.545455
vt 0.435897 0.636364
vt 0.435897 0.727273
vt 0.435897 0.818182
vt 0.431624 1.000000
vt 0.435897 0.909091
vt 0.440171 0.090909
vt 0.435897 0.000000
vt 0.440171 0.181818
vt 0.440171 0.272727
vt 0.440171 0.363636
vt 0.440171 0.454545
vt 0.440171 0.545455
vt 0.440171 0.636364
vt 0.440171 0.727273
vt 0.440171 0.818182
vt 0.435897 1.000000
vt 0.440171 0.909091
vt 0.444444 0.090909
vt 0.440171 0.000000
vt 0.444444 0.181818
vt 0.444444 0.272727
vt 0.444444 0.363636
vt 0.444444 0.454545
vt 0.444444 0.545455
vt 0.444444 0.636364
vt 0.444444 0.727273
vt 0.444444 0.818182
vt 0.440171 1.000000
vt 0.444444 0.909091
vt 0.448718 0.090909
vt 0.444444 0.000000
vt 0.448718 0.181818
vt 0.448718 0.272727
vt 0.448718 0.363636
vt 0.448718 0.454545
vt 0.448718 0.545455
vt 0.448718 0.636364
vt 0.448718 0.727273
vt 0.448718 0.818182
vt 0.444444 1.000000
vt 0.448718 0.909091
vt 0.452991 0.090909
vt 0.448718 0.000000
vt 0.452991 0.181818
vt 0.452991 0.272727
vt 0.452991 0.363636
vt 0.452991 0.454545
vt 0.452991 0.545455
vt 0.452991 0.636364
vt 0.452991 0.727273
vt 0.452991 0.818182
vt 0.448718 1.000000
vt 0.452991 0.909091
vt 0.457265 0.090909
vt 0.452991 0.000000
vt 0.457265 0.181818
vt 0.457265 0.272727
vt 0.457265 0.363636
vt 0.457265 0.454545
vt 0.457265 0.545455
vt 0.457265 0.636364
vt 0.457265 0.727273
vt 0.457265 0.818182
vt 0.452991 1.000000
vt 0.457265 0.909091
vt 0.461538 0.090909
vt 0.457265 0.000000
vt 0.461538 0.181818
vt 0.461538 0.272727
vt 0.461538 0.363636
vt 0.461538 0.454545
vt 0.461538 0.545455
vt 0.461538 0.636364
vt 0.461538 0.727273
vt 0.461538 0.818182
vt 0.457265 1.000000
vt 0.461538 0.909091
vt 0.465812 0.000000
vt 0.461538 0.000000
vt 0.465812 0.090909
vt 0.465812 0.181818
vt 0.465812 0.272727
vt 0.465812 0.363636
vt 0.465812 0.545455
vt 0.465812 0.636364
vt 0.465812 0.727273
vt 0.465812 0.818182
vt 0.465812 0.909091
vt 0.465812 1.000000
vt 0.461538 1.000000
vt 0.470085 0.000000
vt 0.470085 0.090909
vt 0.470085 0.181818
vt 0.470085 0.272727
vt 0.465812 0.454545
vt 0.470085 0.363636
vt 0.470085 0.545455
vt 0.470085 0.636364
vt 0.470085 0.727273
vt 0.470085 0.818182
vt 0.470085 0.909091
vt 0.470085 1.000000
vt 0.474359 0.000000
vt 0.474359 0.090909
vt 0.474359 0.181818
vt 0.474359 0.272727
vt 0.470085 0.454545
vt 0.474359 0.363636
vt 0.474359 0.545455
vt 0.474359 0.636364
vt 0.474359 0.727273
vt 0.474359 0.818182
vt 0.474359 0.909091
vt 0.474359 1.000000
vt 0.478632 0.000000
vt 0.478632 0.090909
vt 0.478632 0.181818
vt 0.478632 0.272727
vt 0.474359 0.454545
vt 0.478632 0.363636
vt 0.478632 0.545455
vt 0.478632 0.636364
vt 0.478632 0.727273
vt 0.478632 0.818182
vt 0.478632 0.909091
vt 0.478632 1.000000
vt 0.482906 0.000000
vt 0.482906 0.090909
vt 0.482906 0.181818
vt 0.482906 0.272727
vt 0.478632 0.454545
vt 0.482906 0.363636
vt 0.482906 0.545455
vt 0.482906 0.636364
vt 0.482906 0.727273
vt 0.482906 0.818182
vt 0.482906 0.909091
vt 0.482906 1.000000
vt 0.487179 0.000000
vt 0.487179 0.090909
vt 0.487179 0.181818
vt 0.487179 0.272727
vt 0.482906 0.454545
vt 0.487179 0.363636
vt 0.487179 0.545455
vt 0.487179 0.636364
vt 0.487179 0.727273
vt 0.487179 0.818182
vt 0.487179 0.909091
vt 0.487179 1.000000
vt 0.491453 0.000000
vt 0.491453 0.090909
vt 0.491453 0.181818
vt 0.491453 0.272727
vt 0.487179 0.454545
vt 0.491453 0.363636
vt 0.491453 0.545455
vt 0.491453 0.636364
vt 0.491453 0.727273
vt 0.491453 0.818182
vt 0.491453 0.909091
vt 0.491453 1.000000
vt 0.495726 0.000000
vt 0.495726 0.090909
vt 0.495726 0.181818
vt 0.495726 0.272727
vt 0.491453 0.454545
vt 0.495726 0.363636
vt 0.495726 0.545455
vt 0.495726 0.636364
vt 0.495726 0.727273
vt 0.495726 0.818182
vt 0.495726 0.909091
vt 0.495726 1.000000
vt 0.500000 0.090909
vt 0.500000 0.181818
vt 0.500000 0.272727
vt 0.495726 0.454545
vt 0.500000 0.363636
vt 0.500000 0.545455
vt 0.500000 0.636364
vt 0.500000 0.727273
vt 0.500000 0.818182
vt 0.500000 0.909091
vt 0.500000 1.000000
vt 0.504274 0.000000
vt 0.504274 0.090909
vt 0.504274 0.181818
vt 0.504274 0.272727
vt 0.500000 0.454545
vt 0.504274 0.363636
vt 0.504274 0.545455
vt 0.504274 0.636364
vt 0.504274 0.727273
vt 0.504274 0.818182
vt 0.504274 0.909091
vt 0.504274 1.000000
vt 0.508547 0.000000
vt 0.508547 0.090909
vt 0.508547 0.181818
vt 0.508547 0.272727
vt 0.504274 0.454545
vt 0.508547 0.363636
vt 0.508547 0.545455
vt 0.508547 0.636364
vt 0.508547 0.727273
vt 0.508547 0.818182
vt 0.508547 0.909091
vt 0.508547 1.000000
vt 0.512821 0.000000
vt 0.512821 0.090909
vt 0.512821 0.181818
vt 0.512821 0.272727
vt 0.508547 0.454545
vt 0.512821 0.363636
vt 0.512821 0.545455
vt 0.512821 0.636364
vt 0.512821 0.727273
vt 0.512821 0.818182
vt 0.512821 0.909091
vt 0.512821 1.000000
vt 0.517094 0.000000
vt 0.517094 0.090909
vt 0.517094 0.181818
vt 0.517094 0.272727
vt 0.512821 0.454545
vt 0.517094 0.363636
vt 0.517094 0.545455
vt 0.517094 0.636364
vt 0.517094 0.727273
vt 0.517094 0.818182
vt 0.517094 0.909091
vt 0.517094 1.000000
vt 0.521368 0.000000
vt 0.521368 0.090909
vt 0.521368 0.181818
vt 0.521368 0.272727
vt 0.517094 0.454545
vt 0.521368 0.363636
vt 0.521368 0.545455
vt 0.521368 0.636364
vt 0.521368 0.727273
vt 0.521368 0.818182
vt 0.521368 0.909091
vt 0.521368 1.000000
vt 0.525641 0.090909
vt 0.525641 0.181818
vt 0.525641 0.272727
vt 0.525641 0.363636
vt 0.525641 0.454545
vt 0.521368 0.454545
vt 0.525641 0.545455
vt 0.525641 0.636364
vt 0.525641 0.727273
vt 0.525641 0.818182
vt 0.525641 0.909091
vt 0.529915 0.090909
vt 0.525641 0.000000
vt 0.529915 0.181818
vt 0.529915 0.272727
vt 0.529915 0.363636
vt 0.529915 0.454545
vt 0.529915 0.545455
vt 0.529915 0.636364
vt 0.529915 0.727273
vt 0.529915 0.818182
vt 0.525641 1.000000
vt 0.529915 0.909091
vt 0.534188 0.090909
vt 0.529915 0.000000
vt 0.534188 0.181818
vt 0.534188 0.272727
vt 0.534188 0.363636
vt 0.534188 0.454545
vt 0.534188 0.545455
vt 0.534188 0.636364
vt 0.534188 0.727273
vt 0.534188 0.818182
vt 0.529915 1.000000
vt 0.534188 0.909091
vt 0.538462 0.090909
vt 0.534188 0.000000
vt 0.538462 0.181818
vt 0.538462 0.272727
vt 0.538462 0.363636
vt 0.538462 0.454545
vt 0.538462 0.545455
vt 0.538462 0.636364
vt 0.538462 0.727273
vt 0.538462 0.818182
vt 0.534188 1.000000
vt 0.538462 0.909091
vt 0.542735 0.090909
vt 0.538462 0.000000
vt 0.542735 0.181818
vt 0.542735 0.272727
vt 0.542735 0.363636
vt 0.542735 0.454545
vt 0.542735 0.545455
vt 0.542735 0.636364
vt 0.542735 0.727273
vt 0.542735 0.818182
vt 0.538462 1.000000
vt 0.542735 0.909091
vt 0.547009 0.090909
vt 0.542735 0.000000
vt 0.547009 0.181818
vt 0.547009 0.272727
vt 0.547009 0.363636
vt 0.547009 0.454545
vt 0.547009 0.545455
vt 0.547009 0.636364
vt 0.547009 0.727273
vt 0.547009 0.818182
vt 0.542735 1.000000
vt 0.547009 0.909091
vt 0.551282 0.090909
vt 0.547009 0.000000
vt 0.551282 0.181818
vt 0.551282 0.272727
vt 0.551282 0.363636
vt 0.551282 0.454545
vt 0.551282 0.545455
vt 0.551282 0.636364
vt 0.551282 0.727273
vt 0.551282 0.818182
vt 0.547009 1.000000
vt 0.551282 0.909091
vt 0.555556 0.090909
vt 0.551282 0.000000
vt 0.555556 0.181818
vt 0.555556 0.272727
vt 0.555556 0.363636
vt 0.555556 0.454545
vt 0.555556 0.545455
vt 0.555556 0.636364
vt 0.555556 0.727273
vt 0.555556 0.818182
vt 0.551282 1.000000
vt 0.555556 0.909091
vt 0.559829 0.090909
vt 0.555556 0.000000
vt 0.559829 0.181818
vt 0.559829 0.272727
vt 0.559829 0.363636
vt 0.559829 0.454545
vt 0.559829 0.545455
vt 0.559829 0.636364
vt 0.559829 0.727273
vt 0.559829 0.818182
vt 0.555556 1.000000
vt 0.559829 0.909091
vt 0.564103 0.000000
vt 0.559829 0.000000
vt 0.564103 0.090909
vt 0.564103 0.181818
vt 0.564103 0.272727
vt 0.564103 0.363636
vt 0.564103 0.545455
vt 0.564103 0.636364
vt 0.564103 0.727273
vt 0.564103 0.818182
vt 0.564103 0.909091
vt 0.564103 1.000000
vt 0.559829 1.000000
vt 0.568376 0.090909
vt 0.568376 0.181818
vt 0.568376 0.272727
vt 0.568376 0.363636
vt 0.568376 0.454545
vt 0.564103 0.454545
vt 0.568376 0.545455
vt 0.568376 0.636364
vt 0.568376 0.727273
vt 0.568376 0.818182
vt 0.568376 0.909091
vt 0.572650 0.090909
vt 0.568376 0.000000
vt 0.572650 0.181818
vt 0.572650 0.272727
vt 0.572650 0.363636
vt 0.572650 0.454545
vt 0.572650 0.545455
vt 0.572650 0.636364
vt 0.572650 0.727273
vt 0.572650 0.818182
vt 0.568376 1.000000
vt 0.572650 0.909091
vt 0.576923 0.090909
vt 0.572650 0.000000
vt 0.576923 0.181818
vt 0.576923 0.272727
vt 0.576923 0.363636
vt 0.576923 0.454545
vt 0.576923 0.545455
vt 0.576923 0.636364
vt 0.576923 0.727273
vt 0.576923 0.818182
vt 0.572650 1.000000
vt 0.576923 0.909091
vt 0.581197 0.090909
vt 0.576923 0.000000
vt 0.581197 0.181818
vt 0.581197 0.272727
vt 0.581197 0.363636
vt 0.581197 0.454545
vt 0.581197 0.545455
vt 0.581197 0.636364
vt 0.581197 0.727273
vt 0.581197 0.818182
vt 0.576923 1.000000
vt 0.581197 0.909091
vt 0.585470 0.090909
vt 0.581197 0.000000
vt 0.585470 0.181818
vt 0.585470 0.272727
vt 0.585470 0.363636
vt 0.585470 0.454545
vt 0.585470 0.545455
vt 0.585470 0.636364
vt 0.585470 0.727273
vt 0.585470 0.818182
vt 0.581197 1.000000
vt 0.585470 0.909091
vt 0.589744 0.090909
vt 0.585470 0.000000
vt 0.589744 0.181818
vt 0.589744 0.272727
vt 0.589744 0.363636
vt 0.589744 0.454545
vt 0.589744 0.545455
vt 0.589744 0.636364
vt 0.589744 0.727273
vt 0.589744 0.818182
vt 0.585470 1.000000
vt 0.589744 0.909091
vt 0.594017 0.090909
vt 0.589744 0.000000
vt 0.594017 0.181818
vt 0.594017 0.272727
vt 0.594017 0.363636
vt 0.594017 0.454545
vt 0.594017 0.545455
vt 0.594017 0.636364
vt 0.594017 0.727273
vt 0.594017 0.818182
vt 0.589744 1.000000
vt 0.594017 0.909091
vt 0.598291 0.090909
vt 0.594017 0.000000
vt 0.598291 0.181818
vt 0.598291 0.272727
vt 0.598291 0.363636
vt 0.598291 0.454545
vt 0.598291 0.545455
vt 0.598291 0.636364
vt 0.598291 0.727273
vt 0.598291 0.818182
vt 0.594017 1.000000
vt 0.598291 0.909091
vt 0.602564 0.090909
vt 0.598291 0.000000
vt 0.602564 0.181818
vt 0.602564 0.272727
vt 0.602564 0.363636
vt 0.602564 0.454545
vt 0.602564 0.545455
vt 0.602564 0.636364
vt 0.602564 0.727273
vt 0.602564 0.818182
vt 0.598291 1.000000
vt 0.602564 0.909091
vt 0.606838 0.090909
vt 0.602564 0.000000
vt 0.606838 0.181818
vt 0.606838 0.272727
vt 0.606838 0.363636
vt 0.606838 0.454545
vt 0.606838 0.545455
vt 0.606838 0.636364
vt 0.606838 0.727273
vt 0.606838 0.818182
vt 0.602564 1.000000
vt 0.606838 0.909091
vt 0.611111 0.090909
vt 0.606838 0.000000
vt 0.611111 0.181818
vt 0.611111 0.272727
vt 0.611111 0.363636
vt 0.611111 0.454545
vt 0.611111 0.545455
vt 0.611111 0.636364
vt 0.611111 0.727273
vt 0.611111 0.818182
vt 0.606838 1.000000
vt 0.611111 0.909091
vt 0.615385 0.090909
vt 0.611111 0.000000
vt 0.615385 0.181818
vt 0.615385 0.272727
vt 0.615385 0.363636
vt 0.615385 0.454545
vt 0.615385 0.545455
vt 0.615385 0.636364
vt 0.615385 0.727273
vt 0.615385 0.818182
vt 0.611111 1.000000
vt 0.615385 0.909091
vt 0.619658 0.000000
vt 0.615385 0.000000
vt 0.619658 0.090909
vt 0.619658 0.181818
vt 0.619658 0.272727
vt 0.619658 0.363636
vt 0.619658 0.545455
vt 0.619658 0.636364
vt 0.619658 0.727273
vt 0.619658 0.818182
vt 0.619658 0.909091
vt 0.619658 1.000000
vt 0.615385 1.000000
vt 0.623932 0.090909
vt 0.623932 0.181818
vt 0.623932 0.272727
vt 0.623932 0.363636
vt 0.623932 0.454545
vt 0.619658 0.454545
vt 0.623932 0.545455
vt 0.623932 0.636364
vt 0.623932 0.727273
vt 0.623932 0.818182
vt 0.623932 0.909091
vt 0.628205 0.090909
vt 0.623932 0.000000
vt 0.628205 0.181818
vt 0.628205 0.272727
vt 0.628205 0.363636
vt 0.628205 0.454545
vt 0.628205 0.545455
vt 0.628205 0.636364
vt 0.628205 0.727273
vt 0.628205 0.818182
vt 0.623932 1.000000
vt 0.628205 0.909091
vt 0.632479 0.000000
vt 0.628205 0.000000
vt 0.632479 0.090909
vt 0.632479 0.181818
vt 0.632479 0.272727
vt 0.632479 0.363636
vt 0.632479 0.545455
vt 0.632479 0.636364
vt 0.632479 0.727273
vt 0.632479 0.818182
vt 0.632479 0.909091
vt 0.632479 1.000000
vt 0.628205 1.000000
vt 0.636752 0.000000
vt 0.636752 0.090909
vt 0.636752 0.181818
vt 0.636752 0.272727
vt 0.632479 0.454545
vt 0.636752 0.363636
vt 0.636752 0.545455
vt 0.636752 0.636364
vt 0.636752 0.727273
vt 0.636752 0.818182
vt 0.636752 0.909091
vt 0.636752 1.000000
vt 0.641026 0.000000
vt 0.641026 0.090909
vt 0.641026 0.181818
vt 0.641026 0.272727
vt 0.636752 0.454545
vt 0.641026 0.363636
vt 0.641026 0.545455
vt 0.641026 0.636364
vt 0.641026 0.727273
vt 0.641026 0.818182
vt 0.641026 0.909091
vt 0.641026 1.000000
vt 0.645299 0.000000
vt 0.645299 0.090909
vt 0.645299 0.181818
vt 0.645299 0.272727
vt 0.641026 0.454545
vt 0.645299 0.363636
vt 0.645299 0.545455
vt 0.645299 0.636364
vt 0.645299 0.727273
vt 0.645299 0.818182
vt 0.645299 0.909091
vt 0.645299 1.000000
vt 0.649573 0.000000
vt 0.649573 0.090909
vt 0.649573 0.181818
vt 0.649573 0.272727
vt 0.645299 0.454545
vt 0.649573 0.363636
vt 0.649573 0.545455
vt 0.649573 0.636364
vt 0.649573 0.727273
vt 0.649573 0.818182
vt 0.649573 0.909091
vt 0.649573 1.000000
vt 0.653846 0.000000
vt 0.653846 0.090909
vt 0.653846 0.181818
vt 0.653846 0.272727
vt 0.649573 0.454545
vt 0.653846 0.363636
vt 0.653846 0.545455
vt 0.653846 0.636364
vt 0.653846 0.727273
vt 0.653846 0.818182
vt 0.653846 0.909091
vt 0.653846 1.000000
vt 0.658120 0.000000
vt 0.658120 0.090909
vt 0.658120 0.181818
vt 0.658120 0.272727
vt 0.653846 0.454545
vt 0.658120 0.363636
vt 0.658120 0.545455
vt 0.658120 0.636364
vt 0.658120 0.727273
vt 0.658120 0.818182
vt 0.658120 0.909091
vt 0.658120 1.000000
vt 0.662393 0.000000
vt 0.662393 0.090909
vt 0.662393 0.181818
vt 0.662393 0.272727
vt 0.658120 0.454545
vt 0.662393 0.363636
vt 0.662393 0.545455
vt 0.662393 0.636364
vt 0.662393 0.727273
vt 0.662393 0.818182
vt 0.662393 0.909091
vt 0.662393 1.000000
vt 0.666667 0.000000
vt 0.666667 0.090909
vt 0.666667 0.181818
vt 0.666667 0.272727
vt 0.662393 0.454545
vt 0.666667 0.363636
vt 0.666667 0.545455
vt 0.666667 0.636364
vt 0.666667 0.727273
vt 0.666667 0.818182
vt 0.666667 0.909091
vt 0.666667 1.000000
vt 0.670940 0.000000
vt 0.670940 0.090909
vt 0.670940 0.181818
vt 0.670940 0.272727
vt 0.666667 0.454545
vt 0.670940 0.363636
vt 0.670940 0.545455
vt 0.670940 0.636364
vt 0.670940 0.727273
vt 0.670940 0.818182
vt 0.670940 0.909091
vt 0.670940 1.000000
vt 0.675214 0.000000
vt 0.675214 0.090909
vt 0.675214 0.181818
vt 0.675214 0.272727
vt 0.670940 0.454545
vt 0.675214 0.363636
vt 0.675214 0.545455
vt 0.675214 0.636364
vt 0.675214 0.727273
vt 0.675214 0.818182
vt 0.675214 0.909091
vt 0.675214 1.000000
vt 0.679487 0.090909
vt 0.679487 0.181818
vt 0.679487 0.272727
vt 0.679487 0.363636
vt 0.679487 0.454545
vt 0.675214 0.454545
vt 0.679487 0.545455
vt 0.679487 0.636364
vt 0.679487 0.727273
vt 0.679487 0.818182
vt 0.679487 0.909091
vt 0.683761 0.090909
vt 0.679487 0.000000
vt 0.683761 0.181818
vt 0.683761 0.272727
vt 0.683761 0.363636
vt 0.683761 0.454545
vt 0.683761 0.545455
vt 0.683761 0.636364
vt 0.683761 0.727273
vt 0.683761 0.818182
vt 0.679487 1.000000
vt 0.683761 0.909091
vt 0.688034 0.090909
vt 0.683761 0.000000
vt 0.688034 0.181818
vt 0.688034 0.272727
vt 0.688034 0.363636
vt 0.688034 0.454545
vt 0.688034 0.545455
vt 0.688034 0.636364
vt 0.688034 0.727273
vt 0.688034 0.818182
vt 0.683761 1.000000
vt 0.688034 0.909091
vt 0.692308 0.090909
vt 0.688034 0.000000
vt 0.692308 0.181818
vt 0.692308 0.272727
vt 0.692308 0.363636
vt 0.692308 0.454545
vt 0.692308 0.545455
vt 0.692308 0.636364
vt 0.692308 0.727273
vt 0.692308 0.818182
vt 0.688034 1.000000
vt 0.692308 0.909091
vt 0.696581 0.090909
vt 0.692308 0.000000
vt 0.696581 0.181818
vt 0.696581 0.272727
vt 0.696581 0.363636
vt 0.696581 0.454545
vt 0.696581 0.545455
vt 0.696581 0.636364
vt 0.696581 0.727273
vt 0.696581 0.818182
vt 0.692308 1.000000
vt 0.696581 0.909091
vt 0.700855 0.090909
vt 0.696581 0.000000
vt 0.700855 0.181818
vt 0.700855 0.272727
vt 0.700855 0.363636
vt 0.700855 0.454545
vt 0.700855 0.545455
vt 0.700855 0.636364
vt 0.700855 0.727273
vt 0.700855 0.818182
vt 0.696581 1.000000
vt 0.700855 0.909091
vt 0.705128 0.090909
vt 0.700855 0.000000
vt 0.705128 0.181818
vt 0.705128 0.272727
vt 0.705128 0.363636
vt 0.705128 0.454545
vt 0.705128 0.545455
vt 0.705128 0.636364
vt 0.705128 0.727273
vt 0.705128 0.818182
vt 0.700855 1.000000
vt 0.705128 0.909091
vt 0.709402 0.090909
vt 0.705128 0.000000
vt 0.709402 0.181818
vt 0.709402 0.272727
vt 0.709402 0.363636
vt 0.709402 0.454545
vt 0.709402 0.545455
vt 0.709402 0.636364
vt 0.709402 0.727273
vt 0.709402 0.818182
vt 0.705128 1.000000
vt 0.709402 0.909091
vt 0.713675 0.090909
vt 0.709402 0.000000
vt 0.713675 0.181818
vt 0.713675 0.272727
vt 0.713675 0.363636
vt 0.713675 0.454545
vt 0.713675 0.545455
vt 0.713675 0.636364
vt 0.713675 0.727273
vt 0.713675 0.818182
vt 0.709402 1.000000
vt 0.713675 0.909091
vt 0.717949 0.090909
vt 0.713675 0.000000
vt 0.717949 0.181818
vt 0.717949 0.272727
vt 0.717949 0.363636
vt 0.717949 0.454545
vt 0.717949 0.545455
vt 0.717949 0.636364
vt 0.717949 0.727273
vt 0.717949 0.818182
vt 0.713675 1.000000
vt 0.717949 0.909091
vt 0.722222 0.090909
vt 0.717949 0.000000
vt 0.722222 0.181818
vt 0.722222 0.272727
vt 0.722222 0.363636
vt 0.722222 0.454545
vt 0.722222 0.545455
vt 0.722222 0.636364
vt 0.722222 0.727273
vt 0.722222 0.818182
vt 0.717949 1.000000
vt 0.722222 0.909091
vt 0.726496 0.000000
vt 0.722222 0.000000
vt 0.726496 0.090909
vt 0.726496 0.181818
vt 0.726496 0.272727
vt 0.726496 0.363636
vt 0.726496 0.545455
vt 0.726496 0.636364
vt 0.726496 0.727273
vt 0.726496 0.818182
vt 0.726496 0.909091
vt 0.726496 1.000000
vt 0.722222 1.000000
vt 0.730769 0.000000
vt 0.730769 0.090909
vt 0.730769 0.181818
vt 0.730769 0.272727
vt 0.726496 0.454545
vt 0.730769 0.363636
vt 0.730769 0.545455
vt 0.730769 0.636364
vt 0.730769 0.727273
vt 0.730769 0.818182
vt 0.730769 0.909091
vt 0.730769 1.000000
vt 0.735043 0.000000
vt 0.735043 0.090909
vt 0.735043 0.181818
vt 0.735043 0.272727
vt 0.730769 0.454545
vt 0.735043 0.363636
vt 0.735043 0.545455
vt 0.735043 0.636364
vt 0.735043 0.727273
vt 0.735043 0.818182
vt 0.735043 0.909091
vt 0.735043 1.000000
vt 0.739316 0.000000
vt 0.739316 0.090909
vt 0.739316 0.181818
vt 0.739316 0.272727
vt 0.735043 0.454545
vt 0.739316 0.363636
vt 0.739316 0.545455
vt 0.739316 0.636364
vt 0.739316 0.727273
vt 0.739316 0.818182
vt 0.739316 0.909091
vt 0.739316 1.000000
vt 0.743590 0.000000
vt 0.743590 0.090909
vt 0.743590 0.181818
vt 0.743590 0.272727
vt 0.739316 0.454545
vt 0.743590 0.363636
vt 0.743590 0.545455
vt 0.743590 0.636364
vt 0.743590 0.727273
vt 0.743590 0.818182
vt 0.743590 0.909091
vt 0.743590 1.000000
vt 0.747863 0.000000
vt 0.747863 0.090909
vt 0.747863 0.181818
vt 0.747863 0.272727
vt 0.743590 0.454545
vt 0.747863 0.363636
vt 0.747863 0.545455
vt 0.747863 0.636364
vt 0.747863 0.727273
vt 0.747863 0.818182
vt 0.747863 0.909091
vt 0.747863 1.000000
vt 0.752137 0.000000
vt 0.752137 0.090909
vt 0.752137 0.181818
vt 0.752137 0.272727
vt 0.747863 0.454545
vt 0.752137 0.363636
vt 0.752137 0.545455
vt 0.752137 0.636364
vt 0.752137 0.727273
vt 0.752137 0.818182
vt 0.752137 0.909091
vt 0.752137 1.000000
vt 0.756410 0.000000
vt 0.756410 0.090909
vt 0.756410 0.181818
vt 0.756410 0.272727
vt 0.752137 0.454545
vt 0.756410 0.363636
vt 0.756410 0.545455
vt 0.756410 0.636364
vt 0.756410 0.727273
vt 0.756410 0.818182
vt 0.756410 0.909091
vt 0.756410 1.000000
vt 0.760684 0.000000
vt 0.760684 0.090909
vt 0.760684 0.181818
vt 0.760684 0.272727
vt 0.756410 0.454545
vt 0.760684 0.363636
vt 0.760684 0.545455
vt 0.760684 0.636364
vt 0.760684 0.727273
vt 0.760684 0.818182
vt 0.760684 0.909091
vt 0.760684 1.000000
vt 0.764957 0.000000
vt 0.764957 0.090909
vt 0.764957 0.181818
vt 0.764957 0.272727
vt 0.760684 0.454545
vt 0.764957 0.363636
vt 0.764957 0.545455
vt 0.764957 0.636364
vt 0.764957 0.727273
vt 0.764957 0.818182
vt 0.764957 0.909091
vt 0.764957 1.000000
vt 0.769231 0.000000
vt 0.769231 0.090909
vt 0.769231 0.181818
vt 0.769231 0.272727
vt 0.764957 0.454545
vt 0.769231 0.363636
vt 0.769231 0.545455
vt 0.769231 0.636364
vt 0.769231 0.727273
vt 0.769231 0.818182
vt 0.769231 0.909091
vt 0.769231 1.000000
vt 0.773504 0.000000
vt 0.773504 0.090909
vt 0.773504 0.181818
vt 0.773504 0.272727
vt 0.769231 0.454545
vt 0.773504 0.363636
vt 0.773504 0.545455
vt 0.773504 0.636364
vt 0.773504 0.727273
vt 0.773504 0.818182
vt 0.773504 0.909091
vt 0.773504 1.000000
vt 0.777778 0.090909
vt 0.777778 0.181818
vt 0.777778 0.272727
vt 0.777778 0.363636
vt 0.777778 0.454545
vt 0.773504 0.454545
vt 0.777778 0.545455
vt 0.777778 0.636364
vt 0.777778 0.727273
vt 0.777778 0.818182
vt 0.777778 0.909091
vt 0.782051 0.000000
vt 0.777778 0.000000
vt 0.782051 0.090909
vt 0.782051 0.181818
vt 0.782051 0.272727
vt 0.782051 0.363636
vt 0.782051 0.545455
vt 0.782051 0.636364
vt 0.782051 0.727273
vt 0.782051 0.818182
vt 0.782051 0.909091
vt 0.782051 1.000000
vt 0.777778 1.000000
vt 0.786325 0.090909
vt 0.786325 0.181818
vt 0.786325 0.272727
vt 0.786325 0.363636
vt 0.786325 0.454545
vt 0.782051 0.454545
vt 0.786325 0.545455
vt 0.786325 0.636364
vt 0.786325 0.727273
vt 0.786325 0.818182
vt 0.786325 0.909091
vt 0.790598 0.000000
vt 0.786325 0.000000
vt 0.790598 0.090909
vt 0.790598 0.181818
vt 0.790598 0.272727
vt 0.790598 0.363636
vt 0.790598 0.545455
vt 0.790598 0.636364
vt 0.790598 0.727273
vt 0.790598 0.818182
vt 0.790598 0.909091
vt 0.790598 1.000000
vt 0.786325 1.000000
vt 0.794872 0.090909
vt 0.794872 0.181818
vt 0.794872 0.272727
vt 0.794872 0.363636
vt 0.794872 0.454545
vt 0.790598 0.454545
vt 0.794872 0.545455
vt 0.794872 0.636364
vt 0.794872 0.727273
vt 0.794872 0.818182
vt 0.794872 0.909091
vt 0.799145 0.000000
vt 0.794872 0.000000
vt 0.799145 0.090909
vt 0.799145 0.181818
vt 0.799145 0.272727
vt 0.799145 0.363636
vt 0.799145 0.545455
vt 0.799145 0.636364
vt 0.799145 0.727273
vt 0.799145 0.818182
vt 0.799145 0.909091
vt 0.799145 1.000000
vt 0.794872 1.000000
vt 0.803419 0.000000
vt 0.803419 0.090909
vt 0.803419 0.181818
vt 0.803419 0.272727
vt 0.799145 0.454545
vt 0.803419 0.363636
vt 0.803419 0.545455
vt 0.803419 0.636364
vt 0.803419 0.727273
vt 0.803419 0.818182
vt 0.803419 0.909091
vt 0.803419 1.000000
vt 0.807692 0.000000
vt 0.807692 0.090909
vt 0.807692 0.181818
vt 0.807692 0.272727
vt 0.803419 0.454545
vt 0.807692 0.363636
vt 0.807692 0.545455
vt 0.807692 0.636364
vt 0.807692 0.727273
vt 0.807692 0.818182
vt 0.807692 0.909091
vt 0.807692 1.000000
vt 0.811966 0.000000
vt 0.811966 0.090909
vt 0.811966 0.181818
vt 0.811966 0.272727
vt 0.807692 0.454545
vt 0.811966 0.363636
vt 0.811966 0.545455
vt 0.811966 0.636364
vt 0.811966 0.727273
vt 0.811966 0.818182
vt 0.811966 0.909091
vt 0.811966 1.000000
vt 0.816239 0.000000
vt 0.816239 0.090909
vt 0.816239 0.181818
vt 0.816239 0.272727
vt 0.811966 0.454545
vt 0.816239 0.363636
vt 0.816239 0.545455
vt 0.816239 0.636364
vt 0.816239 0.727273
vt 0.816239 0.818182
vt 0.816239 0.909091
vt 0.816239 1.000000
vt 0.820513 0.000000
vt 0.820513 0.090909
vt 0.820513 0.181818
vt 0.820513 0.272727
vt 0.816239 0.454545
vt 0.820513 0.363636
vt 0.820513 0.545455
vt 0.820513 0.636364
vt 0.820513 0.727273
vt 0.820513 0.818182
vt 0.820513 0.909091
vt 0.820513 1.000000
vt 0.824786 0.000000
vt 0.824786 0.090909
vt 0.824786 0.181818
vt 0.824786 0.272727
vt 0.820513 0.454545
vt 0.824786 0.363636
vt 0.824786 0.545455
vt 0.824786 0.636364
vt 0.824786 0.727273
vt 0.824786 0.818182
vt 0.824786 0.909091
vt 0.824786 1.000000
vt 0.829060 0.000000
vt 0.829060 0.090909
vt 0.829060 0.181818
vt 0.829060 0.272727
vt 0.824786 0.454545
vt 0.829060 0.363636
vt 0.829060 0.545455
vt 0.829060 0.636364
vt 0.829060 0.727273
vt 0.829060 0.818182
vt 0.829060 0.909091
vt 0.829060 1.000000
vt 0.833333 0.000000
vt 0.833333 0.090909
vt 0.833333 0.181818
vt 0.833333 0.272727
vt 0.829060 0.454545
vt 0.833333 0.363636
vt 0.833333 0.545455
vt 0.833333 0.636364
vt 0.833333 0.727273
vt 0.833333 0.818182
vt 0.833333 0.909091
vt 0.833333 1.000000
vt 0.837607 0.000000
vt 0.837607 0.090909
vt 0.837607 0.181818
vt 0.837607 0.272727
vt 0.833333 0.454545
vt 0.837607 0.363636
vt 0.837607 0.545455
vt 0.837607 0.636364
vt 0.837607 0.727273
vt 0.837607 0.818182
vt 0.837607 0.909091
vt 0.837607 1.000000
vt 0.841880 0.000000
vt 0.841880 0.090909
vt 0.841880 0.181818
vt 0.841880 0.272727
vt 0.837607 0.454545
vt 0.841880 0.363636
vt 0.841880 0.545455
vt 0.841880 0.636364
vt 0.841880 0.727273
vt 0.841880 0.818182
vt 0.841880 0.909091
vt 0.841880 1.000000
vt 0.846154 0.090909
vt 0.846154 0.181818
vt 0.846154 0.272727
vt 0.846154 0.363636
vt 0.846154 0.454545
vt 0.841880 0.454545
vt 0.846154 0.545455
vt 0.846154 0.636364
vt 0.846154 0.727273
vt 0.846154 0.818182
vt 0.846154 0.909091
vt 0.850427 0.090909
vt 0.846154 0.000000
vt 0.850427 0.181818
vt 0.850427 0.272727
vt 0.850427 0.363636
vt 0.850427 0.454545
vt 0.850427 0.545455
vt 0.850427 0.636364
vt 0.850427 0.727273
vt 0.850427 0.818182
vt 0.846154 1.000000
vt 0.850427 0.909091
vt 0.854701 0.000000
vt 0.850427 0.000000
vt 0.854701 0.090909
vt 0.854701 0.181818
vt 0.854701 0.272727
vt 0.854701 0.363636
vt 0.854701 0.545455
vt 0.854701 0.636364
vt 0.854701 0.727273
vt 0.854701 0.818182
vt 0.854701 0.909091
vt 0.854701 1.000000
vt 0.850427 1.000000
vt 0.858974 0.090909
vt 0.858974 0.181818
vt 0.858974 0.272727
vt 0.858974 0.363636
vt 0.858974 0.454545
vt 0.854701 0.454545
vt 0.858974 0.545455
vt 0.858974 0.636364
vt 0.858974 0.727273
vt 0.858974 0.818182
vt 0.858974 0.909091
vt 0.863248 0.090909
vt 0.858974 0.000000
vt 0.863248 0.181818
vt 0.863248 0.272727
vt 0.863248 0.363636
vt 0.863248 0.454545
vt 0.863248 0.545455
vt 0.863248 0.636364
vt 0.863248 0.727273
vt 0.863248 0.818182
vt 0.858974 1.000000
vt 0.863248 0.909091
vt 0.867521 0.090909
vt 0.863248 0.000000
vt 0.867521 0.181818
vt 0.867521 0.272727
vt 0.867521 0.363636
vt 0.867521 0.454545
vt 0.867521 0.545455
vt 0.867521 0.636364
vt 0.867521 0.727273
vt 0.867521 0.818182
vt 0.863248 1.000000
vt 0.867521 0.909091
vt 0.871795 0.090909
vt 0.867521 0.000000
vt 0.871795 0.181818
vt 0.871795 0.272727
vt 0.871795 0.363636
vt 0.871795 0.454545
vt 0.871795 0.545455
vt 0.871795 0.636364
vt 0.871795 0.727273
vt 0.871795 0.818182
vt 0.867521 1.000000
vt 0.871795 0.909091
vt 0.876068 0.090909
vt 0.871795 0.000000
vt 0.876068 0.181818
vt 0.876068 0.272727
vt 0.876068 0.363636
vt 0.876068 0.454545
vt 0.876068 0.545455
vt 0.876068 0.636364
vt 0.876068 0.727273
vt 0.876068 0.818182
vt 0.871795 1.000000
vt 0.876068 0.909091
vt 0.880342 0.090909
vt 0.876068 0.000000
vt 0.880342 0.181818
vt 0.880342 0.272727
vt 0.880342 0.363636
vt 0.880342 0.454545
vt 0.880342 0.545455
vt 0.880342 0.636364
vt 0.880342 0.727273
vt 0.880342 0.818182
vt 0.876068 1.000000
vt 0.880342 0.909091
vt 0.884615 0.090909
vt 0.880342 0.000000
vt 0.884615 0.181818
vt 0.884615 0.272727
vt 0.884615 0.363636
vt 0.884615 0.454545
vt 0.884615 0.545455
vt 0.884615 0.636364
vt 0.884615 0.727273
vt 0.884615 0.818182
vt 0.880342 1.000000
vt 0.884615 0.909091
vt 0.888889 0.090909
vt 0.884615 0.000000
vt 0.888889 0.181818
vt 0.888889 0.272727
vt 0.888889 0.363636
vt 0.888889 0.454545
vt 0.888889 0.545455
vt 0.888889 0.636364
vt 0.888889 0.727273
vt 0.888889 0.818182
vt 0.884615 1.000000
vt 0.888889 0.909091
vt 0.893162 0.090909
vt 0.888889 0.000000
vt 0.893162 0.181818
vt 0.893162 0.272727
vt 0.893162 0.363636
vt 0.893162 0.454545
vt 0.893162 0.545455
vt 0.893162 0.636364
vt 0.893162 0.727273
vt 0.893162 0.818182
vt 0.888889 1.000000
vt 0.893162 0.909091
vt 0.897436 0.090909
vt 0.893162 0.000000
vt 0.897436 0.181818
vt 0.897436 0.272727
vt 0.897436 0.363636
vt 0.897436 0.454545
vt 0.897436 0.545455
vt 0.897436 0.636364
vt 0.897436 0.727273
vt 0.897436 0.818182
vt 0.893162 1.000000
vt 0.897436 0.909091
vt 0.901709 0.090909
vt 0.897436 0.000000
vt 0.901709 0.181818
vt 0.901709 0.272727
vt 0.901709 0.363636
vt 0.901709 0.454545
vt 0.901709 0.545455
vt 0.901709 0.636364
vt 0.901709 0.727273
vt 0.901709 0.818182
vt 0.897436 1.000000
vt 0.901709 0.909091
vt 0.905983 0.000000
vt 0.901709 0.000000
vt 0.905983 0.090909
vt 0.905983 0.181818
vt 0.905983 0.272727
vt 0.905983 0.363636
vt 0.905983 0.545455
vt 0.905983 0.636364
vt 0.905983 0.727273
vt 0.905983 0.818182
vt 0.905983 0.909091
vt 0.905983 1.000000
vt 0.901709 1.000000
vt 0.910256 0.000000
vt 0.910256 0.090909
vt 0.910256 0.181818
vt 0.910256 0.272727
vt 0.905983 0.454545
vt 0.910256 0.363636
vt 0.910256 0.545455
vt 0.910256 0.636364
vt 0.910256 0.727273
vt 0.910256 0.818182
vt 0.910256 0.909091
vt 0.910256 1.000000
vt 0.914530 0.000000
vt 0.914530 0.090909
vt 0.914530 0.181818
vt 0.914530 0.272727
vt 0.910256 0.454545
vt 0.914530 0.363636
vt 0.914530 0.545455
vt 0.914530 0.636364
vt 0.914530 0.727273
vt 0.914530 0.818182
vt 0.914530 0.909091
vt 0.914530 1.000000
vt 0.918803 0.000000
vt 0.918803 0.090909
vt 0.918803 0.181818
vt 0.918803 0.272727
vt 0.914530 0.454545
vt 0.918803 0.363636
vt 0.918803 0.545455
vt 0.918803 0.636364
vt 0.918803 0.727273
vt 0.918803 0.818182
vt 0.918803 0.909091
vt 0.918803 1.000000
vt 0.923077 0.000000
vt 0.923077 0.090909
vt 0.923077 0.181818
vt 0.923077 0.272727
vt 0.918803 0.454545
vt 0.923077 0.363636
vt 0.923077 0.545455
vt 0.923077 0.636364
vt 0.923077 0.727273
vt 0.923077 0.818182
vt 0.923077 0.909091
vt 0.923077 1.000000
vt 0.927350 0.000000
vt 0.927350 0.090909
vt 0.927350 0.181818
vt 0.927350 0.272727
vt 0.923077 0.454545
vt 0.927350 0.363636
vt 0.927350 0.545455
vt 0.927350 0.636364
vt 0.927350 0.727273
vt 0.927350 0.818182
vt 0.927350 0.909091
vt 0.927350 1.000000
vt 0.931624 0.000000
vt 0.931624 0.090909
vt 0.931624 0.181818
vt 0.931624 0.272727
vt 0.927350 0.454545
vt 0.931624 0.363636
vt 0.931624 0.545455
vt 0.931624 0.636364
vt 0.931624 0.727273
vt 0.931624 0.818182
vt 0.931624 0.909091
vt 0.931624 1.000000
vt 0.935897 0.000000
vt 0.935897 0.090909
vt 0.935897 0.181818
vt 0.935897 0.272727
vt 0.931624 0.454545
vt 0.935897 0.363636
vt 0.935897 0.545455
vt 0.935897 0.636364
vt 0.935897 0.727273
vt 0.935897 0.818182
vt 0.935897 0.909091
vt 0.935897 1.000000
vt 0.940171 0.000000
vt 0.940171 0.090909
vt 0.940171 0.181818
vt 0.940171 0.272727
vt 0.935897 0.454545
vt 0.940171 0.363636
vt 0.940171 0.545455
vt 0.940171 0.636364
vt 0.940171 0.727273
vt 0.940171 0.818182
vt 0.940171 0.909091
vt 0.940171 1.000000
vt 0.944444 0.000000
vt 0.944444 0.090909
vt 0.944444 0.181818
vt 0.944444 0.272727
vt 0.940171 0.454545
vt 0.944444 0.363636
vt 0.944444 0.545455
vt 0.944444 0.636364
vt 0.944444 0.727273
vt 0.944444 0.818182
vt 0.944444 0.909091
vt 0.944444 1.000000
vt 0.948718 0.000000
vt 0.948718 0.090909
vt 0.948718 0.181818
vt 0.948718 0.272727
vt 0.944444 0.454545
vt 0.948718 0.363636
vt 0.948718 0.545455
vt 0.948718 0.636364
vt 0.948718 0.727273
vt 0.948718 0.818182
vt 0.948718 0.909091
vt 0.948718 1.000000
vt 0.952991 0.000000
vt 0.952991 0.090909
vt 0.952991 0.181818
vt 0.952991 0.272727
vt 0.948718 0.454545
vt 0.952991 0.363636
vt 0.952991 0.545455
vt 0.952991 0.636364
vt 0.952991 0.727273
vt 0.952991 0.818182
vt 0.952991 0.909091
vt 0.952991 1.000000
vt 0.957265 0.000000
vt 0.957265 0.090909
vt 0.957265 0.181818
vt 0.957265 0.272727
vt 0.952991 0.454545
vt 0.957265 0.363636
vt 0.957265 0.545455
vt 0.957265 0.636364
vt 0.957265 0.727273
vt 0.957265 0.818182
vt 0.957265 0.909091
vt 0.957265 1.000000
vt 0.961538 0.000000
vt 0.961538 0.090909
vt 0.961538 0.181818
vt 0.961538 0.272727
vt 0.957265 0.454545
vt 0.961538 0.363636
vt 0.961538 0.545455
vt 0.961538 0.636364
vt 0.961538 0.727273
vt 0.961538 0.818182
vt 0.961538 0.909091
vt 0.961538 1.000000
vt 0.965812 0.000000
vt 0.965812 0.090909
vt 0.965812 0.181818
vt 0.965812 0.272727
vt 0.961538 0.454545
vt 0.965812 0.363636
vt 0.965812 0.545455
vt 0.965812 0.636364
vt 0.965812 0.727273
vt 0.965812 0.818182
vt 0.965812 0.909091
vt 0.965812 1.000000
vt 0.970085 0.090909
vt 0.970085 0.181818
vt 0.970085 0.363636
vt 0.970085 0.454545
vt 0.965812 0.454545
vt 0.970085 0.545455
vt 0.970085 0.636364
vt 0.970085 0.818182
vt 0.970085 0.909091
vt 0.974359 0.090909
vt 0.970085 0.000000
vt 0.974359 0.181818
vt 0.974359 0.272727
vt 0.970085 0.272727
vt 0.974359 0.363636
vt 0.974359 0.454545
vt 0.974359 0.545455
vt 0.970085 0.727273
vt 0.974359 0.636364
vt 0.974359 0.727273
vt 0.974359 0.818182
vt 0.970085 1.000000
vt 0.974359 0.909091
vt 0.978632 0.090909
vt 0.974359 0.000000
vt 0.978632 0.181818
vt 0.978632 0.272727
vt 0.978632 0.363636
vt 0.978632 0.454545
vt 0.978632 0.545455
vt 0.978632 0.636364
vt 0.978632 0.727273
vt 0.978632 0.818182
vt 0.974359 1.000000
vt 0.978632 0.909091
vt 0.982906 0.090909
vt 0.978632 0.000000
vt 0.982906 0.181818
vt 0.982906 0.272727
vt 0.982906 0.363636
vt 0.982906 0.454545
vt 0.982906 0.545455
vt 0.982906 0.636364
vt 0.982906 0.727273
vt 0.982906 0.818182
vt 0.978632 1.000000
vt 0.982906 0.909091
vt 0.987179 0.090909
vt 0.982906 0.000000
vt 0.987179 0.181818
vt 0.987179 0.272727
vt 0.987179 0.363636
vt 0.987179 0.454545
vt 0.987179 0.545455
vt 0.987179 0.636364
vt 0.987179 0.727273
vt 0.987179 0.818182
vt 0.982906 1.000000
vt 0.987179 0.909091
vt 0.991453 0.090909
vt 0.987179 0.000000
vt 0.991453 0.181818
vt 0.991453 0.272727
vt 0.991453 0.363636
vt 0.991453 0.454545
vt 0.991453 0.545455
vt 0.991453 0.636364
vt 0.991453 0.727273
vt 0.991453 0.818182
vt 0.987179 1.000000
vt 0.991453 0.909091
vt 0.995726 0.090909
vt 0.991453 0.000000
vt 0.995726 0.181818
vt 0.995726 0.272727
vt 0.995726 0.363636
vt 0.995726 0.454545
vt 0.995726 0.545455
vt 0.995726 0.636364
vt 0.995726 0.727273
vt 0.995726 0.818182
vt 0.991453 1.000000
vt 0.995726 0.909091
vt 0.995726 0.000000
vt 1.000000 0.090909
vt 1.000000 0.181818
vt 1.000000 0.272727
vt 1.000000 0.363636
vt 1.000000 0.545455
vt 1.000000 0.636364
vt 1.000000 0.727273
vt 1.000000 0.818182
vt 1.000000 0.909091
vt 1.000000 1.000000
vt 0.995726 1.000000
vt 0.125000 0.000000
vt 0.125000 0.090909
vt 0.125000 0.181818
vt 0.125000 0.272727
vt 0.125000 0.363636
vt 0.125000 0.545455
vt 0.125000 0.636364
vt 0.125000 0.727273
vt 0.125000 0.818182
vt 0.125000 0.909091
vt 0.125000 1.000000
vt 0.250000 0.090909
vt 0.250000 0.181818
vt 0.250000 0.272727
vt 0.250000 0.363636
vt 0.250000 0.454545
vt 0.125000 0.454545
vt 0.250000 0.545455
vt 0.250000 0.636364
vt 0.250000 0.727273
vt 0.250000 0.818182
vt 0.250000 0.909091
vt 0.375000 0.000000
vt 0.375000 0.090909
vt 0.375000 0.181818
vt 0.375000 0.272727
vt 0.375000 0.363636
vt 0.375000 0.545455
vt 0.375000 0.636364
vt 0.375000 0.727273
vt 0.375000 0.818182
vt 0.375000 0.909091
vt 0.375000 1.000000
vt 0.250000 1.000000
vt 0.375000 0.454545
vt 0.625000 0.090909
vt 0.625000 0.181818
vt 0.625000 0.272727
vt 0.625000 0.363636
vt 0.625000 0.454545
vt 0.625000 0.545455
vt 0.625000 0.636364
vt 0.625000 0.727273
vt 0.625000 0.818182
vt 0.625000 0.909091
vt 0.750000 0.090909
vt 0.625000 0.000000
vt 0.750000 0.181818
vt 0.750000 0.272727
vt 0.750000 0.363636
vt 0.750000 0.454545
vt 0.750000 0.545455
vt 0.750000 0.636364
vt 0.750000 0.727273
vt 0.750000 0.818182
vt 0.625000 1.000000
vt 0.750000 0.909091
vt 0.875000 0.000000
vt 0.875000 0.090909
vt 0.875000 0.181818
vt 0.875000 0.272727
vt 0.875000 0.363636
vt 0.875000 0.545455
vt 0.875000 0.636364
vt 0.875000 0.727273
vt 0.875000 0.818182
vt 0.875000 0.909091
vt 0.875000 1.000000
vt 0.750000 1.000000
vt 0.875000 0.454545
vt 0.062500 0.000000
vt 0.062500 0.090909
vt 0.062500 0.181818
vt 0.062500 0.272727
vt 0.062500 0.363636
vt 0.062500 0.545455
vt 0.062500 0.636364
vt 0.062500 0.727273
vt 0.062500 0.818182
vt 0.062500 0.909091
vt 0.062500 1.000000
vt 0.062500 0.454545
vt 0.187500 0.090909
vt 0.187500 0.181818
vt 0.187500 0.272727
vt 0.187500 0.363636
vt 0.187500 0.454545
vt 0.187500 0.545455
vt 0.187500 0.636364
vt 0.187500 0.727273
vt 0.187500 0.818182
vt 0.187500 0.909091
vt 0.187500 0.000000
vt 0.187500 1.000000
vt 0.312500 0.090909
vt 0.312500 0.181818
vt 0.312500 0.272727
vt 0.312500 0.363636
vt 0.312500 0.454545
vt 0.312500 0.545455
vt 0.312500 0.636364
vt 0.312500 0.727273
vt 0.312500 0.818182
vt 0.312500 0.909091
vt 0.312500 0.000000
vt 0.312500 1.000000
vt 0.437500 0.090909
vt 0.437500 0.181818
vt 0.437500 0.272727
vt 0.437500 0.363636
vt 0.437500 0.454545
vt 0.437500 0.545455
vt 0.437500 0.636364
vt 0.437500 0.727273
vt 0.437500 0.818182
vt 0.437500 0.909091
vt 0.437500 0.000000
vt 0.437500 1.000000
vt 0.562500 0.090909
vt 0.562500 0.181818
vt 0.562500 0.272727
vt 0.562500 0.363636
vt 0.562500 0.454545
vt 0.562500 0.545455
vt 0.562500 0.636364
vt 0.562500 0.727273
vt 0.562500 0.818182
vt 0.562500 0.909091
vt 0.562500 0.000000
vt 0.562500 1.000000
vt 0.687500 0.090909
vt 0.687500 0.181818
vt 0.687500 0.272727
vt 0.687500 0.363636
vt 0.687500 0.454545
vt 0.687500 0.545455
vt 0.687500 0.636364
vt 0.687500 0.727273
vt 0.687500 0.818182
vt 0.687500 0.909091
vt 0.687500 0.000000
vt 0.687500 1.000000
vt 0.812500 0.090909
vt 0.812500 0.181818
vt 0.812500 0.272727
vt 0.812500 0.363636
vt 0.812500 0.454545
vt 0.812500 0.545455
vt 0.812500 0.636364
vt 0.812500 0.727273
vt 0.812500 0.818182
vt 0.812500 0.909091
vt 0.812500 0.000000
vt 0.812500 1.000000
vt 0.937500 0.000000
vt 0.937500 0.090909
vt 0.937500 0.181818
vt 0.937500 0.272727
vt 0.937500 0.363636
vt 0.937500 0.545455
vt 0.937500 0.636364
vt 0.937500 0.727273
vt 0.937500 0.818182
vt 0.937500 0.909091
vt 0.937500 1.000000
vt 1.000000 0.454545
vt 0.937500 0.454545
vt 0.012987 0.000000
vt 0.012987 0.090909
vt 0.012987 0.181818
vt 0.012987 0.272727
vt 0.012987 0.363636
vt 0.012987 0.545455
vt 0.012987 0.636364
vt 0.012987 0.727273
vt 0.012987 0.818182
vt 0.012987 0.909091
vt 0.012987 1.000000
vt 0.025974 0.090909
vt 0.025974 0.181818
vt 0.025974 0.272727
vt 0.025974 0.363636
vt 0.025974 0.454545
vt 0.012987 0.454545
vt 0.025974 0.545455
vt 0.025974 0.636364
vt 0.025974 0.727273
vt 0.025974 0.818182
vt 0.025974 0.909091
vt 0.038961 0.000000
vt 0.025974 0.000000
vt 0.038961 0.090909
vt 0.038961 0.181818
vt 0.038961 0.272727
vt 0.038961 0.363636
vt 0.038961 0.545455
vt 0.038961 0.636364
vt 0.038961 0.727273
vt 0.038961 0.818182
vt 0.038961 0.909091
vt 0.038961 1.000000
vt 0.025974 1.000000
vt 0.051948 0.000000
vt 0.051948 0.090909
vt 0.051948 0.181818
vt 0.051948 0.272727
vt 0.038961 0.454545
vt 0.051948 0.363636
vt 0.051948 0.545455
vt 0.051948 0.636364
vt 0.051948 0.727273
vt 0.051948 0.818182
vt 0.051948 0.909091
vt 0.051948 1.000000
vt 0.064935 0.000000
vt 0.064935 0.090909
vt 0.064935 0.181818
vt 0.064935 0.272727
vt 0.051948 0.454545
vt 0.064935 0.363636
vt 0.064935 0.545455
vt 0.064935 0.636364
vt 0.064935 0.727273
vt 0.064935 0.818182
vt 0.064935 0.909091
vt 0.064935 1.000000
vt 0.077922 0.000000
vt 0.077922 0.090909
vt 0.077922 0.181818
vt 0.077922 0.272727
vt 0.064935 0.454545
vt 0.077922 0.363636
vt 0.077922 0.545455
vt 0.077922 0.636364
vt 0.077922 0.727273
vt 0.077922 0.818182
vt 0.077922 0.909091
vt 0.077922 1.000000
vt 0.090909 0.090909
vt 0.090909 0.181818
vt 0.090909 0.272727
vt 0.077922 0.454545
vt 0.090909 0.363636
vt 0.090909 0.545455
vt 0.090909 0.636364
vt 0.090909 0.727273
vt 0.090909 0.818182
vt 0.090909 0.909091
vt 0.090909 1.000000
vt 0.103896 0.000000
vt 0.103896 0.090909
vt 0.103896 0.181818
vt 0.103896 0.272727
vt 0.090909 0.454545
vt 0.103896 0.363636
vt 0.103896 0.545455
vt 0.103896 0.636364
vt 0.103896 0.727273
vt 0.103896 0.818182
vt 0.103896 0.909091
vt 0.103896 1.000000
vt 0.116883 0.000000
vt 0.116883 0.090909
vt 0.116883 0.181818
vt 0.116883 0.272727
vt 0.103896 0.454545
vt 0.116883 0.363636
vt 0.116883 0.545455
vt 0.116883 0.636364
vt 0.116883 0.727273
vt 0.116883 0.818182
vt 0.116883 0.909091
vt 0.116883 1.000000
vt 0.129870 0.000000
vt 0.129870 0.090909
vt 0.129870 0.181818
vt 0.129870 0.272727
vt 0.116883 0.454545
vt 0.129870 0.363636
vt 0.129870 0.545455
vt 0.129870 0.636364
vt 0.129870 0.727273
vt 0.129870 0.818182
vt 0.129870 0.909091
vt 0.129870 1.000000
vt 0.142857 0.000000
vt 0.142857 0.090909
vt 0.142857 0.181818
vt 0.142857 0.272727
vt 0.129870 0.454545
vt 0.142857 0.363636
vt 0.142857 0.545455
vt 0.142857 0.636364
vt 0.142857 0.727273
vt 0.142857 0.818182
vt 0.142857 0.909091
vt 0.142857 1.000000
vt 0.155844 0.000000
vt 0.155844 0.090909
vt 0.155844 0.181818
vt 0.155844 0.272727
vt 0.142857 0.454545
vt 0.155844 0.363636
vt 0.155844 0.545455
vt 0.155844 0.636364
vt 0.155844 0.727273
vt 0.155844 0.818182
vt 0.155844 0.909091
vt 0.155844 1.000000
vt 0.168831 0.000000
vt 0.168831 0.090909
vt 0.168831 0.181818
vt 0.168831 0.272727
vt 0.155844 0.454545
vt 0.168831 0.363636
vt 0.168831 0.545455
vt 0.168831 0.636364
vt 0.168831 0.727273
vt 0.168831 0.818182
vt 0.168831 0.909091
vt 0.168831 1.000000
vt 0.181818 0.090909
vt 0.181818 0.181818
vt 0.181818 0.272727
vt 0.168831 0.454545
vt 0.181818 0.363636
vt 0.181818 0.545455
vt 0.181818 0.636364
vt 0.181818 0.727273
vt 0.181818 0.818182
vt 0.181818 0.909091
vt 0.194805 0.090909
vt 0.194805 0.181818
vt 0.194805 0.272727
vt 0.194805 0.363636
vt 0.194805 0.454545
vt 0.181818 0.454545
vt 0.194805 0.545455
vt 0.194805 0.636364
vt 0.194805 0.727273
vt 0.194805 0.818182
vt 0.181818 1.000000
vt 0.194805 0.909091
vt 0.207792 0.000000
vt 0.194805 0.000000
vt 0.207792 0.090909
vt 0.207792 0.181818
vt 0.207792 0.272727
vt 0.207792 0.363636
vt 0.207792 0.545455
vt 0.207792 0.636364
vt 0.207792 0.727273
vt 0.207792 0.818182
vt 0.207792 0.909091
vt 0.207792 1.000000
vt 0.194805 1.000000
vt 0.220779 0.000000
vt 0.220779 0.090909
vt 0.220779 0.181818
vt 0.220779 0.272727
vt 0.207792 0.454545
vt 0.220779 0.363636
vt 0.220779 0.545455
vt 0.220779 0.636364
vt 0.220779 0.727273
vt 0.220779 0.818182
vt 0.220779 0.909091
vt 0.220779 1.000000
vt 0.233766 0.000000
vt 0.233766 0.090909
vt 0.233766 0.181818
vt 0.233766 0.272727
vt 0.220779 0.454545
vt 0.233766 0.363636
vt 0.233766 0.545455
vt 0.233766 0.636364
vt 0.233766 0.727273
vt 0.233766 0.818182
vt 0.233766 0.909091
vt 0.233766 1.000000
vt 0.246753 0.090909
vt 0.246753 0.181818
vt 0.246753 0.272727
vt 0.246753 0.363636
vt 0.246753 0.454545
vt 0.233766 0.454545
vt 0.246753 0.545455
vt 0.246753 0.636364
vt 0.246753 0.727273
vt 0.246753 0.818182
vt 0.246753 0.909091
vt 0.259740 0.000000
vt 0.246753 0.000000
vt 0.259740 0.090909
vt 0.259740 0.181818
vt 0.259740 0.272727
vt 0.259740 0.363636
vt 0.259740 0.545455
vt 0.259740 0.636364
vt 0.259740 0.727273
vt 0.259740 0.818182
vt 0.259740 0.909091
vt 0.259740 1.000000
vt 0.246753 1.000000
vt 0.272727 0.090909
vt 0.272727 0.181818
vt 0.272727 0.272727
vt 0.272727 0.363636
vt 0.272727 0.454545
vt 0.259740 0.454545
vt 0.272727 0.545455
vt 0.272727 0.636364
vt 0.272727 0.727273
vt 0.272727 0.818182
vt 0.272727 0.909091
vt 0.285714 0.000000
vt 0.285714 0.090909
vt 0.285714 0.181818
vt 0.285714 0.272727
vt 0.285714 0.363636
vt 0.285714 0.545455
vt 0.285714 0.636364
vt 0.285714 0.727273
vt 0.285714 0.818182
vt 0.285714 0.909091
vt 0.285714 1.000000
vt 0.272727 1.000000
vt 0.298701 0.000000
vt 0.298701 0.090909
vt 0.298701 0.181818
vt 0.298701 0.272727
vt 0.285714 0.454545
vt 0.298701 0.363636
vt 0.298701 0.545455
vt 0.298701 0.636364
vt 0.298701 0.727273
vt 0.298701 0.818182
vt 0.298701 0.909091
vt 0.298701 1.000000
vt 0.311688 0.000000
vt 0.311688 0.090909
vt 0.311688 0.181818
vt 0.311688 0.272727
vt 0.298701 0.454545
vt 0.311688 0.363636
vt 0.311688 0.545455
vt 0.311688 0.636364
vt 0.311688 0.727273
vt 0.311688 0.818182
vt 0.311688 0.909091
vt 0.311688 1.000000
vt 0.324675 0.000000
vt 0.324675 0.090909
vt 0.324675 0.181818
vt 0.324675 0.272727
vt 0.311688 0.454545
vt 0.324675 0.363636
vt 0.324675 0.545455
vt 0.324675 0.636364
vt 0.324675 0.727273
vt 0.324675 0.818182
vt 0.324675 0.909091
vt 0.324675 1.000000
vt 0.337662 0.000000
vt 0.337662 0.090909
vt 0.337662 0.181818
vt 0.337662 0.272727
vt 0.324675 0.454545
vt 0.337662 0.363636
vt 0.337662 0.545455
vt 0.337662 0.636364
vt 0.337662 0.727273
vt 0.337662 0.818182
vt 0.337662 0.909091
vt 0.337662 1.000000
vt 0.350649 0.000000
vt 0.350649 0.090909
vt 0.350649 0.181818
vt 0.350649 0.272727
vt 0.337662 0.454545
vt 0.350649 0.363636
vt 0.350649 0.545455
vt 0.350649 0.636364
vt 0.350649 0.727273
vt 0.350649 0.818182
vt 0.350649 0.909091
vt 0.350649 1.000000
vt 0.363636 0.090909
vt 0.363636 0.181818
vt 0.363636 0.272727
vt 0.350649 0.454545
vt 0.363636 0.363636
vt 0.363636 0.545455
vt 0.363636 0.636364
vt 0.363636 0.727273
vt 0.363636 0.818182
vt 0.363636 0.909091
vt 0.363636 1.000000
vt 0.376623 0.000000
vt 0.376623 0.090909
vt 0.376623 0.181818
vt 0.376623 0.272727
vt 0.363636 0.454545
vt 0.376623 0.363636
vt 0.376623 0.545455
vt 0.376623 0.636364
vt 0.376623 0.727273
vt 0.376623 0.818182
vt 0.376623 0.909091
vt 0.376623 1.000000
vt 0.389610 0.000000
vt 0.389610 0.090909
vt 0.389610 0.181818
vt 0.389610 0.272727
vt 0.376623 0.454545
vt 0.389610 0.363636
vt 0.389610 0.545455
vt 0.389610 0.636364
vt 0.389610 0.727273
vt 0.389610 0.818182
vt 0.389610 0.909091
vt 0.389610 1.000000
vt 0.402597 0.000000
vt 0.402597 0.090909
vt 0.402597 0.181818
vt 0.402597 0.272727
vt 0.389610 0.454545
vt 0.402597 0.363636
vt 0.402597 0.545455
vt 0.402597 0.636364
vt 0.402597 0.727273
vt 0.402597 0.818182
vt 0.402597 0.909091
vt 0.402597 1.000000
vt 0.415584 0.000000
vt 0.415584 0.090909
vt 0.415584 0.181818
vt 0.415584 0.272727
vt 0.402597 0.454545
vt 0.415584 0.363636
vt 0.415584 0.545455
vt 0.415584 0.636364
vt 0.415584 0.727273
vt 0.415584 0.818182
vt 0.415584 0.909091
vt 0.415584 1.000000
vt 0.428571 0.090909
vt 0.428571 0.181818
vt 0.428571 0.272727
vt 0.428571 0.363636
vt 0.428571 0.454545
vt 0.415584 0.454545
vt 0.428571 0.545455
vt 0.428571 0.636364
vt 0.428571 0.727273
vt 0.428571 0.818182
vt 0.428571 0.909091
vt 0.441558 0.090909
vt 0.428571 0.000000
vt 0.441558 0.181818
vt 0.441558 0.272727
vt 0.441558 0.363636
vt 0.441558 0.545455
vt 0.441558 0.636364
vt 0.441558 0.727273
vt 0.441558 0.818182
vt 0.428571 1.000000
vt 0.441558 0.909091
vt 0.454545 0.090909
vt 0.441558 0.000000
vt 0.454545 0.181818
vt 0.454545 0.272727
vt 0.454545 0.363636
vt 0.454545 0.454545
vt 0.441558 0.454545
vt 0.454545 0.545455
vt 0.454545 0.636364
vt 0.454545 0.727273
vt 0.454545 0.818182
vt 0.441558 1.000000
vt 0.454545 0.909091
vt 0.467532 0.090909
vt 0.467532 0.181818
vt 0.467532 0.272727
vt 0.467532 0.454545
vt 0.467532 0.545455
vt 0.467532 0.727273
vt 0.467532 0.818182
vt 0.454545 1.000000
vt 0.467532 0.909091
vt 0.480519 0.090909
vt 0.467532 0.000000
vt 0.480519 0.272727
vt 0.480519 0.363636
vt 0.467532 0.363636
vt 0.480519 0.454545
vt 0.480519 0.545455
vt 0.467532 0.636364
vt 0.480519 0.636364
vt 0.480519 0.727273
vt 0.480519 0.909091
vt 0.467532 1.000000
vt 0.493506 0.090909
vt 0.480519 0.000000
vt 0.480519 0.181818
vt 0.493506 0.272727
vt 0.493506 0.363636
vt 0.493506 0.545455
vt 0.493506 0.636364
vt 0.480519 0.818182
vt 0.493506 0.727273
vt 0.493506 0.909091
vt 0.480519 1.000000
vt 0.506494 0.090909
vt 0.493506 0.000000
vt 0.506494 0.181818
vt 0.493506 0.181818
vt 0.506494 0.272727
vt 0.506494 0.363636
vt 0.493506 0.454545
vt 0.506494 0.545455
vt 0.506494 0.636364
vt 0.493506 0.818182
vt 0.506494 0.727273
vt 0.506494 0.818182
vt 0.493506 1.000000
vt 0.506494 0.909091
vt 0.519481 0.090909
vt 0.506494 0.000000
vt 0.519481 0.272727
vt 0.519481 0.363636
vt 0.506494 0.454545
vt 0.519481 0.545455
vt 0.519481 0.636364
vt 0.519481 0.727273
vt 0.519481 0.909091
vt 0.506494 1.000000
vt 0.532468 0.090909
vt 0.519481 0.000000
vt 0.532468 0.181818
vt 0.519481 0.181818
vt 0.532468 0.272727
vt 0.532468 0.363636
vt 0.519481 0.454545
vt 0.532468 0.545455
vt 0.532468 0.636364
vt 0.519481 0.818182
vt 0.532468 0.727273
vt 0.532468 0.818182
vt 0.532468 1.000000
vt 0.519481 1.000000
vt 0.545455 0.090909
vt 0.532468 0.000000
vt 0.545455 0.181818
vt 0.545455 0.272727
vt 0.545455 0.363636
vt 0.545455 0.454545
vt 0.532468 0.454545
vt 0.545455 0.545455
vt 0.545455 0.636364
vt 0.545455 0.727273
vt 0.532468 0.909091
vt 0.545455 0.818182
vt 0.545455 0.909091
vt 0.558442 0.090909
vt 0.558442 0.181818
vt 0.558442 0.272727
vt 0.558442 0.363636
vt 0.558442 0.454545
vt 0.558442 0.545455
vt 0.558442 0.636364
vt 0.558442 0.727273
vt 0.558442 0.818182
vt 0.545455 1.000000
vt 0.558442 0.909091
vt 0.571429 0.090909
vt 0.558442 0.000000
vt 0.571429 0.181818
vt 0.571429 0.272727
vt 0.571429 0.363636
vt 0.571429 0.545455
vt 0.571429 0.636364
vt 0.571429 0.727273
vt 0.571429 0.818182
vt 0.571429 0.909091
vt 0.558442 1.000000
vt 0.584416 0.090909
vt 0.571429 0.000000
vt 0.584416 0.181818
vt 0.584416 0.272727
vt 0.584416 0.363636
vt 0.584416 0.454545
vt 0.571429 0.454545
vt 0.584416 0.545455
vt 0.584416 0.636364
vt 0.584416 0.727273
vt 0.584416 0.818182
vt 0.571429 1.000000
vt 0.584416 0.909091
vt 0.597403 0.000000
vt 0.584416 0.000000
vt 0.597403 0.090909
vt 0.597403 0.181818
vt 0.597403 0.272727
vt 0.597403 0.363636
vt 0.597403 0.545455
vt 0.597403 0.636364
vt 0.597403 0.727273
vt 0.597403 0.818182
vt 0.597403 0.909091
vt 0.597403 1.000000
vt 0.584416 1.000000
vt 0.610390 0.000000
vt 0.610390 0.090909
vt 0.610390 0.181818
vt 0.610390 0.272727
vt 0.597403 0.454545
vt 0.610390 0.363636
vt 0.610390 0.545455
vt 0.610390 0.636364
vt 0.610390 0.727273
vt 0.610390 0.818182
vt 0.610390 0.909091
vt 0.610390 1.000000
vt 0.623377 0.000000
vt 0.623377 0.090909
vt 0.623377 0.181818
vt 0.623377 0.272727
vt 0.610390 0.454545
vt 0.623377 0.363636
vt 0.623377 0.545455
vt 0.623377 0.636364
vt 0.623377 0.727273
vt 0.623377 0.818182
vt 0.623377 0.909091
vt 0.623377 1.000000
vt 0.636364 0.090909
vt 0.636364 0.181818
vt 0.636364 0.272727
vt 0.636364 0.363636
vt 0.636364 0.454545
vt 0.623377 0.454545
vt 0.636364 0.545455
vt 0.636364 0.636364
vt 0.636364 0.727273
vt 0.636364 0.818182
vt 0.636364 0.909091
vt 0.649351 0.090909
vt 0.649351 0.181818
vt 0.649351 0.272727
vt 0.649351 0.363636
vt 0.649351 0.454545
vt 0.649351 0.545455
vt 0.649351 0.636364
vt 0.649351 0.727273
vt 0.649351 0.818182
vt 0.636364 1.000000
vt 0.649351 0.909091
vt 0.662338 0.090909
vt 0.649351 0.000000
vt 0.662338 0.181818
vt 0.662338 0.272727
vt 0.662338 0.363636
vt 0.662338 0.454545
vt 0.662338 0.545455
vt 0.662338 0.636364
vt 0.662338 0.727273
vt 0.662338 0.818182
vt 0.649351 1.000000
vt 0.662338 0.909091
vt 0.675325 0.090909
vt 0.662338 0.000000
vt 0.675325 0.181818
vt 0.675325 0.272727
vt 0.675325 0.363636
vt 0.675325 0.454545
vt 0.675325 0.545455
vt 0.675325 0.636364
vt 0.675325 0.727273
vt 0.675325 0.818182
vt 0.662338 1.000000
vt 0.675325 0.909091
vt 0.688312 0.090909
vt 0.675325 0.000000
vt 0.688312 0.181818
vt 0.688312 0.272727
vt 0.688312 0.363636
vt 0.688312 0.454545
vt 0.688312 0.545455
vt 0.688312 0.636364
vt 0.688312 0.727273
vt 0.688312 0.818182
vt 0.675325 1.000000
vt 0.688312 0.909091
vt 0.701299 0.090909
vt 0.688312 0.000000
vt 0.701299 0.181818
vt 0.701299 0.272727
vt 0.701299 0.363636
vt 0.701299 0.454545
vt 0.701299 0.545455
vt 0.701299 0.636364
vt 0.701299 0.727273
vt 0.701299 0.818182
vt 0.688312 1.000000
vt 0.701299 0.909091
vt 0.714286 0.090909
vt 0.701299 0.000000
vt 0.714286 0.181818
vt 0.714286 0.272727
vt 0.714286 0.363636
vt 0.714286 0.454545
vt 0.714286 0.545455
vt 0.714286 0.636364
vt 0.714286 0.727273
vt 0.714286 0.818182
vt 0.701299 1.000000
vt 0.714286 0.909091
vt 0.727273 0.090909
vt 0.714286 0.000000
vt 0.727273 0.181818
vt 0.727273 0.272727
vt 0.727273 0.363636
vt 0.727273 0.454545
vt 0.727273 0.545455
vt 0.727273 0.636364
vt 0.727273 0.727273
vt 0.727273 0.818182
vt 0.714286 1.000000
vt 0.727273 0.909091
vt 0.740260 0.090909
vt 0.740260 0.181818
vt 0.740260 0.272727
vt 0.740260 0.363636
vt 0.740260 0.454545
vt 0.740260 0.545455
vt 0.740260 0.636364
vt 0.740260 0.727273
vt 0.740260 0.818182
vt 0.727273 1.000000
vt 0.740260 0.909091
vt 0.753247 0.090909
vt 0.740260 0.000000
vt 0.753247 0.181818
vt 0.753247 0.272727
vt 0.753247 0.363636
vt 0.753247 0.454545
vt 0.753247 0.545455
vt 0.753247 0.636364
vt 0.753247 0.727273
vt 0.753247 0.818182
vt 0.740260 1.000000
vt 0.753247 0.909091
vt 0.766234 0.090909
vt 0.753247 0.000000
vt 0.766234 0.181818
vt 0.766234 0.272727
vt 0.766234 0.363636
vt 0.766234 0.454545
vt 0.766234 0.545455
vt 0.766234 0.636364
vt 0.766234 0.727273
vt 0.766234 0.818182
vt 0.753247 1.000000
vt 0.766234 0.909091
vt 0.779221 0.090909
vt 0.766234 0.000000
vt 0.779221 0.181818
vt 0.779221 0.272727
vt 0.779221 0.363636
vt 0.779221 0.454545
vt 0.779221 0.545455
vt 0.779221 0.636364
vt 0.779221 0.727273
vt 0.779221 0.818182
vt 0.766234 1.000000
vt 0.779221 0.909091
vt 0.792208 0.090909
vt 0.779221 0.000000
vt 0.792208 0.181818
vt 0.792208 0.272727
vt 0.792208 0.363636
vt 0.792208 0.545455
vt 0.792208 0.636364
vt 0.792208 0.727273
vt 0.792208 0.818182
vt 0.779221 1.000000
vt 0.792208 0.909091
vt 0.805195 0.000000
vt 0.792208 0.000000
vt 0.805195 0.090909
vt 0.805195 0.181818
vt 0.805195 0.272727
vt 0.792208 0.454545
vt 0.805195 0.363636
vt 0.805195 0.545455
vt 0.805195 0.636364
vt 0.805195 0.727273
vt 0.805195 0.818182
vt 0.805195 0.909091
vt 0.805195 1.000000
vt 0.792208 1.000000
vt 0.818182 0.090909
vt 0.818182 0.181818
vt 0.818182 0.272727
vt 0.805195 0.454545
vt 0.818182 0.363636
vt 0.818182 0.545455
vt 0.818182 0.636364
vt 0.818182 0.727273
vt 0.818182 0.818182
vt 0.818182 0.909091
vt 0.818182 1.000000
vt 0.831169 0.000000
vt 0.831169 0.090909
vt 0.831169 0.181818
vt 0.831169 0.272727
vt 0.818182 0.454545
vt 0.831169 0.363636
vt 0.831169 0.545455
vt 0.831169 0.636364
vt 0.831169 0.727273
vt 0.831169 0.818182
vt 0.831169 0.909091
vt 0.831169 1.000000
vt 0.844156 0.000000
vt 0.844156 0.090909
vt 0.844156 0.181818
vt 0.844156 0.272727
vt 0.831169 0.454545
vt 0.844156 0.363636
vt 0.844156 0.545455
vt 0.844156 0.636364
vt 0.844156 0.727273
vt 0.844156 0.818182
vt 0.844156 0.909091
vt 0.844156 1.000000
vt 0.857143 0.000000
vt 0.857143 0.090909
vt 0.857143 0.181818
vt 0.857143 0.272727
vt 0.844156 0.454545
vt 0.857143 0.363636
vt 0.857143 0.545455
vt 0.857143 0.636364
vt 0.857143 0.727273
vt 0.857143 0.818182
vt 0.857143 0.909091
vt 0.857143 1.000000
vt 0.870130 0.000000
vt 0.870130 0.090909
vt 0.870130 0.181818
vt 0.870130 0.272727
vt 0.857143 0.454545
vt 0.870130 0.363636
vt 0.870130 0.545455
vt 0.870130 0.636364
vt 0.870130 0.727273
vt 0.870130 0.818182
vt 0.870130 0.909091
vt 0.870130 1.000000
vt 0.883117 0.000000
vt 0.883117 0.090909
vt 0.883117 0.181818
vt 0.883117 0.272727
vt 0.870130 0.454545
vt 0.883117 0.363636
vt 0.883117 0.545455
vt 0.883117 0.636364
vt 0.883117 0.727273
vt 0.883117 0.818182
vt 0.883117 0.909091
vt 0.883117 1.000000
vt 0.896104 0.000000
vt 0.896104 0.090909
vt 0.896104 0.181818
vt 0.896104 0.272727
vt 0.883117 0.454545
vt 0.896104 0.363636
vt 0.896104 0.545455
vt 0.896104 0.636364
vt 0.896104 0.727273
vt 0.896104 0.818182
vt 0.896104 0.909091
vt 0.896104 1.000000
vt 0.909091 0.090909
vt 0.909091 0.181818
vt 0.909091 0.272727
vt 0.896104 0.454545
vt 0.909091 0.363636
vt 0.909091 0.545455
vt 0.909091 0.636364
vt 0.909091 0.727273
vt 0.909091 0.818182
vt 0.909091 0.909091
vt 0.909091 1.000000
vt 0.922078 0.000000
vt 0.922078 0.090909
vt 0.922078 0.181818
vt 0.922078 0.272727
vt 0.909091 0.454545
vt 0.922078 0.363636
vt 0.922078 0.545455
vt 0.922078 0.636364
vt 0.922078 0.727273
vt 0.922078 0.818182
vt 0.922078 0.909091
vt 0.922078 1.000000
vt 0.935065 0.000000
vt 0.935065 0.090909
vt 0.935065 0.181818
vt 0.935065 0.272727
vt 0.922078 0.454545
vt 0.935065 0.363636
vt 0.935065 0.545455
vt 0.935065 0.636364
vt 0.935065 0.727273
vt 0.935065 0.818182
vt 0.935065 0.909091
vt 0.935065 1.000000
vt 0.948052 0.000000
vt 0.948052 0.090909
vt 0.948052 0.181818
vt 0.948052 0.272727
vt 0.935065 0.454545
vt 0.948052 0.363636
vt 0.948052 0.545455
vt 0.948052 0.636364
vt 0.948052 0.727273
vt 0.948052 0.818182
vt 0.948052 0.909091
vt 0.948052 1.000000
vt 0.961039 0.090909
vt 0.961039 0.181818
vt 0.961039 0.272727
vt 0.961039 0.363636
vt 0.961039 0.454545
vt 0.948052 0.454545
vt 0.961039 0.545455
vt 0.961039 0.636364
vt 0.961039 0.727273
vt 0.961039 0.818182
vt 0.961039 0.909091
vt 0.974026 0.000000
vt 0.961039 0.000000
vt 0.974026 0.090909
vt 0.974026 0.181818
vt 0.974026 0.272727
vt 0.974026 0.363636
vt 0.974026 0.545455
vt 0.974026 0.636364
vt 0.974026 0.727273
vt 0.974026 0.818182
vt 0.974026 0.909091
vt 0.974026 1.000000
vt 0.961039 1.000000
vt 0.987013 0.000000
vt 0.987013 0.090909
vt 0.987013 0.181818
vt 0.987013 0.272727
vt 0.974026 0.454545
vt 0.987013 0.363636
vt 0.987013 0.545455
vt 0.987013 0.636364
vt 0.987013 0.727273
vt 0.987013 0.818182
vt 0.987013 0.909091
vt 0.987013 1.000000
vt 0.987013 0.454545
vt 0.083333 0.000000
vt 0.083333 0.090909
vt 0.083333 0.181818
vt 0.083333 0.272727
vt 0.083333 0.363636
vt 0.083333 0.545455
vt 0.083333 0.636364
vt 0.083333 0.727273
vt 0.083333 0.818182
vt 0.083333 0.909091
vt 0.083333 1.000000
vt 0.083333 0.454545
vt 0.416667 0.090909
vt 0.416667 0.181818
vt 0.416667 0.272727
vt 0.416667 0.363636
vt 0.416667 0.454545
vt 0.416667 0.545455
vt 0.416667 0.636364
vt 0.416667 0.727273
vt 0.416667 0.818182
vt 0.416667 0.909091
vt 0.416667 0.000000
vt 0.416667 1.000000
vt 0.583333 0.000000
vt 0.583333 0.090909
vt 0.583333 0.181818
vt 0.583333 0.272727
vt 0.583333 0.363636
vt 0.583333 0.545455
vt 0.583333 0.636364
vt 0.583333 0.727273
vt 0.583333 0.818182
vt 0.583333 0.909091
vt 0.583333 1.000000
vt 0.583333 0.454545
vt 0.916667 0.000000
vt 0.916667 0.090909
vt 0.916667 0.181818
vt 0.916667 0.272727
vt 0.916667 0.363636
vt 0.916667 0.545455
vt 0.916667 0.636364
vt 0.916667 0.727273
vt 0.916667 0.818182
vt 0.916667 0.909091
vt 0.916667 1.000000
vt 0.916667 0.454545
s 0
usemtl マテリアル.002
f 2/1/1 6/2/1 3/3/1
f 6/2/1 4/4/1 3/3/1
f 6/2/1 5/5/1 4/4/1
f 2/1/1 7/6/1 6/2/1
f 2/1/1 10/7/1 7/6/1
f 10/7/1 8/8/1 7/6/1
f 10/7/1 9/9/1 8/8/1
f 2/1/1 11/10/1 10/7/1
f 2/1/1 12/11/1 11/10/1
f 2/1/1 1/12/1 12/11/1
f 89/11/1 75/13/1 13/12/1
f 75/13/1 14/14/1 13/12/1
f 75/13/1 74/15/1 14/14/1
f 74/15/1 15/16/1 14/14/1
f 29/17/1 58/18/1 30/19/1
f 58/18/1 31/20/1 30/19/1
f 58/18/1 57/21/1 31/20/1
f 57/21/1 32/22/1 31/20/1
f 89/11/1 76/23/1 75/13/1
f 73/24/1 15/16/1 74/15/1
f 29/17/1 59/25/1 58/18/1
f 56/26/1 32/22/1 57/21/1
f 72/27/1 15/16/1 73/24/1
f 55/28/1 32/22/1 56/26/1
f 71/29/2 15/16/2 72/27/2
f 54/30/1 32/22/1 55/28/1
f 70/31/1 15/16/1 71/29/1
f 89/11/1 77/32/1 76/23/1
f 53/33/1 32/22/1 54/30/1
f 69/34/1 15/16/1 70/31/1
f 52/35/1 32/22/1 53/33/1
f 68/36/1 15/16/1 69/34/1
f 51/37/1 32/22/1 52/35/1
f 89/11/1 78/38/1 77/32/1
f 67/39/1 15/16/1 68/36/1
f 50/40/1 32/22/1 51/37/1
f 49/41/1 32/22/1 50/40/1
f 66/42/1 15/16/1 67/39/1
f 48/43/1 32/22/1 49/41/1
f 65/44/1 15/16/1 66/42/1
f 89/11/1 79/45/1 78/38/1
f 47/46/1 32/22/1 48/43/1
f 64/47/1 15/16/1 65/44/1
f 46/48/1 32/22/1 47/46/1
f 63/49/1 15/16/1 64/47/1
f 45/50/1 32/22/1 46/48/1
f 89/11/1 80/51/1 79/45/1
f 62/52/1 15/16/1 63/49/1
f 44/53/1 32/22/1 45/50/1
f 61/54/1 15/16/1 62/52/1
f 43/55/1 32/22/1 44/53/1
f 89/11/1 81/56/1 80/51/1
f 42/57/1 32/22/1 43/55/1
f 89/11/1 82/58/1 81/56/1
f 41/59/1 32/22/1 42/57/1
f 89/11/1 83/60/1 82/58/1
f 29/17/1 60/61/1 59/25/1
f 40/62/1 32/22/1 41/59/1
f 89/11/1 84/63/1 83/60/1
f 39/64/1 32/22/1 40/62/1
f 89/11/1 85/65/1 84/63/1
f 89/11/1 86/66/1 85/65/1
f 38/67/1 32/22/1 39/64/1
f 89/11/1 87/68/1 86/66/1
f 89/11/1 88/69/1 87/68/1
f 37/70/1 32/22/1 38/67/1
f 36/71/1 32/22/1 37/70/1
f 61/54/1 16/72/1 15/16/1
f 35/73/1 32/22/1 36/71/1
f 61/54/1 17/74/1 16/72/1
f 61/54/1 18/75/1 17/74/1
f 61/54/1 19/76/1 18/75/1
f 61/54/1 20/77/1 19/76/1
f 28/78/1 60/61/1 29/17/1
f 61/54/1 21/79/1 20/77/1
f 34/80/1 32/22/1 35/73/1
f 61/54/1 22/81/1 21/79/1
f 61/54/1 23/82/1 22/81/1
f 61/54/1 24/83/1 23/82/1
f 61/54/1 25/84/1 24/83/1
f 61/54/1 26/85/1 25/84/1
f 33/86/1 32/22/1 34/80/1
f 61/54/1 27/87/1 26/85/1
f 61/54/1 28/78/1 27/87/1
f 61/54/1 60/61/1 28/78/1
f 91/88/1 93/89/1 92/90/1
f 91/88/1 101/91/1 93/89/1
f 101/91/1 100/92/1 93/89/1
f 100/92/1 94/93/1 93/89/1
f 91/88/1 102/94/1 101/91/1
f 99/95/1 94/93/1 100/92/1
f 91/88/1 103/96/1 102/94/1
f 91/88/1 104/97/1 103/96/1
f 91/88/1 105/98/1 104/97/1
f 91/88/1 106/99/1 105/98/1
f 91/88/1 107/100/1 106/99/1
f 91/88/1 108/101/1 107/100/1
f 91/88/1 109/102/1 108/101/1
f 91/88/1 110/103/1 109/102/1
f 91/88/1 111/104/1 110/103/1
f 91/88/1 112/105/1 111/104/1
f 91/88/1 113/11/1 112/105/1
f 91/88/1 98/106/1 113/11/1
f 91/88/1 97/107/1 98/106/1
f 97/107/1 99/95/1 98/106/1
f 97/107/1 96/108/1 99/95/1
f 96/108/1 94/93/1 99/95/1
f 91/88/1 90/12/1 97/107/1
f 95/109/1 94/93/1 96/108/1
f 161/110/1 163/111/1 162/112/1
f 161/110/1 164/113/1 163/111/1
f 161/110/1 165/114/1 164/113/1
f 161/110/1 166/115/1 165/114/1
f 160/116/1 166/115/1 161/110/1
f 160/116/1 167/117/1 166/115/1
f 160/116/1 168/118/1 167/117/1
f 160/116/1 169/119/1 168/118/1
f 159/120/1 169/119/1 160/116/1
f 159/120/1 170/121/1 169/119/1
f 159/120/1 171/122/1 170/121/1
f 159/120/1 172/123/1 171/122/1
f 158/124/1 172/123/1 159/120/1
f 158/124/1 173/125/1 172/123/1
f 158/124/1 174/126/1 173/125/1
f 158/124/1 175/127/1 174/126/1
f 157/128/1 175/127/1 158/124/1
f 157/128/1 176/129/1 175/127/1
f 157/128/1 177/130/1 176/129/1
f 157/128/1 178/131/1 177/130/1
f 156/132/1 178/131/1 157/128/1
f 156/132/1 179/133/1 178/131/1
f 156/132/1 180/134/1 179/133/1
f 156/132/1 181/135/1 180/134/1
f 156/132/1 182/136/1 181/135/1
f 155/137/1 182/136/1 156/132/1
f 155/137/1 183/138/1 182/136/1
f 155/137/1 184/139/1 183/138/1
f 155/137/1 185/140/1 184/139/1
f 155/137/1 186/141/1 185/140/1
f 154/142/1 186/141/1 155/137/1
f 154/142/1 207/143/1 186/141/1
f 207/143/1 206/144/1 186/141/1
f 206/144/1 205/145/1 186/141/1
f 205/145/1 204/146/1 186/141/1
f 204/146/1 203/147/1 186/141/1
f 203/147/1 202/148/1 186/141/1
f 202/148/1 201/149/1 186/141/1
f 201/149/1 200/150/1 186/141/1
f 200/150/1 199/151/1 186/141/1
f 199/151/1 198/152/1 186/141/1
f 198/152/1 197/153/1 186/141/1
f 197/153/1 196/154/1 186/141/1
f 196/154/1 195/155/1 186/141/1
f 195/155/1 194/156/1 186/141/1
f 194/156/1 193/157/1 186/141/1
f 193/157/1 192/158/1 186/141/1
f 192/158/1 191/159/1 186/141/1
f 191/159/1 190/160/1 186/141/1
f 190/160/1 189/161/1 186/141/1
f 189/161/1 188/162/1 186/141/1
f 188/162/1 187/163/1 186/141/1
f 153/164/1 210/165/1 154/142/1
f 210/165/1 209/166/1 154/142/1
f 209/166/1 208/167/1 154/142/1
f 208/167/1 207/143/1 154/142/1
f 152/168/1 212/169/1 153/164/1
f 212/169/1 211/170/1 153/164/1
f 211/170/1 210/165/1 153/164/1
f 152/168/1 213/171/1 212/169/1
f 152/168/1 214/172/1 213/171/1
f 152/168/1 215/173/1 214/172/1
f 152/168/1 216/174/1 215/173/1
f 151/175/1 216/174/1 152/168/1
f 151/175/1 217/176/1 216/174/1
f 151/175/1 218/177/1 217/176/1
f 151/175/1 219/178/1 218/177/1
f 150/179/1 219/178/1 151/175/1
f 150/179/1 220/180/1 219/178/1
f 150/179/1 221/181/1 220/180/1
f 149/182/1 221/181/1 150/179/1
f 149/182/1 222/183/1 221/181/1
f 149/182/1 223/184/1 222/183/1
f 148/185/1 223/184/1 149/182/1
f 148/185/1 224/186/1 223/184/1
f 147/187/1 224/186/1 148/185/1
f 147/187/1 225/188/1 224/186/1
f 147/187/1 226/189/1 225/188/1
f 146/190/1 226/189/1 147/187/1
f 146/190/1 227/191/1 226/189/1
f 145/192/1 227/191/1 146/190/1
f 145/192/1 228/193/1 227/191/1
f 144/194/1 228/193/1 145/192/1
f 144/194/1 229/195/1 228/193/1
f 143/196/1 229/195/1 144/194/1
f 143/196/1 230/197/1 229/195/1
f 142/198/1 230/197/1 143/196/1
f 142/198/1 231/199/1 230/197/1
f 142/198/1 232/200/1 231/199/1
f 141/201/1 232/200/1 142/198/1
f 141/201/1 233/202/1 232/200/1
f 140/203/1 233/202/1 141/201/1
f 140/203/1 234/204/1 233/202/1
f 139/205/1 234/204/1 140/203/1
f 139/205/1 235/206/1 234/204/1
f 138/207/1 235/206/1 139/205/1
f 138/207/1 236/208/1 235/206/1
f 137/209/1 236/208/1 138/207/1
f 137/209/1 237/210/1 236/208/1
f 136/211/1 237/210/1 137/209/1
f 136/211/1 238/212/1 237/210/1
f 135/213/1 238/212/1 136/211/1
f 135/213/1 239/214/1 238/212/1
f 134/215/1 239/214/1 135/213/1
f 134/215/1 240/216/1 239/214/1
f 133/217/1 240/216/1 134/215/1
f 133/217/1 241/218/1 240/216/1
f 132/219/1 241/218/1 133/217/1
f 132/219/1 242/220/1 241/218/1
f 131/221/1 242/220/1 132/219/1
f 131/221/1 243/222/1 242/220/1
f 297/223/1 299/224/1 298/225/1
f 297/223/1 296/226/1 299/224/1
f 296/226/1 300/227/1 299/224/1
f 130/228/1 243/222/1 131/221/1
f 130/228/1 244/229/1 243/222/1
f 129/230/1 244/229/1 130/228/1
f 129/230/1 245/231/1 244/229/1
f 128/232/1 245/231/1 129/230/1
f 295/233/1 300/227/1 296/226/1
f 128/232/1 246/234/1 245/231/1
f 127/235/1 246/234/1 128/232/1
f 127/235/1 247/236/1 246/234/1
f 126/237/1 247/236/1 127/235/1
f 126/237/1 248/238/1 247/236/1
f 125/239/1 248/238/1 126/237/1
f 125/239/1 249/240/1 248/238/1
f 124/241/1 249/240/1 125/239/1
f 123/242/1 249/240/1 124/241/1
f 123/242/1 250/243/1 249/240/1
f 122/244/1 250/243/1 123/242/1
f 122/244/1 251/245/1 250/243/1
f 294/246/1 300/227/1 295/233/1
f 121/247/1 251/245/1 122/244/1
f 294/246/1 301/248/1 300/227/1
f 293/249/1 301/248/1 294/246/1
f 121/247/1 252/250/1 251/245/1
f 120/251/1 252/250/1 121/247/1
f 292/252/1 301/248/1 293/249/1
f 292/252/1 302/253/1 301/248/1
f 120/251/1 253/254/1 252/250/1
f 119/255/1 253/254/1 120/251/1
f 291/256/1 302/253/1 292/252/1
f 119/255/1 254/257/1 253/254/1
f 291/256/1 303/258/1 302/253/1
f 118/259/1 254/257/1 119/255/1
f 290/260/1 303/258/1 291/256/1
f 118/259/1 255/261/1 254/257/1
f 117/262/1 255/261/1 118/259/1
f 290/260/1 304/263/1 303/258/1
f 289/264/1 304/263/1 290/260/1
f 116/265/1 255/261/1 117/262/1
f 116/265/1 256/266/1 255/261/1
f 289/264/1 305/267/1 304/263/1
f 288/268/1 305/267/1 289/264/1
f 115/269/1 256/266/1 116/265/1
f 115/269/1 257/270/1 256/266/1
f 287/271/1 305/267/1 288/268/1
f 114/12/1 257/270/1 115/269/1
f 287/271/1 306/272/1 305/267/1
f 114/12/1 258/273/1 257/270/1
f 286/274/1 306/272/1 287/271/1
f 347/11/1 258/273/1 114/12/1
f 286/274/1 307/275/1 306/272/1
f 347/11/1 259/276/1 258/273/1
f 285/277/1 307/275/1 286/274/1
f 346/278/1 259/276/1 347/11/1
f 346/278/1 260/279/1 259/276/1
f 284/280/1 307/275/1 285/277/1
f 284/280/1 308/281/1 307/275/1
f 345/282/1 260/279/1 346/278/1
f 283/283/1 308/281/1 284/280/1
f 345/282/1 261/284/1 260/279/1
f 344/285/1 261/284/1 345/282/1
f 283/283/1 309/286/1 308/281/1
f 282/287/1 309/286/1 283/283/1
f 344/285/1 262/288/1 261/284/1
f 343/289/1 262/288/1 344/285/1
f 281/290/1 309/286/1 282/287/1
f 281/290/1 310/291/1 309/286/1
f 343/289/1 263/292/1 262/288/1
f 342/293/1 263/292/1 343/289/1
f 280/294/1 310/291/1 281/290/1
f 342/293/1 264/295/1 263/292/1
f 280/294/1 311/296/1 310/291/1
f 279/297/1 311/296/1 280/294/1
f 341/298/1 264/295/1 342/293/1
f 341/298/1 265/299/1 264/295/1
f 278/300/1 311/296/1 279/297/1
f 340/301/1 265/299/1 341/298/1
f 278/300/1 312/302/1 311/296/1
f 340/301/1 266/303/1 265/299/1
f 277/304/1 312/302/1 278/300/1
f 276/305/1 312/302/1 277/304/1
f 340/301/1 267/306/1 266/303/1
f 339/307/1 267/306/1 340/301/1
f 275/308/1 312/302/1 276/305/1
f 275/308/1 313/309/1 312/302/1
f 339/307/1 268/310/1 267/306/1
f 274/311/1 313/309/1 275/308/1
f 339/307/1 269/312/1 268/310/1
f 338/313/1 269/312/1 339/307/1
f 273/314/1 313/309/1 274/311/1
f 338/313/1 270/315/1 269/312/1
f 272/316/1 313/309/1 273/314/1
f 338/313/1 271/317/1 270/315/1
f 271/317/1 313/309/1 272/316/1
f 338/313/1 313/309/1 271/317/1
f 338/313/1 314/318/1 313/309/1
f 337/319/1 314/318/1 338/313/1
f 337/319/1 315/320/1 314/318/1
f 336/321/1 315/320/1 337/319/1
f 335/322/1 315/320/1 336/321/1
f 335/322/1 316/323/1 315/320/1
f 334/324/1 316/323/1 335/322/1
f 334/324/1 317/325/1 316/323/1
f 333/326/1 317/325/1 334/324/1
f 333/326/1 318/327/1 317/325/1
f 332/328/1 318/327/1 333/326/1
f 331/329/1 318/327/1 332/328/1
f 331/329/1 319/330/1 318/327/1
f 330/331/1 319/330/1 331/329/1
f 330/331/1 320/332/1 319/330/1
f 329/333/1 320/332/1 330/331/1
f 329/333/1 321/334/1 320/332/1
f 328/335/1 321/334/1 329/333/1
f 327/336/1 321/334/1 328/335/1
f 327/336/1 322/337/1 321/334/1
f 326/338/1 322/337/1 327/336/1
f 326/338/1 323/339/1 322/337/1
f 325/340/1 323/339/1 326/338/1
f 325/340/1 324/341/1 323/339/1
f 349/1/3 350/3/3 353/2/3
f 353/2/3 350/3/3 351/4/3
f 353/2/3 351/4/3 352/5/3
f 349/1/3 353/2/3 354/6/3
f 349/1/3 354/6/3 357/7/3
f 357/7/3 354/6/3 355/8/3
f 357/7/3 355/8/3 356/9/3
f 349/1/3 357/7/3 358/10/3
f 349/1/3 358/10/3 359/11/3
f 349/1/3 359/11/3 348/12/3
f 436/11/3 360/12/3 422/13/3
f 422/13/3 360/12/3 361/14/3
f 422/13/3 361/14/3 421/15/3
f 421/15/3 361/14/3 362/16/3
f 376/17/3 377/19/3 405/18/3
f 405/18/3 377/19/3 378/20/3
f 405/18/3 378/20/3 404/21/3
f 404/21/3 378/20/3 379/22/3
f 436/11/3 422/13/3 423/23/3
f 420/24/3 421/15/3 362/16/3
f 376/17/3 405/18/3 406/25/3
f 403/26/3 404/21/3 379/22/3
f 419/27/3 420/24/3 362/16/3
f 402/28/3 403/26/3 379/22/3
f 418/29/4 419/27/4 362/16/4
f 401/30/3 402/28/3 379/22/3
f 417/31/3 418/29/3 362/16/3
f 436/11/3 423/23/3 424/32/3
f 400/33/3 401/30/3 379/22/3
f 416/34/3 417/31/3 362/16/3
f 399/35/3 400/33/3 379/22/3
f 415/36/3 416/34/3 362/16/3
f 398/37/3 399/35/3 379/22/3
f 436/11/3 424/32/3 425/38/3
f 414/39/3 415/36/3 362/16/3
f 397/40/3 398/37/3 379/22/3
f 396/41/3 397/40/3 379/22/3
f 413/42/3 414/39/3 362/16/3
f 395/43/3 396/41/3 379/22/3
f 412/44/3 413/42/3 362/16/3
f 436/11/3 425/38/3 426/45/3
f 394/46/3 395/43/3 379/22/3
f 411/47/3 412/44/3 362/16/3
f 393/48/3 394/46/3 379/22/3
f 410/49/3 411/47/3 362/16/3
f 392/50/3 393/48/3 379/22/3
f 436/11/3 426/45/3 427/51/3
f 409/52/3 410/49/3 362/16/3
f 391/53/3 392/50/3 379/22/3
f 408/54/3 409/52/3 362/16/3
f 390/55/3 391/53/3 379/22/3
f 436/11/3 427/51/3 428/56/3
f 389/57/3 390/55/3 379/22/3
f 436/11/3 428/56/3 429/58/3
f 388/59/3 389/57/3 379/22/3
f 436/11/3 429/58/3 430/60/3
f 376/17/3 406/25/3 407/61/3
f 387/62/3 388/59/3 379/22/3
f 436/11/3 430/60/3 431/63/3
f 386/64/3 387/62/3 379/22/3
f 436/11/3 431/63/3 432/65/3
f 436/11/3 432/65/3 433/66/3
f 385/67/3 386/64/3 379/22/3
f 436/11/3 433/66/3 434/68/3
f 436/11/3 434/68/3 435/69/3
f 384/70/3 385/67/3 379/22/3
f 383/71/3 384/70/3 379/22/3
f 408/54/3 362/16/3 363/72/3
f 382/73/3 383/71/3 379/22/3
f 408/54/3 363/72/3 364/74/3
f 408/54/3 364/74/3 365/75/3
f 408/54/3 365/75/3 366/76/3
f 408/54/3 366/76/3 367/77/3
f 375/78/3 376/17/3 407/61/3
f 408/54/3 367/77/3 368/79/3
f 381/80/3 382/73/3 379/22/3
f 408/54/3 368/79/3 369/81/3
f 408/54/3 369/81/3 370/82/3
f 408/54/3 370/82/3 371/83/3
f 408/54/3 371/83/3 372/84/3
f 408/54/3 372/84/3 373/85/3
f 380/86/3 381/80/3 379/22/3
f 408/54/3 373/85/3 374/87/3
f 408/54/3 374/87/3 375/78/3
f 408/54/3 375/78/3 407/61/3
f 438/88/3 439/90/3 440/89/3
f 438/88/3 440/89/3 448/91/3
f 448/91/3 440/89/3 447/92/3
f 447/92/3 440/89/3 441/93/3
f 438/88/3 448/91/3 449/94/3
f 446/95/3 447/92/3 441/93/3
f 438/88/3 449/94/3 450/96/3
f 438/88/3 450/96/3 451/97/3
f 438/88/3 451/97/3 452/98/3
f 438/88/3 452/98/3 453/99/3
f 438/88/3 453/99/3 454/100/3
f 438/88/3 454/100/3 455/101/3
f 438/88/3 455/101/3 456/102/3
f 438/88/3 456/102/3 457/103/3
f 438/88/3 457/103/3 458/104/3
f 438/88/3 458/104/3 459/105/3
f 438/88/3 459/105/3 460/11/3
f 438/88/3 460/11/3 445/106/3
f 438/88/3 445/106/3 444/107/3
f 444/107/3 445/106/3 446/95/3
f 444/107/3 446/95/3 443/108/3
f 443/108/3 446/95/3 441/93/3
f 438/88/3 444/107/3 437/12/3
f 442/109/3 443/108/3 441/93/3
f 508/110/3 509/112/3 510/111/3
f 508/110/3 510/111/3 511/113/3
f 508/110/3 511/113/3 512/114/3
f 508/110/3 512/114/3 513/115/3
f 507/116/3 508/110/3 513/115/3
f 507/116/3 513/115/3 514/117/3
f 507/116/3 514/117/3 515/118/3
f 507/116/3 515/118/3 516/119/3
f 506/120/3 507/116/3 516/119/3
f 506/120/3 516/119/3 517/121/3
f 506/120/3 517/121/3 518/122/3
f 506/120/3 518/122/3 519/123/3
f 505/124/3 506/120/3 519/123/3
f 505/124/3 519/123/3 520/125/3
f 505/124/3 520/125/3 521/126/3
f 505/124/3 521/126/3 522/127/3
f 504/128/3 505/124/3 522/127/3
f 504/128/3 522/127/3 523/129/3
f 504/128/3 523/129/3 524/130/3
f 504/128/3 524/130/3 525/131/3
f 503/132/3 504/128/3 525/131/3
f 503/132/3 525/131/3 526/133/3
f 503/132/3 526/133/3 527/134/3
f 503/132/3 527/134/3 528/135/3
f 503/132/3 528/135/3 529/136/3
f 502/137/3 503/132/3 529/136/3
f 502/137/3 529/136/3 530/138/3
f 502/137/3 530/138/3 531/139/3
f 502/137/3 531/139/3 532/140/3
f 502/137/3 532/140/3 533/141/3
f 501/142/3 502/137/3 533/141/3
f 501/142/3 533/141/3 554/143/3
f 554/143/3 533/141/3 553/144/3
f 553/144/3 533/141/3 552/145/3
f 552/145/3 533/141/3 551/146/3
f 551/146/3 533/141/3 550/147/3
f 550/147/3 533/141/3 549/148/3
f 549/148/3 533/141/3 548/149/3
f 548/149/3 533/141/3 547/150/3
f 547/150/3 533/141/3 546/151/3
f 546/151/3 533/141/3 545/152/3
f 545/152/3 533/141/3 544/153/3
f 544/153/3 533/141/3 543/154/3
f 543/154/3 533/141/3 542/155/3
f 542/155/3 533/141/3 541/156/3
f 541/156/3 533/141/3 540/157/3
f 540/157/3 533/141/3 539/158/3
f 539/158/3 533/141/3 538/159/3
f 538/159/3 533/141/3 537/160/3
f 537/160/3 533/141/3 536/161/3
f 536/161/3 533/141/3 535/162/3
f 535/162/3 533/141/3 534/163/3
f 500/164/3 501/142/3 557/165/3
f 557/165/3 501/142/3 556/166/3
f 556/166/3 501/142/3 555/167/3
f 555/167/3 501/142/3 554/143/3
f 499/168/3 500/164/3 559/169/3
f 559/169/3 500/164/3 558/170/3
f 558/170/3 500/164/3 557/165/3
f 499/168/3 559/169/3 560/171/3
f 499/168/3 560/171/3 561/172/3
f 499/168/3 561/172/3 562/173/3
f 499/168/3 562/173/3 563/174/3
f 498/175/3 499/168/3 563/174/3
f 498/175/3 563/174/3 564/176/3
f 498/175/3 564/176/3 565/177/3
f 498/175/3 565/177/3 566/178/3
f 497/179/3 498/175/3 566/178/3
f 497/179/3 566/178/3 567/180/3
f 497/179/3 567/180/3 568/181/3
f 496/182/3 497/179/3 568/181/3
f 496/182/3 568/181/3 569/183/3
f 496/182/3 569/183/3 570/184/3
f 495/185/3 496/182/3 570/184/3
f 495/185/3 570/184/3 571/186/3
f 494/187/3 495/185/3 571/186/3
f 494/187/3 571/186/3 572/188/3
f 494/187/3 572/188/3 573/189/3
f 493/190/3 494/187/3 573/189/3
f 493/190/3 573/189/3 574/191/3
f 492/192/3 493/190/3 574/191/3
f 492/192/3 574/191/3 575/193/3
f 491/194/3 492/192/3 575/193/3
f 491/194/3 575/193/3 576/195/3
f 490/196/3 491/194/3 576/195/3
f 490/196/3 576/195/3 577/197/3
f 489/198/3 490/196/3 577/197/3
f 489/198/3 577/197/3 578/199/3
f 489/198/3 578/199/3 579/200/3
f 488/201/3 489/198/3 579/200/3
f 488/201/3 579/200/3 580/202/3
f 487/203/3 488/201/3 580/202/3
f 487/203/3 580/202/3 581/204/3
f 486/205/3 487/203/3 581/204/3
f 486/205/3 581/204/3 582/206/3
f 485/207/3 486/205/3 582/206/3
f 485/207/3 582/206/3 583/208/3
f 484/209/3 485/207/3 583/208/3
f 484/209/3 583/208/3 584/210/3
f 483/211/3 484/209/3 584/210/3
f 483/211/3 584/210/3 585/212/3
f 482/213/3 483/211/3 585/212/3
f 482/213/3 585/212/3 586/214/3
f 481/215/3 482/213/3 586/214/3
f 481/215/3 586/214/3 587/216/3
f 480/217/3 481/215/3 587/216/3
f 480/217/3 587/216/3 588/218/3
f 479/219/3 480/217/3 588/218/3
f 479/219/3 588/218/3 589/220/3
f 478/221/3 479/219/3 589/220/3
f 478/221/3 589/220/3 590/222/3
f 644/223/3 645/225/3 646/224/3
f 644/223/3 646/224/3 643/226/3
f 643/226/3 646/224/3 647/227/3
f 477/228/3 478/221/3 590/222/3
f 477/228/3 590/222/3 591/229/3
f 476/230/3 477/228/3 591/229/3
f 476/230/3 591/229/3 592/231/3
f 475/232/3 476/230/3 592/231/3
f 642/233/3 643/226/3 647/227/3
f 475/232/3 592/231/3 593/234/3
f 474/235/3 475/232/3 593/234/3
f 474/235/3 593/234/3 594/236/3
f 473/237/3 474/235/3 594/236/3
f 473/237/3 594/236/3 595/238/3
f 472/239/3 473/237/3 595/238/3
f 472/239/3 595/238/3 596/240/3
f 471/241/3 472/239/3 596/240/3
f 470/242/3 471/241/3 596/240/3
f 470/242/3 596/240/3 597/243/3
f 469/244/3 470/242/3 597/243/3
f 469/244/3 597/243/3 598/245/3
f 641/246/3 642/233/3 647/227/3
f 468/247/3 469/244/3 598/245/3
f 641/246/3 647/227/3 648/248/3
f 640/249/3 641/246/3 648/248/3
f 468/247/3 598/245/3 599/250/3
f 467/251/3 468/247/3 599/250/3
f 639/252/3 640/249/3 648/248/3
f 639/252/3 648/248/3 649/253/3
f 467/251/3 599/250/3 600/254/3
f 466/255/3 467/251/3 600/254/3
f 638/256/3 639/252/3 649/253/3
f 466/255/3 600/254/3 601/257/3
f 638/256/3 649/253/3 650/258/3
f 465/259/3 466/255/3 601/257/3
f 637/260/3 638/256/3 650/258/3
f 465/259/3 601/257/3 602/261/3
f 464/262/3 465/259/3 602/261/3
f 637/260/3 650/258/3 651/263/3
f 636/264/3 637/260/3 651/263/3
f 463/265/3 464/262/3 602/261/3
f 463/265/3 602/261/3 603/266/3
f 636/264/3 651/263/3 652/267/3
f 635/268/3 636/264/3 652/267/3
f 462/269/3 463/265/3 603/266/3
f 462/269/3 603/266/3 604/270/3
f 634/271/3 635/268/3 652/267/3
f 461/12/3 462/269/3 604/270/3
f 634/271/3 652/267/3 653/272/3
f 461/12/3 604/270/3 605/273/3
f 633/274/3 634/271/3 653/272/3
f 694/11/3 461/12/3 605/273/3
f 633/274/3 653/272/3 654/275/3
f 694/11/3 605/273/3 606/276/3
f 632/277/3 633/274/3 654/275/3
f 693/278/3 694/11/3 606/276/3
f 693/278/3 606/276/3 607/279/3
f 631/280/3 632/277/3 654/275/3
f 631/280/3 654/275/3 655/281/3
f 692/282/3 693/278/3 607/279/3
f 630/283/3 631/280/3 655/281/3
f 692/282/3 607/279/3 608/284/3
f 691/285/3 692/282/3 608/284/3
f 630/283/3 655/281/3 656/286/3
f 629/287/3 630/283/3 656/286/3
f 691/285/3 608/284/3 609/288/3
f 690/289/3 691/285/3 609/288/3
f 628/290/3 629/287/3 656/286/3
f 628/290/3 656/286/3 657/291/3
f 690/289/3 609/288/3 610/292/3
f 689/293/3 690/289/3 610/292/3
f 627/294/3 628/290/3 657/291/3
f 689/293/3 610/292/3 611/295/3
f 627/294/3 657/291/3 658/296/3
f 626/297/3 627/294/3 658/296/3
f 688/298/3 689/293/3 611/295/3
f 688/298/3 611/295/3 612/299/3
f 625/300/3 626/297/3 658/296/3
f 687/301/3 688/298/3 612/299/3
f 625/300/3 658/296/3 659/302/3
f 687/301/3 612/299/3 613/303/3
f 624/304/3 625/300/3 659/302/3
f 623/305/3 624/304/3 659/302/3
f 687/301/3 613/303/3 614/306/3
f 686/307/3 687/301/3 614/306/3
f 622/308/3 623/305/3 659/302/3
f 622/308/3 659/302/3 660/309/3
f 686/307/3 614/306/3 615/310/3
f 621/311/3 622/308/3 660/309/3
f 686/307/3 615/310/3 616/312/3
f 685/313/3 686/307/3 616/312/3
f 620/314/3 621/311/3 660/309/3
f 685/313/3 616/312/3 617/315/3
f 619/316/3 620/314/3 660/309/3
f 685/313/3 617/315/3 618/317/3
f 618/317/3 619/316/3 660/309/3
f 685/313/3 618/317/3 660/309/3
f 685/313/3 660/309/3 661/318/3
f 684/319/3 685/313/3 661/318/3
f 684/319/3 661/318/3 662/320/3
f 683/321/3 684/319/3 662/320/3
f 682/322/3 683/321/3 662/320/3
f 682/322/3 662/320/3 663/323/3
f 681/324/3 682/322/3 663/323/3
f 681/324/3 663/323/3 664/325/3
f 680/326/3 681/324/3 664/325/3
f 680/326/3 664/325/3 665/327/3
f 679/328/3 680/326/3 665/327/3
f 678/329/3 679/328/3 665/327/3
f 678/329/3 665/327/3 666/330/3
f 677/331/3 678/329/3 666/330/3
f 677/331/3 666/330/3 667/332/3
f 676/333/3 677/331/3 667/332/3
f 676/333/3 667/332/3 668/334/3
f 675/335/3 676/333/3 668/334/3
f 674/336/3 675/335/3 668/334/3
f 674/336/3 668/334/3 669/337/3
f 673/338/3 674/336/3 669/337/3
f 673/338/3 669/337/3 670/339/3
f 672/340/3 673/338/3 670/339/3
f 672/340/3 670/339/3 671/341/3
s 1
f 696/342/5 707/343/6 695/12/7
f 697/344/8 708/345/9 696/342/5
f 698/346/10 709/347/11 697/344/8
f 699/348/12 710/349/13 698/346/10
f 700/350/14 711/351/15 699/348/12
f 713/352/16 700/350/14 701/353/17
f 714/354/18 701/353/17 702/355/19
f 715/356/20 702/355/19 703/357/21
f 716/358/22 703/357/21 704/359/23
f 717/360/24 704/359/23 705/361/25
f 718/362/26 705/361/25 706/363/27
f 720/364/28 707/343/6 708/345/9
f 721/365/29 708/345/9 709/347/11
f 722/366/30 709/347/11 710/349/13
f 723/367/31 710/349/13 711/351/15
f 724/368/32 711/351/15 712/369/33
f 725/370/34 712/369/33 713/352/16
f 714/354/18 725/370/34 713/352/16
f 715/356/20 726/371/35 714/354/18
f 716/358/22 727/372/36 715/356/20
f 717/360/24 728/373/37 716/358/22
f 718/362/26 729/374/38 717/360/24
f 732/375/39 719/376/40 720/364/28
f 733/377/41 720/364/28 721/365/29
f 734/378/42 721/365/29 722/366/30
f 735/379/43 722/366/30 723/367/31
f 736/380/44 723/367/31 724/368/32
f 737/381/45 724/368/32 725/370/34
f 726/371/35 737/381/45 725/370/34
f 727/372/36 738/382/46 726/371/35
f 728/373/37 739/383/47 727/372/36
f 729/374/38 740/384/48 728/373/37
f 730/385/49 741/386/50 729/374/38
f 744/387/51 731/388/52 732/375/39
f 745/389/53 732/375/39 733/377/41
f 746/390/54 733/377/41 734/378/42
f 747/391/55 734/378/42 735/379/43
f 748/392/56 735/379/43 736/380/44
f 749/393/57 736/380/44 737/381/45
f 738/382/46 749/393/57 737/381/45
f 739/383/47 750/394/58 738/382/46
f 740/384/48 751/395/59 739/383/47
f 741/386/50 752/396/60 740/384/48
f 742/397/61 753/398/62 741/386/50
f 756/399/63 743/400/64 744/387/51
f 757/401/65 744/387/51 745/389/53
f 758/402/66 745/389/53 746/390/54
f 759/403/67 746/390/54 747/391/55
f 760/404/68 747/391/55 748/392/56
f 761/405/69 748/392/56 749/393/57
f 750/394/58 761/405/69 749/393/57
f 751/395/59 762/406/70 750/394/58
f 752/396/60 763/407/71 751/395/59
f 753/398/62 764/408/72 752/396/60
f 754/409/73 765/410/74 753/398/62
f 768/411/75 755/412/76 756/399/63
f 769/413/77 756/399/63 757/401/65
f 770/414/78 757/401/65 758/402/66
f 771/415/79 758/402/66 759/403/67
f 772/416/80 759/403/67 760/404/68
f 773/417/81 760/404/68 761/405/69
f 762/406/70 773/417/81 761/405/69
f 763/407/71 774/418/82 762/406/70
f 764/408/72 775/419/83 763/407/71
f 765/410/74 776/420/84 764/408/72
f 766/421/85 777/422/86 765/410/74
f 780/423/87 767/424/88 768/411/75
f 781/425/89 768/411/75 769/413/77
f 782/426/90 769/413/77 770/414/78
f 783/427/91 770/414/78 771/415/79
f 784/428/92 771/415/79 772/416/80
f 785/429/93 772/416/80 773/417/81
f 774/418/82 785/429/93 773/417/81
f 775/419/83 786/430/94 774/418/82
f 776/420/84 787/431/95 775/419/83
f 777/422/86 788/432/96 776/420/84
f 778/433/97 789/434/98 777/422/86
f 792/435/99 779/436/100 780/423/87
f 793/437/101 780/423/87 781/425/89
f 794/438/102 781/425/89 782/426/90
f 795/439/103 782/426/90 783/427/91
f 796/440/104 783/427/91 784/428/92
f 797/441/105 784/428/92 785/429/93
f 786/430/94 797/441/105 785/429/93
f 787/431/95 798/442/106 786/430/94
f 788/432/96 799/443/107 787/431/95
f 789/434/98 800/444/108 788/432/96
f 790/445/109 801/446/110 789/434/98
f 804/447/111 791/448/112 792/435/99
f 805/449/113 792/435/99 793/437/101
f 806/450/114 793/437/101 794/438/102
f 807/451/115 794/438/102 795/439/103
f 808/452/116 795/439/103 796/440/104
f 809/453/117 796/440/104 797/441/105
f 798/442/106 809/453/117 797/441/105
f 799/443/107 810/454/118 798/442/106
f 800/444/108 811/455/119 799/443/107
f 801/446/110 812/456/120 800/444/108
f 802/457/121 813/458/122 801/446/110
f 816/459/123 803/460/124 804/447/111
f 817/461/125 804/447/111 805/449/113
f 818/462/126 805/449/113 806/450/114
f 819/463/127 806/450/114 807/451/115
f 820/464/128 807/451/115 808/452/116
f 821/465/129 808/452/116 809/453/117
f 810/454/118 821/465/129 809/453/117
f 811/455/119 822/466/130 810/454/118
f 812/456/120 823/467/131 811/455/119
f 813/458/122 824/468/132 812/456/120
f 814/469/133 825/470/134 813/458/122
f 828/471/135 815/472/136 816/459/123
f 829/473/137 816/459/123 817/461/125
f 830/474/138 817/461/125 818/462/126
f 831/475/139 818/462/126 819/463/127
f 832/476/140 819/463/127 820/464/128
f 833/477/141 820/464/128 821/465/129
f 822/466/130 833/477/141 821/465/129
f 823/467/131 834/478/142 822/466/130
f 824/468/132 835/479/143 823/467/131
f 825/470/134 836/480/144 824/468/132
f 826/481/145 837/482/146 825/470/134
f 840/483/147 827/484/148 828/471/135
f 841/485/149 828/471/135 829/473/137
f 842/486/150 829/473/137 830/474/138
f 843/487/151 830/474/138 831/475/139
f 844/488/152 831/475/139 832/476/140
f 845/489/153 832/476/140 833/477/141
f 834/478/142 845/489/153 833/477/141
f 835/479/143 846/490/154 834/478/142
f 836/480/144 847/491/155 835/479/143
f 837/482/146 848/492/156 836/480/144
f 838/493/157 849/494/158 837/482/146
f 840/483/147 851/495/159 839/496/160
f 841/485/149 852/497/161 840/483/147
f 842/486/150 853/498/162 841/485/149
f 843/487/151 854/499/163 842/486/150
f 844/488/152 855/500/164 843/487/151
f 857/501/165 844/488/152 845/489/153
f 858/502/166 845/489/153 846/490/154
f 859/503/167 846/490/154 847/491/155
f 860/504/168 847/491/155 848/492/156
f 861/505/169 848/492/156 849/494/158
f 862/506/170 849/494/158 850/507/171
f 864/508/172 851/495/159 852/497/161
f 865/509/173 852/497/161 853/498/162
f 866/510/174 853/498/162 854/499/163
f 867/511/175 854/499/163 855/500/164
f 868/512/176 855/500/164 856/513/177
f 869/514/178 856/513/177 857/501/165
f 858/502/166 869/514/178 857/501/165
f 859/503/167 870/515/179 858/502/166
f 860/504/168 871/516/180 859/503/167
f 861/505/169 872/517/181 860/504/168
f 862/506/170 873/518/182 861/505/169
f 876/519/183 863/520/184 864/508/172
f 877/521/185 864/508/172 865/509/173
f 878/522/186 865/509/173 866/510/174
f 879/523/187 866/510/174 867/511/175
f 880/524/188 867/511/175 868/512/176
f 881/525/189 868/512/176 869/514/178
f 870/515/179 881/525/189 869/514/178
f 871/516/180 882/526/190 870/515/179
f 872/517/181 883/527/191 871/516/180
f 873/518/182 884/528/192 872/517/181
f 874/529/193 885/530/194 873/518/182
f 888/531/195 875/532/196 876/519/183
f 889/533/197 876/519/183 877/521/185
f 890/534/198 877/521/185 878/522/186
f 891/535/199 878/522/186 879/523/187
f 892/536/200 879/523/187 880/524/188
f 893/537/201 880/524/188 881/525/189
f 882/526/190 893/537/201 881/525/189
f 883/527/191 894/538/202 882/526/190
f 884/528/192 895/539/203 883/527/191
f 885/530/194 896/540/204 884/528/192
f 886/541/205 897/542/206 885/530/194
f 900/543/207 887/544/208 888/531/195
f 901/545/209 888/531/195 889/533/197
f 902/546/210 889/533/197 890/534/198
f 903/547/211 890/534/198 891/535/199
f 904/548/212 891/535/199 892/536/200
f 905/549/213 892/536/200 893/537/201
f 894/538/202 905/549/213 893/537/201
f 895/539/203 906/550/214 894/538/202
f 896/540/204 907/551/215 895/539/203
f 897/542/206 908/552/216 896/540/204
f 898/553/217 909/554/218 897/542/206
f 912/555/219 899/556/220 900/543/207
f 913/557/221 900/543/207 901/545/209
f 914/558/222 901/545/209 902/546/210
f 915/559/223 902/546/210 903/547/211
f 916/560/224 903/547/211 904/548/212
f 917/561/225 904/548/212 905/549/213
f 906/550/214 917/561/225 905/549/213
f 907/551/215 918/562/226 906/550/214
f 908/552/216 919/563/227 907/551/215
f 909/554/218 920/564/228 908/552/216
f 910/565/229 921/566/230 909/554/218
f 924/567/231 911/568/232 912/555/219
f 925/569/233 912/555/219 913/557/221
f 926/570/234 913/557/221 914/558/222
f 927/571/235 914/558/222 915/559/223
f 928/572/236 915/559/223 916/560/224
f 929/573/237 916/560/224 917/561/225
f 918/562/226 929/573/237 917/561/225
f 919/563/227 930/574/238 918/562/226
f 920/564/228 931/575/239 919/563/227
f 921/566/230 932/576/240 920/564/228
f 922/577/241 933/578/242 921/566/230
f 936/579/243 923/580/244 924/567/231
f 937/581/245 924/567/231 925/569/233
f 938/582/246 925/569/233 926/570/234
f 939/583/247 926/570/234 927/571/235
f 940/584/248 927/571/235 928/572/236
f 941/585/249 928/572/236 929/573/237
f 930/574/238 941/585/249 929/573/237
f 931/575/239 942/586/250 930/574/238
f 932/576/240 943/587/251 931/575/239
f 933/578/242 944/588/252 932/576/240
f 934/589/253 945/590/254 933/578/242
f 948/591/255 935/592/256 936/579/243
f 949/593/257 936/579/243 937/581/245
f 950/594/258 937/581/245 938/582/246
f 951/595/259 938/582/246 939/583/247
f 952/596/260 939/583/247 940/584/248
f 953/597/261 940/584/248 941/585/249
f 942/586/250 953/597/261 941/585/249
f 943/587/251 954/598/262 942/586/250
f 944/588/252 955/599/263 943/587/251
f 945/590/254 956/600/264 944/588/252
f 946/601/265 957/602/266 945/590/254
f 960/603/267 947/604/268 948/591/255
f 961/605/269 948/591/255 949/593/257
f 962/606/270 949/593/257 950/594/258
f 963/607/271 950/594/258 951/595/259
f 964/608/272 951/595/259 952/596/260
f 965/609/273 952/596/260 953/597/261
f 954/598/262 965/609/273 953/597/261
f 955/599/263 966/610/274 954/598/262
f 956/600/264 967/611/275 955/599/263
f 957/602/266 968/612/276 956/600/264
f 958/613/277 969/614/278 957/602/266
f 972/615/279 959/616/280 960/603/267
f 973/617/281 960/603/267 961/605/269
f 974/618/282 961/605/269 962/606/270
f 975/619/283 962/606/270 963/607/271
f 976/620/284 963/607/271 964/608/272
f 977/621/285 964/608/272 965/609/273
f 966/610/274 977/621/285 965/609/273
f 967/611/275 978/622/286 966/610/274
f 968/612/276 979/623/287 967/611/275
f 969/614/278 980/624/288 968/612/276
f 970/625/289 981/626/290 969/614/278
f 972/615/279 983/627/291 971/628/292
f 973/617/281 984/629/293 972/615/279
f 974/618/282 985/630/294 973/617/281
f 975/619/283 986/631/295 974/618/282
f 976/620/284 987/632/296 975/619/283
f 989/633/297 976/620/284 977/621/285
f 990/634/298 977/621/285 978/622/286
f 991/635/299 978/622/286 979/623/287
f 992/636/300 979/623/287 980/624/288
f 993/637/301 980/624/288 981/626/290
f 994/638/302 981/626/290 982/639/303
f 984/629/293 995/640/304 983/627/291
f 985/630/294 996/641/305 984/629/293
f 986/631/295 997/642/306 985/630/294
f 987/632/296 998/643/307 986/631/295
f 988/644/308 999/645/309 987/632/296
f 1001/646/310 988/644/308 989/633/297
f 1002/647/311 989/633/297 990/634/298
f 1003/648/312 990/634/298 991/635/299
f 1004/649/313 991/635/299 992/636/300
f 1005/650/314 992/636/300 993/637/301
f 1006/651/315 993/637/301 994/638/302
f 996/641/305 1007/652/316 995/640/304
f 997/642/306 1008/653/317 996/641/305
f 998/643/307 1009/654/318 997/642/306
f 999/645/309 1010/655/319 998/643/307
f 1000/656/320 1011/657/321 999/645/309
f 1013/658/322 1000/656/320 1001/646/310
f 1014/659/323 1001/646/310 1002/647/311
f 1015/660/324 1002/647/311 1003/648/312
f 1016/661/325 1003/648/312 1004/649/313
f 1017/662/326 1004/649/313 1005/650/314
f 1018/663/327 1005/650/314 1006/651/315
f 1008/653/317 1019/664/328 1007/652/316
f 1009/654/318 1020/665/329 1008/653/317
f 1010/655/319 1021/666/330 1009/654/318
f 1011/657/321 1022/667/331 1010/655/319
f 1012/668/332 1023/669/333 1011/657/321
f 1025/670/334 1012/668/332 1013/658/322
f 1026/671/335 1013/658/322 1014/659/323
f 1027/672/336 1014/659/323 1015/660/324
f 1028/673/337 1015/660/324 1016/661/325
f 1029/674/338 1016/661/325 1017/662/326
f 1030/675/339 1017/662/326 1018/663/327
f 1032/676/340 1019/664/328 1020/665/329
f 1033/677/341 1020/665/329 1021/666/330
f 1034/678/342 1021/666/330 1022/667/331
f 1023/669/333 1034/678/342 1022/667/331
f 1024/679/343 1035/680/344 1023/669/333
f 1037/681/345 1024/679/343 1025/670/334
f 1038/682/346 1025/670/334 1026/671/335
f 1039/683/347 1026/671/335 1027/672/336
f 1028/673/337 1039/683/347 1027/672/336
f 1029/674/338 1040/684/348 1028/673/337
f 1030/675/339 1041/685/349 1029/674/338
f 1044/686/350 1031/687/351 1032/676/340
f 1045/688/352 1032/676/340 1033/677/341
f 1046/689/353 1033/677/341 1034/678/342
f 1047/690/354 1034/678/342 1035/680/344
f 1048/691/355 1035/680/344 1036/692/356
f 1049/693/357 1036/692/356 1037/681/345
f 1038/682/346 1049/693/357 1037/681/345
f 1039/683/347 1050/694/358 1038/682/346
f 1040/684/348 1051/695/359 1039/683/347
f 1041/685/349 1052/696/360 1040/684/348
f 1042/697/361 1053/698/362 1041/685/349
f 1056/699/363 1043/700/364 1044/686/350
f 1057/701/365 1044/686/350 1045/688/352
f 1058/702/366 1045/688/352 1046/689/353
f 1059/703/367 1046/689/353 1047/690/354
f 1060/704/368 1047/690/354 1048/691/355
f 1061/705/369 1048/691/355 1049/693/357
f 1050/694/358 1061/705/369 1049/693/357
f 1051/695/359 1062/706/370 1050/694/358
f 1052/696/360 1063/707/371 1051/695/359
f 1053/698/362 1064/708/372 1052/696/360
f 1054/709/373 1065/710/374 1053/698/362
f 1068/711/375 1055/712/376 1056/699/363
f 1069/713/377 1056/699/363 1057/701/365
f 1070/714/378 1057/701/365 1058/702/366
f 1071/715/379 1058/702/366 1059/703/367
f 1072/716/380 1059/703/367 1060/704/368
f 1073/717/381 1060/704/368 1061/705/369
f 1062/706/370 1073/717/381 1061/705/369
f 1063/707/371 1074/718/382 1062/706/370
f 1064/708/372 1075/719/383 1063/707/371
f 1065/710/374 1076/720/384 1064/708/372
f 1066/721/385 1077/722/386 1065/710/374
f 1080/723/387 1067/724/388 1068/711/375
f 1081/725/389 1068/711/375 1069/713/377
f 1082/726/390 1069/713/377 1070/714/378
f 1083/727/391 1070/714/378 1071/715/379
f 1084/728/392 1071/715/379 1072/716/380
f 1085/729/393 1072/716/380 1073/717/381
f 1074/718/382 1085/729/393 1073/717/381
f 1075/719/383 1086/730/394 1074/718/382
f 1076/720/384 1087/731/395 1075/719/383
f 1077/722/386 1088/732/396 1076/720/384
f 1078/733/397 1089/734/398 1077/722/386
f 1092/735/399 1079/736/400 1080/723/387
f 1093/737/401 1080/723/387 1081/725/389
f 1094/738/402 1081/725/389 1082/726/390
f 1095/739/403 1082/726/390 1083/727/391
f 1096/740/404 1083/727/391 1084/728/392
f 1097/741/405 1084/728/392 1085/729/393
f 1086/730/394 1097/741/405 1085/729/393
f 1087/731/395 1098/742/406 1086/730/394
f 1088/732/396 1099/743/407 1087/731/395
f 1089/734/398 1100/744/408 1088/732/396
f 1090/745/409 1101/746/410 1089/734/398
f 1104/747/411 1091/748/412 1092/735/399
f 1105/749/413 1092/735/399 1093/737/401
f 1106/750/414 1093/737/401 1094/738/402
f 1107/751/415 1094/738/402 1095/739/403
f 1108/752/416 1095/739/403 1096/740/404
f 1109/753/417 1096/740/404 1097/741/405
f 1098/742/406 1109/753/417 1097/741/405
f 1099/743/407 1110/754/418 1098/742/406
f 1100/744/408 1111/755/419 1099/743/407
f 1101/746/410 1112/756/420 1100/744/408
f 1102/757/421 1113/758/422 1101/746/410
f 1116/759/423 1103/760/424 1104/747/411
f 1117/761/425 1104/747/411 1105/749/413
f 1118/762/426 1105/749/413 1106/750/414
f 1119/763/427 1106/750/414 1107/751/415
f 1120/764/428 1107/751/415 1108/752/416
f 1121/765/429 1108/752/416 1109/753/417
f 1110/754/418 1121/765/429 1109/753/417
f 1111/755/419 1122/766/430 1110/754/418
f 1112/756/420 1123/767/431 1111/755/419
f 1113/758/422 1124/768/432 1112/756/420
f 1114/769/433 1125/770/434 1113/758/422
f 1116/759/423 1127/771/435 1115/772/436
f 1117/761/425 1128/773/437 1116/759/423
f 1118/762/426 1129/774/438 1117/761/425
f 1119/763/427 1130/775/439 1118/762/426
f 1120/764/428 1131/776/440 1119/763/427
f 1133/777/441 1120/764/428 1121/765/429
f 1134/778/442 1121/765/429 1122/766/430
f 1135/779/443 1122/766/430 1123/767/431
f 1136/780/444 1123/767/431 1124/768/432
f 1137/781/445 1124/768/432 1125/770/434
f 1138/782/446 1125/770/434 1126/783/447
f 1128/773/437 1139/784/448 1127/771/435
f 1129/774/438 1140/785/449 1128/773/437
f 1130/775/439 1141/786/450 1129/774/438
f 1131/776/440 1142/787/451 1130/775/439
f 1132/788/452 1143/789/453 1131/776/440
f 1145/790/454 1132/788/452 1133/777/441
f 1146/791/455 1133/777/441 1134/778/442
f 1147/792/456 1134/778/442 1135/779/443
f 1148/793/457 1135/779/443 1136/780/444
f 1149/794/458 1136/780/444 1137/781/445
f 1150/795/459 1137/781/445 1138/782/446
f 1152/796/460 1139/784/448 1140/785/449
f 1153/797/461 1140/785/449 1141/786/450
f 1154/798/462 1141/786/450 1142/787/451
f 1155/799/463 1142/787/451 1143/789/453
f 1156/800/464 1143/789/453 1144/801/465
f 1157/802/466 1144/801/465 1145/790/454
f 1146/791/455 1157/802/466 1145/790/454
f 1147/792/456 1158/803/467 1146/791/455
f 1148/793/457 1159/804/468 1147/792/456
f 1149/794/458 1160/805/469 1148/793/457
f 1150/795/459 1161/806/470 1149/794/458
f 1164/807/471 1151/808/472 1152/796/460
f 1165/809/473 1152/796/460 1153/797/461
f 1166/810/474 1153/797/461 1154/798/462
f 1167/811/475 1154/798/462 1155/799/463
f 1168/812/476 1155/799/463 1156/800/464
f 1169/813/477 1156/800/464 1157/802/466
f 1158/803/467 1169/813/477 1157/802/466
f 1159/804/468 1170/814/478 1158/803/467
f 1160/805/469 1171/815/479 1159/804/468
f 1161/806/470 1172/816/480 1160/805/469
f 1162/817/481 1173/818/482 1161/806/470
f 1176/819/483 1163/820/484 1164/807/471
f 1177/821/485 1164/807/471 1165/809/473
f 1178/822/486 1165/809/473 1166/810/474
f 1179/823/487 1166/810/474 1167/811/475
f 1180/824/488 1167/811/475 1168/812/476
f 1181/825/489 1168/812/476 1169/813/477
f 1170/814/478 1181/825/489 1169/813/477
f 1171/815/479 1182/826/490 1170/814/478
f 1172/816/480 1183/827/491 1171/815/479
f 1173/818/482 1184/828/492 1172/816/480
f 1174/829/493 1185/830/494 1173/818/482
f 1188/831/495 1175/832/496 1176/819/483
f 1189/833/497 1176/819/483 1177/821/485
f 1190/834/498 1177/821/485 1178/822/486
f 1191/835/499 1178/822/486 1179/823/487
f 1192/836/500 1179/823/487 1180/824/488
f 1193/837/501 1180/824/488 1181/825/489
f 1182/826/490 1193/837/501 1181/825/489
f 1183/827/491 1194/838/502 1182/826/490
f 1184/828/492 1195/839/503 1183/827/491
f 1185/830/494 1196/840/504 1184/828/492
f 1186/841/505 1197/842/506 1185/830/494
f 1200/843/507 1187/844/508 1188/831/495
f 1201/845/509 1188/831/495 1189/833/497
f 1202/846/510 1189/833/497 1190/834/498
f 1203/847/511 1190/834/498 1191/835/499
f 1204/848/512 1191/835/499 1192/836/500
f 1205/849/513 1192/836/500 1193/837/501
f 1194/838/502 1205/849/513 1193/837/501
f 1195/839/503 1206/850/514 1194/838/502
f 1196/840/504 1207/851/515 1195/839/503
f 1197/842/506 1208/852/516 1196/840/504
f 1198/853/517 1209/854/518 1197/842/506
f 1212/855/519 1199/856/520 1200/843/507
f 1213/857/521 1200/843/507 1201/845/509
f 1214/858/522 1201/845/509 1202/846/510
f 1215/859/523 1202/846/510 1203/847/511
f 1216/860/524 1203/847/511 1204/848/512
f 1217/861/525 1204/848/512 1205/849/513
f 1206/850/514 1217/861/525 1205/849/513
f 1207/851/515 1218/862/526 1206/850/514
f 1208/852/516 1219/863/527 1207/851/515
f 1209/854/518 1220/864/528 1208/852/516
f 1210/865/529 1221/866/530 1209/854/518
f 1224/867/531 1211/868/532 1212/855/519
f 1225/869/533 1212/855/519 1213/857/521
f 1226/870/534 1213/857/521 1214/858/522
f 1227/871/535 1214/858/522 1215/859/523
f 1228/872/536 1215/859/523 1216/860/524
f 1229/873/537 1216/860/524 1217/861/525
f 1218/862/526 1229/873/537 1217/861/525
f 1219/863/527 1230/874/538 1218/862/526
f 1220/864/528 1231/875/539 1219/863/527
f 1221/866/530 1232/876/540 1220/864/528
f 1222/877/541 1233/878/542 1221/866/530
f 1236/879/543 1223/880/544 1224/867/531
f 1237/881/545 1224/867/531 1225/869/533
f 1238/882/546 1225/869/533 1226/870/534
f 1239/883/547 1226/870/534 1227/871/535
f 1240/884/548 1227/871/535 1228/872/536
f 1241/885/549 1228/872/536 1229/873/537
f 1230/874/538 1241/885/549 1229/873/537
f 1231/875/539 1242/886/550 1230/874/538
f 1232/876/540 1243/887/551 1231/875/539
f 1233/878/542 1244/888/552 1232/876/540
f 1234/889/553 1245/890/554 1233/878/542
f 1248/891/555 1235/892/556 1236/879/543
f 1249/893/557 1236/879/543 1237/881/545
f 1250/894/558 1237/881/545 1238/882/546
f 1251/895/559 1238/882/546 1239/883/547
f 1252/896/560 1239/883/547 1240/884/548
f 1253/897/561 1240/884/548 1241/885/549
f 1242/886/550 1253/897/561 1241/885/549
f 1243/887/551 1254/898/562 1242/886/550
f 1244/888/552 1255/899/563 1243/887/551
f 1245/890/554 1256/900/564 1244/888/552
f 1246/901/565 1257/902/566 1245/890/554
f 1260/903/567 1247/904/568 1248/891/555
f 1261/905/569 1248/891/555 1249/893/557
f 1262/906/570 1249/893/557 1250/894/558
f 1263/907/571 1250/894/558 1251/895/559
f 1264/908/572 1251/895/559 1252/896/560
f 1265/909/573 1252/896/560 1253/897/561
f 1254/898/562 1265/909/573 1253/897/561
f 1255/899/563 1266/910/574 1254/898/562
f 1256/900/564 1267/911/575 1255/899/563
f 1257/902/566 1268/912/576 1256/900/564
f 1258/913/577 1269/914/578 1257/902/566
f 1272/915/579 1259/916/580 1260/903/567
f 1273/917/581 1260/903/567 1261/905/569
f 1274/918/582 1261/905/569 1262/906/570
f 1275/919/583 1262/906/570 1263/907/571
f 1276/920/584 1263/907/571 1264/908/572
f 1277/921/585 1264/908/572 1265/909/573
f 1266/910/574 1277/921/585 1265/909/573
f 1267/911/575 1278/922/586 1266/910/574
f 1268/912/576 1279/923/587 1267/911/575
f 1269/914/578 1280/924/588 1268/912/576
f 1270/925/589 1281/926/590 1269/914/578
f 1284/927/591 1271/928/592 1272/915/579
f 1285/929/593 1272/915/579 1273/917/581
f 1286/930/594 1273/917/581 1274/918/582
f 1287/931/595 1274/918/582 1275/919/583
f 1288/932/596 1275/919/583 1276/920/584
f 1289/933/597 1276/920/584 1277/921/585
f 1278/922/586 1289/933/597 1277/921/585
f 1279/923/587 1290/934/598 1278/922/586
f 1280/924/588 1291/935/599 1279/923/587
f 1281/926/590 1292/936/600 1280/924/588
f 1282/937/601 1293/938/602 1281/926/590
f 1296/939/603 1283/940/604 1284/927/591
f 1297/941/605 1284/927/591 1285/929/593
f 1298/942/606 1285/929/593 1286/930/594
f 1299/943/607 1286/930/594 1287/931/595
f 1300/944/608 1287/931/595 1288/932/596
f 1301/945/609 1288/932/596 1289/933/597
f 1290/934/598 1301/945/609 1289/933/597
f 1291/935/599 1302/946/610 1290/934/598
f 1292/936/600 1303/947/611 1291/935/599
f 1293/938/602 1304/948/612 1292/936/600
f 1294/949/613 1305/950/614 1293/938/602
f 1308/951/615 1295/952/616 1296/939/603
f 1297/941/605 1308/951/615 1296/939/603
f 1310/953/617 1297/941/605 1298/942/606
f 1299/943/607 1310/953/617 1298/942/606
f 1312/954/618 1299/943/607 1300/944/608
f 1313/955/619 1300/944/608 1301/945/609
f 1302/946/610 1313/955/619 1301/945/609
f 1315/956/620 1302/946/610 1303/947/611
f 1304/948/612 1315/956/620 1303/947/611
f 1317/957/621 1304/948/612 1305/950/614
f 1306/958/622 1317/957/621 1305/950/614
f 1320/959/623 1307/960/624 1308/951/615
f 1321/961/625 1308/951/615 1309/962/626
f 1322/963/627 1309/962/626 1310/953/617
f 1311/964/628 1322/963/627 1310/953/617
f 1324/965/629 1311/964/628 1312/954/618
f 1325/966/630 1312/954/618 1313/955/619
f 1314/967/631 1325/966/630 1313/955/619
f 1327/968/632 1314/967/631 1315/956/620
f 1316/969/633 1327/968/632 1315/956/620
f 1317/957/621 1328/970/634 1316/969/633
f 1318/971/635 1329/972/636 1317/957/621
f 1332/973/637 1319/974/638 1320/959/623
f 1333/975/639 1320/959/623 1321/961/625
f 1334/976/640 1321/961/625 1322/963/627
f 1335/977/641 1322/963/627 1323/978/642
f 1336/979/643 1323/978/642 1324/965/629
f 1337/980/644 1324/965/629 1325/966/630
f 1326/981/645 1337/980/644 1325/966/630
f 1327/968/632 1338/982/646 1326/981/645
f 1328/970/634 1339/983/647 1327/968/632
f 1329/972/636 1340/984/648 1328/970/634
f 1330/985/649 1341/986/650 1329/972/636
f 1344/987/651 1331/988/652 1332/973/637
f 1345/989/653 1332/973/637 1333/975/639
f 1346/990/654 1333/975/639 1334/976/640
f 1347/991/655 1334/976/640 1335/977/641
f 1348/992/656 1335/977/641 1336/979/643
f 1349/993/657 1336/979/643 1337/980/644
f 1338/982/646 1349/993/657 1337/980/644
f 1339/983/647 1350/994/658 1338/982/646
f 1340/984/648 1351/995/659 1339/983/647
f 1341/986/650 1352/996/660 1340/984/648
f 1342/997/661 1353/998/662 1341/986/650
f 1356/999/663 1343/1000/664 1344/987/651
f 1357/1001/665 1344/987/651 1345/989/653
f 1358/1002/666 1345/989/653 1346/990/654
f 1359/1003/667 1346/990/654 1347/991/655
f 1360/1004/668 1347/991/655 1348/992/656
f 1361/1005/669 1348/992/656 1349/993/657
f 1350/994/658 1361/1005/669 1349/993/657
f 1351/995/659 1362/1006/670 1350/994/658
f 1352/996/660 1363/1007/671 1351/995/659
f 1353/998/662 1364/1008/672 1352/996/660
f 1354/1009/673 1365/1010/674 1353/998/662
f 1368/1011/675 1355/1012/676 1356/999/663
f 1369/1013/677 1356/999/663 1357/1001/665
f 1370/1014/678 1357/1001/665 1358/1002/666
f 1371/1015/679 1358/1002/666 1359/1003/667
f 1372/1016/680 1359/1003/667 1360/1004/668
f 1373/1017/681 1360/1004/668 1361/1005/669
f 1362/1006/670 1373/1017/681 1361/1005/669
f 1363/1007/671 1374/1018/682 1362/1006/670
f 1364/1008/672 1375/1019/683 1363/1007/671
f 1365/1010/674 1376/1020/684 1364/1008/672
f 1366/1021/685 1377/1022/686 1365/1010/674
f 1380/1023/687 1367/1024/688 1368/1011/675
f 1381/1025/689 1368/1011/675 1369/1013/677
f 1382/1026/690 1369/1013/677 1370/1014/678
f 1383/1027/691 1370/1014/678 1371/1015/679
f 1384/1028/692 1371/1015/679 1372/1016/680
f 1385/1029/693 1372/1016/680 1373/1017/681
f 1374/1018/682 1385/1029/693 1373/1017/681
f 1375/1019/683 1386/1030/694 1374/1018/682
f 1376/1020/684 1387/1031/695 1375/1019/683
f 1377/1022/686 1388/1032/696 1376/1020/684
f 1378/1033/697 1389/1034/698 1377/1022/686
f 1392/1035/699 1379/1036/700 1380/1023/687
f 1393/1037/701 1380/1023/687 1381/1025/689
f 1394/1038/702 1381/1025/689 1382/1026/690
f 1395/1039/703 1382/1026/690 1383/1027/691
f 1396/1040/704 1383/1027/691 1384/1028/692
f 1397/1041/705 1384/1028/692 1385/1029/693
f 1386/1030/694 1397/1041/705 1385/1029/693
f 1387/1031/695 1398/1042/706 1386/1030/694
f 1388/1032/696 1399/1043/707 1387/1031/695
f 1389/1034/698 1400/1044/708 1388/1032/696
f 1390/1045/709 1401/1046/710 1389/1034/698
f 1404/1047/711 1391/1048/712 1392/1035/699
f 1405/1049/713 1392/1035/699 1393/1037/701
f 1406/1050/714 1393/1037/701 1394/1038/702
f 1407/1051/715 1394/1038/702 1395/1039/703
f 1408/1052/716 1395/1039/703 1396/1040/704
f 1409/1053/717 1396/1040/704 1397/1041/705
f 1398/1042/706 1409/1053/717 1397/1041/705
f 1399/1043/707 1410/1054/718 1398/1042/706
f 1400/1044/708 1411/1055/719 1399/1043/707
f 1401/1046/710 1412/1056/720 1400/1044/708
f 1402/1057/721 1413/1058/722 1401/1046/710
f 1416/1059/723 1403/1060/724 1404/1047/711
f 1417/1061/725 1404/1047/711 1405/1049/713
f 1418/1062/726 1405/1049/713 1406/1050/714
f 1419/1063/727 1406/1050/714 1407/1051/715
f 1420/1064/728 1407/1051/715 1408/1052/716
f 1421/1065/729 1408/1052/716 1409/1053/717
f 1410/1054/718 1421/1065/729 1409/1053/717
f 1411/1055/719 1422/1066/730 1410/1054/718
f 1412/1056/720 1423/1067/731 1411/1055/719
f 1413/1058/722 1424/1068/732 1412/1056/720
f 1414/1069/733 1425/1070/734 1413/1058/722
f 1428/1071/735 1415/1072/736 1416/1059/723
f 1429/1073/737 1416/1059/723 1417/1061/725
f 1430/1074/738 1417/1061/725 1418/1062/726
f 1431/1075/739 1418/1062/726 1419/1063/727
f 1432/1076/740 1419/1063/727 1420/1064/728
f 1433/1077/741 1420/1064/728 1421/1065/729
f 1422/1066/730 1433/1077/741 1421/1065/729
f 1423/1067/731 1434/1078/742 1422/1066/730
f 1424/1068/732 1435/1079/743 1423/1067/731
f 1425/1070/734 1436/1080/744 1424/1068/732
f 1426/1081/745 1437/1082/746 1425/1070/734
f 1428/1071/735 1439/1083/747 1427/1084/748
f 1429/1073/737 1440/1085/749 1428/1071/735
f 1430/1074/738 1441/1086/750 1429/1073/737
f 1431/1075/739 1442/1087/751 1430/1074/738
f 1432/1076/740 1443/1088/752 1431/1075/739
f 1445/1089/753 1432/1076/740 1433/1077/741
f 1446/1090/754 1433/1077/741 1434/1078/742
f 1447/1091/755 1434/1078/742 1435/1079/743
f 1448/1092/756 1435/1079/743 1436/1080/744
f 1449/1093/757 1436/1080/744 1437/1082/746
f 1450/1094/758 1437/1082/746 1438/1095/759
f 1440/1085/749 1451/1096/760 1439/1083/747
f 1441/1086/750 1452/1097/761 1440/1085/749
f 1442/1087/751 1453/1098/762 1441/1086/750
f 1443/1088/752 1454/1099/763 1442/1087/751
f 1444/1100/764 1455/1101/765 1443/1088/752
f 1457/1102/766 1444/1100/764 1445/1089/753
f 1458/1103/767 1445/1089/753 1446/1090/754
f 1459/1104/768 1446/1090/754 1447/1091/755
f 1460/1105/769 1447/1091/755 1448/1092/756
f 1461/1106/770 1448/1092/756 1449/1093/757
f 1462/1107/771 1449/1093/757 1450/1094/758
f 1452/1097/761 1463/1108/772 1451/1096/760
f 1453/1098/762 1464/1109/773 1452/1097/761
f 1454/1099/763 1465/1110/774 1453/1098/762
f 1455/1101/765 1466/1111/775 1454/1099/763
f 1456/1112/776 1467/1113/777 1455/1101/765
f 1469/1114/778 1456/1112/776 1457/1102/766
f 1470/1115/779 1457/1102/766 1458/1103/767
f 1471/1116/780 1458/1103/767 1459/1104/768
f 1472/1117/781 1459/1104/768 1460/1105/769
f 1473/1118/782 1460/1105/769 1461/1106/770
f 1474/1119/783 1461/1106/770 1462/1107/771
f 1464/1109/773 1475/1120/784 1463/1108/772
f 1465/1110/774 1476/1121/785 1464/1109/773
f 1466/1111/775 1477/1122/786 1465/1110/774
f 1467/1113/777 1478/1123/787 1466/1111/775
f 1468/1124/788 1479/1125/789 1467/1113/777
f 1481/1126/790 1468/1124/788 1469/1114/778
f 1482/1127/791 1469/1114/778 1470/1115/779
f 1483/1128/792 1470/1115/779 1471/1116/780
f 1484/1129/793 1471/1116/780 1472/1117/781
f 1485/1130/794 1472/1117/781 1473/1118/782
f 1486/1131/795 1473/1118/782 1474/1119/783
f 1476/1121/785 1487/1132/796 1475/1120/784
f 1477/1122/786 1488/1133/797 1476/1121/785
f 1478/1123/787 1489/1134/798 1477/1122/786
f 1479/1125/789 1490/1135/799 1478/1123/787
f 1480/1136/800 1491/1137/801 1479/1125/789
f 1493/1138/802 1480/1136/800 1481/1126/790
f 1494/1139/803 1481/1126/790 1482/1127/791
f 1495/1140/804 1482/1127/791 1483/1128/792
f 1496/1141/805 1483/1128/792 1484/1129/793
f 1497/1142/806 1484/1129/793 1485/1130/794
f 1498/1143/807 1485/1130/794 1486/1131/795
f 1488/1133/797 1499/1144/808 1487/1132/796
f 1489/1134/798 1500/1145/809 1488/1133/797
f 1490/1135/799 1501/1146/810 1489/1134/798
f 1491/1137/801 1502/1147/811 1490/1135/799
f 1492/1148/812 1503/1149/813 1491/1137/801
f 1505/1150/814 1492/1148/812 1493/1138/802
f 1506/1151/815 1493/1138/802 1494/1139/803
f 1507/1152/816 1494/1139/803 1495/1140/804
f 1508/1153/817 1495/1140/804 1496/1141/805
f 1509/1154/818 1496/1141/805 1497/1142/806
f 1510/1155/819 1497/1142/806 1498/1143/807
f 1500/1145/809 1511/1156/820 1499/1144/808
f 1501/1146/810 1512/1157/821 1500/1145/809
f 1502/1147/811 1513/1158/822 1501/1146/810
f 1503/1149/813 1514/1159/823 1502/1147/811
f 1504/1160/824 1515/1161/825 1503/1149/813
f 1517/1162/826 1504/1160/824 1505/1150/814
f 1518/1163/827 1505/1150/814 1506/1151/815
f 1519/1164/828 1506/1151/815 1507/1152/816
f 1520/1165/829 1507/1152/816 1508/1153/817
f 1521/1166/830 1508/1153/817 1509/1154/818
f 1522/1167/831 1509/1154/818 1510/1155/819
f 1512/1157/821 1523/1168/832 1511/1156/820
f 1513/1158/822 1524/1169/833 1512/1157/821
f 1514/1159/823 1525/1170/834 1513/1158/822
f 1515/1161/825 1526/1171/835 1514/1159/823
f 1516/1172/836 1527/1173/837 1515/1161/825
f 1529/1174/838 1516/1172/836 1517/1162/826
f 1530/1175/839 1517/1162/826 1518/1163/827
f 1531/1176/840 1518/1163/827 1519/1164/828
f 1532/1177/841 1519/1164/828 1520/1165/829
f 1533/1178/842 1520/1165/829 1521/1166/830
f 1534/1179/843 1521/1166/830 1522/1167/831
f 1524/1169/833 1535/1180/844 1523/1168/832
f 1525/1170/834 1536/1181/845 1524/1169/833
f 1526/1171/835 1537/1182/846 1525/1170/834
f 1527/1173/837 1538/1183/847 1526/1171/835
f 1528/1184/848 1539/1185/849 1527/1173/837
f 1541/1186/850 1528/1184/848 1529/1174/838
f 1542/1187/851 1529/1174/838 1530/1175/839
f 1543/1188/852 1530/1175/839 1531/1176/840
f 1544/1189/853 1531/1176/840 1532/1177/841
f 1545/1190/854 1532/1177/841 1533/1178/842
f 1546/1191/855 1533/1178/842 1534/1179/843
f 1536/1181/845 1547/1192/856 1535/1180/844
f 1537/1182/846 1548/1193/857 1536/1181/845
f 1538/1183/847 1549/1194/858 1537/1182/846
f 1539/1185/849 1550/1195/859 1538/1183/847
f 1540/1196/860 1551/1197/861 1539/1185/849
f 1553/1198/862 1540/1196/860 1541/1186/850
f 1554/1199/863 1541/1186/850 1542/1187/851
f 1555/1200/864 1542/1187/851 1543/1188/852
f 1556/1201/865 1543/1188/852 1544/1189/853
f 1557/1202/866 1544/1189/853 1545/1190/854
f 1558/1203/867 1545/1190/854 1546/1191/855
f 1548/1193/857 1559/1204/868 1547/1192/856
f 1549/1194/858 1560/1205/869 1548/1193/857
f 1550/1195/859 1561/1206/870 1549/1194/858
f 1551/1197/861 1562/1207/871 1550/1195/859
f 1552/1208/872 1563/1209/873 1551/1197/861
f 1565/1210/874 1552/1208/872 1553/1198/862
f 1566/1211/875 1553/1198/862 1554/1199/863
f 1567/1212/876 1554/1199/863 1555/1200/864
f 1568/1213/877 1555/1200/864 1556/1201/865
f 1569/1214/878 1556/1201/865 1557/1202/866
f 1570/1215/879 1557/1202/866 1558/1203/867
f 1560/1205/869 1571/1216/880 1559/1204/868
f 1561/1206/870 1572/1217/881 1560/1205/869
f 1562/1207/871 1573/1218/882 1561/1206/870
f 1563/1209/873 1574/1219/883 1562/1207/871
f 1564/1220/884 1575/1221/885 1563/1209/873
f 1577/1222/886 1564/1220/884 1565/1210/874
f 1578/1223/887 1565/1210/874 1566/1211/875
f 1579/1224/888 1566/1211/875 1567/1212/876
f 1580/1225/889 1567/1212/876 1568/1213/877
f 1581/1226/890 1568/1213/877 1569/1214/878
f 1582/1227/891 1569/1214/878 1570/1215/879
f 1584/1228/892 1571/1216/880 1572/1217/881
f 1585/1229/893 1572/1217/881 1573/1218/882
f 1586/1230/894 1573/1218/882 1574/1219/883
f 1587/1231/895 1574/1219/883 1575/1221/885
f 1588/1232/896 1575/1221/885 1576/1233/897
f 1589/1234/898 1576/1233/897 1577/1222/886
f 1578/1223/887 1589/1234/898 1577/1222/886
f 1579/1224/888 1590/1235/899 1578/1223/887
f 1580/1225/889 1591/1236/900 1579/1224/888
f 1581/1226/890 1592/1237/901 1580/1225/889
f 1582/1227/891 1593/1238/902 1581/1226/890
f 1584/1228/892 1595/1239/903 1583/1240/904
f 1585/1229/893 1596/1241/905 1584/1228/892
f 1586/1230/894 1597/1242/906 1585/1229/893
f 1587/1231/895 1598/1243/907 1586/1230/894
f 1588/1232/896 1599/1244/908 1587/1231/895
f 1601/1245/909 1588/1232/896 1589/1234/898
f 1602/1246/910 1589/1234/898 1590/1235/899
f 1603/1247/911 1590/1235/899 1591/1236/900
f 1604/1248/912 1591/1236/900 1592/1237/901
f 1605/1249/913 1592/1237/901 1593/1238/902
f 1606/1250/914 1593/1238/902 1594/1251/915
f 1596/1241/905 1607/1252/916 1595/1239/903
f 1597/1242/906 1608/1253/917 1596/1241/905
f 1598/1243/907 1609/1254/918 1597/1242/906
f 1599/1244/908 1610/1255/919 1598/1243/907
f 1600/1256/920 1611/1257/921 1599/1244/908
f 1613/1258/922 1600/1256/920 1601/1245/909
f 1614/1259/923 1601/1245/909 1602/1246/910
f 1615/1260/924 1602/1246/910 1603/1247/911
f 1616/1261/925 1603/1247/911 1604/1248/912
f 1617/1262/926 1604/1248/912 1605/1249/913
f 1618/1263/927 1605/1249/913 1606/1250/914
f 1608/1253/917 1619/1264/928 1607/1252/916
f 1609/1254/918 1620/1265/929 1608/1253/917
f 1610/1255/919 1621/1266/930 1609/1254/918
f 1611/1257/921 1622/1267/931 1610/1255/919
f 1612/1268/932 1623/1269/933 1611/1257/921
f 1625/1270/934 1612/1268/932 1613/1258/922
f 1626/1271/935 1613/1258/922 1614/1259/923
f 1627/1272/936 1614/1259/923 1615/1260/924
f 1628/1273/937 1615/1260/924 1616/1261/925
f 1629/1274/938 1616/1261/925 1617/1262/926
f 1630/1275/939 1617/1262/926 1618/1263/927
f 1620/1265/929 1631/1276/940 1619/1264/928
f 1621/1266/930 1632/1277/941 1620/1265/929
f 1622/1267/931 1633/1278/942 1621/1266/930
f 1623/1269/933 1634/1279/943 1622/1267/931
f 1624/1280/944 1635/1281/945 1623/1269/933
f 1637/1282/946 1624/1280/944 1625/1270/934
f 1638/1283/947 1625/1270/934 1626/1271/935
f 1639/1284/948 1626/1271/935 1627/1272/936
f 1640/1285/949 1627/1272/936 1628/1273/937
f 1641/1286/950 1628/1273/937 1629/1274/938
f 1642/1287/951 1629/1274/938 1630/1275/939
f 1632/1277/941 1643/1288/952 1631/1276/940
f 1633/1278/942 1644/1289/953 1632/1277/941
f 1634/1279/943 1645/1290/954 1633/1278/942
f 1635/1281/945 1646/1291/955 1634/1279/943
f 1636/1292/956 1647/1293/957 1635/1281/945
f 1649/1294/958 1636/1292/956 1637/1282/946
f 1650/1295/959 1637/1282/946 1638/1283/947
f 1651/1296/960 1638/1283/947 1639/1284/948
f 1652/1297/961 1639/1284/948 1640/1285/949
f 1653/1298/962 1640/1285/949 1641/1286/950
f 1654/1299/963 1641/1286/950 1642/1287/951
f 1644/1289/953 1655/1300/964 1643/1288/952
f 1645/1290/954 1656/1301/965 1644/1289/953
f 1646/1291/955 1657/1302/966 1645/1290/954
f 1647/1293/957 1658/1303/967 1646/1291/955
f 1648/1304/968 1659/1305/969 1647/1293/957
f 1661/1306/970 1648/1304/968 1649/1294/958
f 1662/1307/971 1649/1294/958 1650/1295/959
f 1663/1308/972 1650/1295/959 1651/1296/960
f 1664/1309/973 1651/1296/960 1652/1297/961
f 1665/1310/974 1652/1297/961 1653/1298/962
f 1666/1311/975 1653/1298/962 1654/1299/963
f 1656/1301/965 1667/1312/976 1655/1300/964
f 1657/1302/966 1668/1313/977 1656/1301/965
f 1658/1303/967 1669/1314/978 1657/1302/966
f 1659/1305/969 1670/1315/979 1658/1303/967
f 1660/1316/980 1671/1317/981 1659/1305/969
f 1673/1318/982 1660/1316/980 1661/1306/970
f 1674/1319/983 1661/1306/970 1662/1307/971
f 1675/1320/984 1662/1307/971 1663/1308/972
f 1676/1321/985 1663/1308/972 1664/1309/973
f 1677/1322/986 1664/1309/973 1665/1310/974
f 1678/1323/987 1665/1310/974 1666/1311/975
f 1668/1313/977 1679/1324/988 1667/1312/976
f 1669/1314/978 1680/1325/989 1668/1313/977
f 1670/1315/979 1681/1326/990 1669/1314/978
f 1671/1317/981 1682/1327/991 1670/1315/979
f 1672/1328/992 1683/1329/993 1671/1317/981
f 1685/1330/994 1672/1328/992 1673/1318/982
f 1686/1331/995 1673/1318/982 1674/1319/983
f 1687/1332/996 1674/1319/983 1675/1320/984
f 1688/1333/997 1675/1320/984 1676/1321/985
f 1689/1334/998 1676/1321/985 1677/1322/986
f 1690/1335/999 1677/1322/986 1678/1323/987
f 1680/1325/989 1691/1336/1000 1679/1324/988
f 1681/1326/990 1692/1337/1001 1680/1325/989
f 1682/1327/991 1693/1338/1002 1681/1326/990
f 1683/1329/993 1694/1339/1003 1682/1327/991
f 1684/1340/1004 1695/1341/1005 1683/1329/993
f 1697/1342/1006 1684/1340/1004 1685/1330/994
f 1698/1343/1007 1685/1330/994 1686/1331/995
f 1699/1344/1008 1686/1331/995 1687/1332/996
f 1700/1345/1009 1687/1332/996 1688/1333/997
f 1701/1346/1010 1688/1333/997 1689/1334/998
f 1702/1347/1011 1689/1334/998 1690/1335/999
f 1692/1337/1001 1703/1348/1012 1691/1336/1000
f 1693/1338/1002 1704/1349/1013 1692/1337/1001
f 1694/1339/1003 1705/1350/1014 1693/1338/1002
f 1695/1341/1005 1706/1351/1015 1694/1339/1003
f 1696/1352/1016 1707/1353/1017 1695/1341/1005
f 1709/1354/1018 1696/1352/1016 1697/1342/1006
f 1710/1355/1019 1697/1342/1006 1698/1343/1007
f 1711/1356/1020 1698/1343/1007 1699/1344/1008
f 1712/1357/1021 1699/1344/1008 1700/1345/1009
f 1713/1358/1022 1700/1345/1009 1701/1346/1010
f 1714/1359/1023 1701/1346/1010 1702/1347/1011
f 1716/1360/1024 1703/1348/1012 1704/1349/1013
f 1717/1361/1025 1704/1349/1013 1705/1350/1014
f 1718/1362/1026 1705/1350/1014 1706/1351/1015
f 1719/1363/1027 1706/1351/1015 1707/1353/1017
f 1720/1364/1028 1707/1353/1017 1708/1365/1029
f 1721/1366/1030 1708/1365/1029 1709/1354/1018
f 1710/1355/1019 1721/1366/1030 1709/1354/1018
f 1711/1356/1020 1722/1367/1031 1710/1355/1019
f 1712/1357/1021 1723/1368/1032 1711/1356/1020
f 1713/1358/1022 1724/1369/1033 1712/1357/1021
f 1714/1359/1023 1725/1370/1034 1713/1358/1022
f 1728/1371/1035 1715/1372/1036 1716/1360/1024
f 1729/1373/1037 1716/1360/1024 1717/1361/1025
f 1730/1374/1038 1717/1361/1025 1718/1362/1026
f 1731/1375/1039 1718/1362/1026 1719/1363/1027
f 1732/1376/1040 1719/1363/1027 1720/1364/1028
f 1733/1377/1041 1720/1364/1028 1721/1366/1030
f 1722/1367/1031 1733/1377/1041 1721/1366/1030
f 1723/1368/1032 1734/1378/1042 1722/1367/1031
f 1724/1369/1033 1735/1379/1043 1723/1368/1032
f 1725/1370/1034 1736/1380/1044 1724/1369/1033
f 1726/1381/1045 1737/1382/1046 1725/1370/1034
f 1728/1371/1035 1739/1383/1047 1727/1384/1048
f 1729/1373/1037 1740/1385/1049 1728/1371/1035
f 1730/1374/1038 1741/1386/1050 1729/1373/1037
f 1731/1375/1039 1742/1387/1051 1730/1374/1038
f 1732/1376/1040 1743/1388/1052 1731/1375/1039
f 1745/1389/1053 1732/1376/1040 1733/1377/1041
f 1746/1390/1054 1733/1377/1041 1734/1378/1042
f 1747/1391/1055 1734/1378/1042 1735/1379/1043
f 1748/1392/1056 1735/1379/1043 1736/1380/1044
f 1749/1393/1057 1736/1380/1044 1737/1382/1046
f 1750/1394/1058 1737/1382/1046 1738/1395/1059
f 1740/1385/1049 1751/1396/1060 1739/1383/1047
f 1741/1386/1050 1752/1397/1061 1740/1385/1049
f 1742/1387/1051 1753/1398/1062 1741/1386/1050
f 1743/1388/1052 1754/1399/1063 1742/1387/1051
f 1744/1400/1064 1755/1401/1065 1743/1388/1052
f 1757/1402/1066 1744/1400/1064 1745/1389/1053
f 1758/1403/1067 1745/1389/1053 1746/1390/1054
f 1759/1404/1068 1746/1390/1054 1747/1391/1055
f 1760/1405/1069 1747/1391/1055 1748/1392/1056
f 1761/1406/1070 1748/1392/1056 1749/1393/1057
f 1762/1407/1071 1749/1393/1057 1750/1394/1058
f 1752/1397/1061 1763/1408/1072 1751/1396/1060
f 1753/1398/1062 1764/1409/1073 1752/1397/1061
f 1754/1399/1063 1765/1410/1074 1753/1398/1062
f 1755/1401/1065 1766/1411/1075 1754/1399/1063
f 1756/1412/1076 1767/1413/1077 1755/1401/1065
f 1769/1414/1078 1756/1412/1076 1757/1402/1066
f 1770/1415/1079 1757/1402/1066 1758/1403/1067
f 1771/1416/1080 1758/1403/1067 1759/1404/1068
f 1772/1417/1081 1759/1404/1068 1760/1405/1069
f 1773/1418/1082 1760/1405/1069 1761/1406/1070
f 1774/1419/1083 1761/1406/1070 1762/1407/1071
f 1764/1409/1073 1775/1420/1084 1763/1408/1072
f 1765/1410/1074 1776/1421/1085 1764/1409/1073
f 1766/1411/1075 1777/1422/1086 1765/1410/1074
f 1767/1413/1077 1778/1423/1087 1766/1411/1075
f 1768/1424/1088 1779/1425/1089 1767/1413/1077
f 1781/1426/1090 1768/1424/1088 1769/1414/1078
f 1782/1427/1091 1769/1414/1078 1770/1415/1079
f 1783/1428/1092 1770/1415/1079 1771/1416/1080
f 1784/1429/1093 1771/1416/1080 1772/1417/1081
f 1785/1430/1094 1772/1417/1081 1773/1418/1082
f 1786/1431/1095 1773/1418/1082 1774/1419/1083
f 1776/1421/1085 1787/1432/1096 1775/1420/1084
f 1777/1422/1086 1788/1433/1097 1776/1421/1085
f 1778/1423/1087 1789/1434/1098 1777/1422/1086
f 1779/1425/1089 1790/1435/1099 1778/1423/1087
f 1780/1436/1100 1791/1437/1101 1779/1425/1089
f 1793/1438/1102 1780/1436/1100 1781/1426/1090
f 1794/1439/1103 1781/1426/1090 1782/1427/1091
f 1795/1440/1104 1782/1427/1091 1783/1428/1092
f 1796/1441/1105 1783/1428/1092 1784/1429/1093
f 1797/1442/1106 1784/1429/1093 1785/1430/1094
f 1798/1443/1107 1785/1430/1094 1786/1431/1095
f 1788/1433/1097 1799/1444/1108 1787/1432/1096
f 1789/1434/1098 1800/1445/1109 1788/1433/1097
f 1790/1435/1099 1801/1446/1110 1789/1434/1098
f 1791/1437/1101 1802/1447/1111 1790/1435/1099
f 1792/1448/1112 1803/1449/1113 1791/1437/1101
f 1805/1450/1114 1792/1448/1112 1793/1438/1102
f 1806/1451/1115 1793/1438/1102 1794/1439/1103
f 1807/1452/1116 1794/1439/1103 1795/1440/1104
f 1808/1453/1117 1795/1440/1104 1796/1441/1105
f 1809/1454/1118 1796/1441/1105 1797/1442/1106
f 1810/1455/1119 1797/1442/1106 1798/1443/1107
f 1800/1445/1109 1811/1456/1120 1799/1444/1108
f 1801/1446/1110 1812/1457/1121 1800/1445/1109
f 1802/1447/1111 1813/1458/1122 1801/1446/1110
f 1803/1449/1113 1814/1459/1123 1802/1447/1111
f 1804/1460/1124 1815/1461/1125 1803/1449/1113
f 1817/1462/1126 1804/1460/1124 1805/1450/1114
f 1818/1463/1127 1805/1450/1114 1806/1451/1115
f 1819/1464/1128 1806/1451/1115 1807/1452/1116
f 1820/1465/1129 1807/1452/1116 1808/1453/1117
f 1821/1466/1130 1808/1453/1117 1809/1454/1118
f 1822/1467/1131 1809/1454/1118 1810/1455/1119
f 1812/1457/1121 1823/1468/1132 1811/1456/1120
f 1813/1458/1122 1824/1469/1133 1812/1457/1121
f 1814/1459/1123 1825/1470/1134 1813/1458/1122
f 1815/1461/1125 1826/1471/1135 1814/1459/1123
f 1816/1472/1136 1827/1473/1137 1815/1461/1125
f 1829/1474/1138 1816/1472/1136 1817/1462/1126
f 1830/1475/1139 1817/1462/1126 1818/1463/1127
f 1831/1476/1140 1818/1463/1127 1819/1464/1128
f 1832/1477/1141 1819/1464/1128 1820/1465/1129
f 1833/1478/1142 1820/1465/1129 1821/1466/1130
f 1834/1479/1143 1821/1466/1130 1822/1467/1131
f 1824/1469/1133 1835/1480/1144 1823/1468/1132
f 1825/1470/1134 1836/1481/1145 1824/1469/1133
f 1826/1471/1135 1837/1482/1146 1825/1470/1134
f 1827/1473/1137 1838/1483/1147 1826/1471/1135
f 1828/1484/1148 1839/1485/1149 1827/1473/1137
f 1841/1486/1150 1828/1484/1148 1829/1474/1138
f 1842/1487/1151 1829/1474/1138 1830/1475/1139
f 1843/1488/1152 1830/1475/1139 1831/1476/1140
f 1844/1489/1153 1831/1476/1140 1832/1477/1141
f 1845/1490/1154 1832/1477/1141 1833/1478/1142
f 1846/1491/1155 1833/1478/1142 1834/1479/1143
f 1836/1481/1145 1847/1492/1156 1835/1480/1144
f 1837/1482/1146 1848/1493/1157 1836/1481/1145
f 1838/1483/1147 1849/1494/1158 1837/1482/1146
f 1839/1485/1149 1850/1495/1159 1838/1483/1147
f 1840/1496/1160 1851/1497/1161 1839/1485/1149
f 1853/1498/1162 1840/1496/1160 1841/1486/1150
f 1854/1499/1163 1841/1486/1150 1842/1487/1151
f 1855/1500/1164 1842/1487/1151 1843/1488/1152
f 1856/1501/1165 1843/1488/1152 1844/1489/1153
f 1857/1502/1166 1844/1489/1153 1845/1490/1154
f 1858/1503/1167 1845/1490/1154 1846/1491/1155
f 1860/1504/1168 1847/1492/1156 1848/1493/1157
f 1861/1505/1169 1848/1493/1157 1849/1494/1158
f 1862/1506/1170 1849/1494/1158 1850/1495/1159
f 1863/1507/1171 1850/1495/1159 1851/1497/1161
f 1864/1508/1172 1851/1497/1161 1852/1509/1173
f 1865/1510/1174 1852/1509/1173 1853/1498/1162
f 1854/1499/1163 1865/1510/1174 1853/1498/1162
f 1855/1500/1164 1866/1511/1175 1854/1499/1163
f 1856/1501/1165 1867/1512/1176 1855/1500/1164
f 1857/1502/1166 1868/1513/1177 1856/1501/1165
f 1858/1503/1167 1869/1514/1178 1857/1502/1166
f 1872/1515/1179 1859/1516/1180 1860/1504/1168
f 1873/1517/1181 1860/1504/1168 1861/1505/1169
f 1874/1518/1182 1861/1505/1169 1862/1506/1170
f 1875/1519/1183 1862/1506/1170 1863/1507/1171
f 1876/1520/1184 1863/1507/1171 1864/1508/1172
f 1877/1521/1185 1864/1508/1172 1865/1510/1174
f 1866/1511/1175 1877/1521/1185 1865/1510/1174
f 1867/1512/1176 1878/1522/1186 1866/1511/1175
f 1868/1513/1177 1879/1523/1187 1867/1512/1176
f 1869/1514/1178 1880/1524/1188 1868/1513/1177
f 1870/1525/1189 1881/1526/1190 1869/1514/1178
f 1884/1527/1191 1871/1528/1192 1872/1515/1179
f 1885/1529/1193 1872/1515/1179 1873/1517/1181
f 1886/1530/1194 1873/1517/1181 1874/1518/1182
f 1887/1531/1195 1874/1518/1182 1875/1519/1183
f 1888/1532/1196 1875/1519/1183 1876/1520/1184
f 1889/1533/1197 1876/1520/1184 1877/1521/1185
f 1878/1522/1186 1889/1533/1197 1877/1521/1185
f 1879/1523/1187 1890/1534/1198 1878/1522/1186
f 1880/1524/1188 1891/1535/1199 1879/1523/1187
f 1881/1526/1190 1892/1536/1200 1880/1524/1188
f 1882/1537/1201 1893/1538/1202 1881/1526/1190
f 1896/1539/1203 1883/1540/1204 1884/1527/1191
f 1897/1541/1205 1884/1527/1191 1885/1529/1193
f 1898/1542/1206 1885/1529/1193 1886/1530/1194
f 1899/1543/1207 1886/1530/1194 1887/1531/1195
f 1900/1544/1208 1887/1531/1195 1888/1532/1196
f 1901/1545/1209 1888/1532/1196 1889/1533/1197
f 1890/1534/1198 1901/1545/1209 1889/1533/1197
f 1891/1535/1199 1902/1546/1210 1890/1534/1198
f 1892/1536/1200 1903/1547/1211 1891/1535/1199
f 1893/1538/1202 1904/1548/1212 1892/1536/1200
f 1894/1549/1213 1905/1550/1214 1893/1538/1202
f 1908/1551/1215 1895/1552/1216 1896/1539/1203
f 1909/1553/1217 1896/1539/1203 1897/1541/1205
f 1910/1554/1218 1897/1541/1205 1898/1542/1206
f 1911/1555/1219 1898/1542/1206 1899/1543/1207
f 1912/1556/1220 1899/1543/1207 1900/1544/1208
f 1913/1557/1221 1900/1544/1208 1901/1545/1209
f 1902/1546/1210 1913/1557/1221 1901/1545/1209
f 1903/1547/1211 1914/1558/1222 1902/1546/1210
f 1904/1548/1212 1915/1559/1223 1903/1547/1211
f 1905/1550/1214 1916/1560/1224 1904/1548/1212
f 1906/1561/1225 1917/1562/1226 1905/1550/1214
f 1920/1563/1227 1907/1564/1228 1908/1551/1215
f 1921/1565/1229 1908/1551/1215 1909/1553/1217
f 1922/1566/1230 1909/1553/1217 1910/1554/1218
f 1923/1567/1231 1910/1554/1218 1911/1555/1219
f 1924/1568/1232 1911/1555/1219 1912/1556/1220
f 1925/1569/1233 1912/1556/1220 1913/1557/1221
f 1914/1558/1222 1925/1569/1233 1913/1557/1221
f 1915/1559/1223 1926/1570/1234 1914/1558/1222
f 1916/1560/1224 1927/1571/1235 1915/1559/1223
f 1917/1562/1226 1928/1572/1236 1916/1560/1224
f 1918/1573/1237 1929/1574/1238 1917/1562/1226
f 1932/1575/1239 1919/1576/1240 1920/1563/1227
f 1933/1577/1241 1920/1563/1227 1921/1565/1229
f 1934/1578/1242 1921/1565/1229 1922/1566/1230
f 1935/1579/1243 1922/1566/1230 1923/1567/1231
f 1936/1580/1244 1923/1567/1231 1924/1568/1232
f 1937/1581/1245 1924/1568/1232 1925/1569/1233
f 1926/1570/1234 1937/1581/1245 1925/1569/1233
f 1927/1571/1235 1938/1582/1246 1926/1570/1234
f 1928/1572/1236 1939/1583/1247 1927/1571/1235
f 1929/1574/1238 1940/1584/1248 1928/1572/1236
f 1930/1585/1249 1941/1586/1250 1929/1574/1238
f 1944/1587/1251 1931/1588/1252 1932/1575/1239
f 1945/1589/1253 1932/1575/1239 1933/1577/1241
f 1946/1590/1254 1933/1577/1241 1934/1578/1242
f 1947/1591/1255 1934/1578/1242 1935/1579/1243
f 1948/1592/1256 1935/1579/1243 1936/1580/1244
f 1949/1593/1257 1936/1580/1244 1937/1581/1245
f 1938/1582/1246 1949/1593/1257 1937/1581/1245
f 1939/1583/1247 1950/1594/1258 1938/1582/1246
f 1940/1584/1248 1951/1595/1259 1939/1583/1247
f 1941/1586/1250 1952/1596/1260 1940/1584/1248
f 1942/1597/1261 1953/1598/1262 1941/1586/1250
f 1956/1599/1263 1943/1600/1264 1944/1587/1251
f 1957/1601/1265 1944/1587/1251 1945/1589/1253
f 1958/1602/1266 1945/1589/1253 1946/1590/1254
f 1959/1603/1267 1946/1590/1254 1947/1591/1255
f 1960/1604/1268 1947/1591/1255 1948/1592/1256
f 1961/1605/1269 1948/1592/1256 1949/1593/1257
f 1950/1594/1258 1961/1605/1269 1949/1593/1257
f 1951/1595/1259 1962/1606/1270 1950/1594/1258
f 1952/1596/1260 1963/1607/1271 1951/1595/1259
f 1953/1598/1262 1964/1608/1272 1952/1596/1260
f 1954/1609/1273 1965/1610/1274 1953/1598/1262
f 1968/1611/1275 1955/1612/1276 1956/1599/1263
f 1969/1613/1277 1956/1599/1263 1957/1601/1265
f 1970/1614/1278 1957/1601/1265 1958/1602/1266
f 1971/1615/1279 1958/1602/1266 1959/1603/1267
f 1972/1616/1280 1959/1603/1267 1960/1604/1268
f 1973/1617/1281 1960/1604/1268 1961/1605/1269
f 1962/1606/1270 1973/1617/1281 1961/1605/1269
f 1963/1607/1271 1974/1618/1282 1962/1606/1270
f 1964/1608/1272 1975/1619/1283 1963/1607/1271
f 1965/1610/1274 1976/1620/1284 1964/1608/1272
f 1966/1621/1285 1977/1622/1286 1965/1610/1274
f 1980/1623/1287 1967/1624/1288 1968/1611/1275
f 1981/1625/1289 1968/1611/1275 1969/1613/1277
f 1982/1626/1290 1969/1613/1277 1970/1614/1278
f 1983/1627/1291 1970/1614/1278 1971/1615/1279
f 1984/1628/1292 1971/1615/1279 1972/1616/1280
f 1985/1629/1293 1972/1616/1280 1973/1617/1281
f 1974/1618/1282 1985/1629/1293 1973/1617/1281
f 1975/1619/1283 1986/1630/1294 1974/1618/1282
f 1976/1620/1284 1987/1631/1295 1975/1619/1283
f 1977/1622/1286 1988/1632/1296 1976/1620/1284
f 1978/1633/1297 1989/1634/1298 1977/1622/1286
f 1992/1635/1299 1979/1636/1300 1980/1623/1287
f 1993/1637/1301 1980/1623/1287 1981/1625/1289
f 1994/1638/1302 1981/1625/1289 1982/1626/1290
f 1995/1639/1303 1982/1626/1290 1983/1627/1291
f 1996/1640/1304 1983/1627/1291 1984/1628/1292
f 1997/1641/1305 1984/1628/1292 1985/1629/1293
f 1986/1630/1294 1997/1641/1305 1985/1629/1293
f 1987/1631/1295 1998/1642/1306 1986/1630/1294
f 1988/1632/1296 1999/1643/1307 1987/1631/1295
f 1989/1634/1298 2000/1644/1308 1988/1632/1296
f 1990/1645/1309 2001/1646/1310 1989/1634/1298
f 1992/1635/1299 2003/1647/1311 1991/1648/1312
f 1993/1637/1301 2004/1649/1313 1992/1635/1299
f 1994/1638/1302 2005/1650/1314 1993/1637/1301
f 1995/1639/1303 2006/1651/1315 1994/1638/1302
f 1996/1640/1304 2007/1652/1316 1995/1639/1303
f 2009/1653/1317 1996/1640/1304 1997/1641/1305
f 2010/1654/1318 1997/1641/1305 1998/1642/1306
f 2011/1655/1319 1998/1642/1306 1999/1643/1307
f 2012/1656/1320 1999/1643/1307 2000/1644/1308
f 2013/1657/1321 2000/1644/1308 2001/1646/1310
f 2014/1658/1322 2001/1646/1310 2002/1659/1323
f 2004/1649/1313 2015/1660/1324 2003/1647/1311
f 2005/1650/1314 2016/1661/1325 2004/1649/1313
f 2006/1651/1315 2017/1662/1326 2005/1650/1314
f 2007/1652/1316 2018/1663/1327 2006/1651/1315
f 2008/1664/1328 2019/1665/1329 2007/1652/1316
f 2021/1666/1330 2008/1664/1328 2009/1653/1317
f 2022/1667/1331 2009/1653/1317 2010/1654/1318
f 2023/1668/1332 2010/1654/1318 2011/1655/1319
f 2024/1669/1333 2011/1655/1319 2012/1656/1320
f 2025/1670/1334 2012/1656/1320 2013/1657/1321
f 2026/1671/1335 2013/1657/1321 2014/1658/1322
f 2016/1661/1325 2027/1672/1336 2015/1660/1324
f 2017/1662/1326 2028/1673/1337 2016/1661/1325
f 2018/1663/1327 2029/1674/1338 2017/1662/1326
f 2019/1665/1329 2030/1675/1339 2018/1663/1327
f 2020/1676/1340 2031/1677/1341 2019/1665/1329
f 2033/1678/1342 2020/1676/1340 2021/1666/1330
f 2034/1679/1343 2021/1666/1330 2022/1667/1331
f 2035/1680/1344 2022/1667/1331 2023/1668/1332
f 2036/1681/1345 2023/1668/1332 2024/1669/1333
f 2037/1682/1346 2024/1669/1333 2025/1670/1334
f 2038/1683/1347 2025/1670/1334 2026/1671/1335
f 2028/1673/1337 2039/1684/1348 2027/1672/1336
f 2029/1674/1338 2040/1685/1349 2028/1673/1337
f 2030/1675/1339 2041/1686/1350 2029/1674/1338
f 2031/1677/1341 2042/1687/1351 2030/1675/1339
f 2032/1688/1352 2043/1689/1353 2031/1677/1341
f 2045/1690/1354 2032/1688/1352 2033/1678/1342
f 2046/1691/1355 2033/1678/1342 2034/1679/1343
f 2047/1692/1356 2034/1679/1343 2035/1680/1344
f 2048/1693/1357 2035/1680/1344 2036/1681/1345
f 2049/1694/1358 2036/1681/1345 2037/1682/1346
f 2050/1695/1359 2037/1682/1346 2038/1683/1347
f 2040/1685/1349 2051/1696/1360 2039/1684/1348
f 2041/1686/1350 2052/1697/1361 2040/1685/1349
f 2042/1687/1351 2053/1698/1362 2041/1686/1350
f 2043/1689/1353 2054/1699/1363 2042/1687/1351
f 2044/1700/1364 2055/1701/1365 2043/1689/1353
f 2057/1702/1366 2044/1700/1364 2045/1690/1354
f 2058/1703/1367 2045/1690/1354 2046/1691/1355
f 2059/1704/1368 2046/1691/1355 2047/1692/1356
f 2060/1705/1369 2047/1692/1356 2048/1693/1357
f 2061/1706/1370 2048/1693/1357 2049/1694/1358
f 2062/1707/1371 2049/1694/1358 2050/1695/1359
f 2052/1697/1361 2063/1708/1372 2051/1696/1360
f 2053/1698/1362 2064/1709/1373 2052/1697/1361
f 2054/1699/1363 2065/1710/1374 2053/1698/1362
f 2055/1701/1365 2066/1711/1375 2054/1699/1363
f 2056/1712/1376 2067/1713/1377 2055/1701/1365
f 2069/1714/1378 2056/1712/1376 2057/1702/1366
f 2070/1715/1379 2057/1702/1366 2058/1703/1367
f 2071/1716/1380 2058/1703/1367 2059/1704/1368
f 2072/1717/1381 2059/1704/1368 2060/1705/1369
f 2073/1718/1382 2060/1705/1369 2061/1706/1370
f 2074/1719/1383 2061/1706/1370 2062/1707/1371
f 2064/1709/1373 2075/1720/1384 2063/1708/1372
f 2065/1710/1374 2076/1721/1385 2064/1709/1373
f 2066/1711/1375 2077/1722/1386 2065/1710/1374
f 2067/1713/1377 2078/1723/1387 2066/1711/1375
f 2068/1724/1388 2079/1725/1389 2067/1713/1377
f 2081/1726/1390 2068/1724/1388 2069/1714/1378
f 2082/1727/1391 2069/1714/1378 2070/1715/1379
f 2083/1728/1392 2070/1715/1379 2071/1716/1380
f 2084/1729/1393 2071/1716/1380 2072/1717/1381
f 2085/1730/1394 2072/1717/1381 2073/1718/1382
f 2086/1731/1395 2073/1718/1382 2074/1719/1383
f 2076/1721/1385 2087/1732/1396 2075/1720/1384
f 2077/1722/1386 2088/1733/1397 2076/1721/1385
f 2078/1723/1387 2089/1734/1398 2077/1722/1386
f 2079/1725/1389 2090/1735/1399 2078/1723/1387
f 2080/1736/1400 2091/1737/1401 2079/1725/1389
f 2093/1738/1402 2080/1736/1400 2081/1726/1390
f 2094/1739/1403 2081/1726/1390 2082/1727/1391
f 2095/1740/1404 2082/1727/1391 2083/1728/1392
f 2096/1741/1405 2083/1728/1392 2084/1729/1393
f 2097/1742/1406 2084/1729/1393 2085/1730/1394
f 2098/1743/1407 2085/1730/1394 2086/1731/1395
f 2088/1733/1397 2099/37/1408 2087/1732/1396
f 2089/1734/1398 2100/1744/1409 2088/1733/1397
f 2090/1735/1399 2101/1745/1410 2089/1734/1398
f 2091/1737/1401 2102/1746/1411 2090/1735/1399
f 2092/1747/1412 2103/1748/1413 2091/1737/1401
f 2105/1749/1414 2092/1747/1412 2093/1738/1402
f 2106/1750/1415 2093/1738/1402 2094/1739/1403
f 2107/1751/1416 2094/1739/1403 2095/1740/1404
f 2108/1752/1417 2095/1740/1404 2096/1741/1405
f 2109/1753/1418 2096/1741/1405 2097/1742/1406
f 2110/1754/1419 2097/1742/1406 2098/1743/1407
f 2100/1744/1409 2111/1755/1420 2099/37/1408
f 2101/1745/1410 2112/1756/1421 2100/1744/1409
f 2102/1746/1411 2113/1757/1422 2101/1745/1410
f 2103/1748/1413 2114/1758/1423 2102/1746/1411
f 2104/1759/1424 2115/1760/1425 2103/1748/1413
f 2117/1761/1426 2104/1759/1424 2105/1749/1414
f 2118/1762/1427 2105/1749/1414 2106/1750/1415
f 2119/1763/1428 2106/1750/1415 2107/1751/1416
f 2120/1764/1429 2107/1751/1416 2108/1752/1417
f 2121/1765/1430 2108/1752/1417 2109/1753/1418
f 2122/1766/1431 2109/1753/1418 2110/1754/1419
f 2112/1756/1421 2123/1767/1432 2111/1755/1420
f 2113/1757/1422 2124/1768/1433 2112/1756/1421
f 2114/1758/1423 2125/1769/1434 2113/1757/1422
f 2115/1760/1425 2126/1770/1435 2114/1758/1423
f 2116/1771/1436 2127/1772/1437 2115/1760/1425
f 2129/1773/1438 2116/1771/1436 2117/1761/1426
f 2130/1774/1439 2117/1761/1426 2118/1762/1427
f 2131/1775/1440 2118/1762/1427 2119/1763/1428
f 2132/1776/1441 2119/1763/1428 2120/1764/1429
f 2133/1777/1442 2120/1764/1429 2121/1765/1430
f 2134/1778/1443 2121/1765/1430 2122/1766/1431
f 2124/1768/1433 2135/1779/1444 2123/1767/1432
f 2125/1769/1434 2136/1780/1445 2124/1768/1433
f 2126/1770/1435 2137/1781/1446 2125/1769/1434
f 2127/1772/1437 2138/1782/1447 2126/1770/1435
f 2128/1783/1448 2139/1784/1449 2127/1772/1437
f 2141/1785/1450 2128/1783/1448 2129/1773/1438
f 2142/1786/1451 2129/1773/1438 2130/1774/1439
f 2143/1787/1452 2130/1774/1439 2131/1775/1440
f 2144/1788/1453 2131/1775/1440 2132/1776/1441
f 2145/1789/1454 2132/1776/1441 2133/1777/1442
f 2146/1790/1455 2133/1777/1442 2134/1778/1443
f 2136/1780/1445 2147/1791/1456 2135/1779/1444
f 2137/1781/1446 2148/1792/1457 2136/1780/1445
f 2138/1782/1447 2149/1793/1458 2137/1781/1446
f 2139/1784/1449 2150/1794/1459 2138/1782/1447
f 2140/1795/1460 2151/1796/1461 2139/1784/1449
f 2153/1797/1462 2140/1795/1460 2141/1785/1450
f 2154/1798/1463 2141/1785/1450 2142/1786/1451
f 2155/1799/1464 2142/1786/1451 2143/1787/1452
f 2156/1800/1465 2143/1787/1452 2144/1788/1453
f 2157/1801/1466 2144/1788/1453 2145/1789/1454
f 2158/1802/1467 2145/1789/1454 2146/1790/1455
f 2148/1792/1457 2159/1803/1468 2147/1791/1456
f 2149/1793/1458 2160/1804/1469 2148/1792/1457
f 2150/1794/1459 2161/1805/1470 2149/1793/1458
f 2151/1796/1461 2162/1806/1471 2150/1794/1459
f 2152/1807/1472 2163/1808/1473 2151/1796/1461
f 2165/1809/1474 2152/1807/1472 2153/1797/1462
f 2166/1810/1475 2153/1797/1462 2154/1798/1463
f 2167/1811/1476 2154/1798/1463 2155/1799/1464
f 2168/1812/1477 2155/1799/1464 2156/1800/1465
f 2169/1813/1478 2156/1800/1465 2157/1801/1466
f 2170/1814/1479 2157/1801/1466 2158/1802/1467
f 2172/1815/1480 2159/1803/1468 2160/1804/1469
f 2173/1816/1481 2160/1804/1469 2161/1805/1470
f 2174/1817/1482 2161/1805/1470 2162/1806/1471
f 2175/1818/1483 2162/1806/1471 2163/1808/1473
f 2176/1819/1484 2163/1808/1473 2164/1820/1485
f 2177/1821/1486 2164/1820/1485 2165/1809/1474
f 2166/1810/1475 2177/1821/1486 2165/1809/1474
f 2167/1811/1476 2178/1822/1487 2166/1810/1475
f 2168/1812/1477 2179/1823/1488 2167/1811/1476
f 2169/1813/1478 2180/1824/1489 2168/1812/1477
f 2170/1814/1479 2181/1825/1490 2169/1813/1478
f 2184/1826/1491 2171/1827/1492 2172/1815/1480
f 2185/1828/1493 2172/1815/1480 2173/1816/1481
f 2186/1829/1494 2173/1816/1481 2174/1817/1482
f 2187/1830/1495 2174/1817/1482 2175/1818/1483
f 2188/1831/1496 2175/1818/1483 2176/1819/1484
f 2189/1832/1497 2176/1819/1484 2177/1821/1486
f 2178/1822/1487 2189/1832/1497 2177/1821/1486
f 2179/1823/1488 2190/1833/1498 2178/1822/1487
f 2180/1824/1489 2191/1834/1499 2179/1823/1488
f 2181/1825/1490 2192/1835/1500 2180/1824/1489
f 2182/1836/1501 2193/1837/1502 2181/1825/1490
f 2196/1838/1503 2183/1839/1504 2184/1826/1491
f 2197/1840/1505 2184/1826/1491 2185/1828/1493
f 2198/1841/1506 2185/1828/1493 2186/1829/1494
f 2199/1842/1507 2186/1829/1494 2187/1830/1495
f 2200/1843/1508 2187/1830/1495 2188/1831/1496
f 2201/1844/1509 2188/1831/1496 2189/1832/1497
f 2190/1833/1498 2201/1844/1509 2189/1832/1497
f 2191/1834/1499 2202/1845/1510 2190/1833/1498
f 2192/1835/1500 2203/1846/1511 2191/1834/1499
f 2193/1837/1502 2204/1847/1512 2192/1835/1500
f 2194/1848/1513 2205/1849/1514 2193/1837/1502
f 2208/1850/1515 2195/1851/1516 2196/1838/1503
f 2209/1852/1517 2196/1838/1503 2197/1840/1505
f 2210/1853/1518 2197/1840/1505 2198/1841/1506
f 2211/1854/1519 2198/1841/1506 2199/1842/1507
f 2212/1855/1520 2199/1842/1507 2200/1843/1508
f 2213/1856/1521 2200/1843/1508 2201/1844/1509
f 2202/1845/1510 2213/1856/1521 2201/1844/1509
f 2203/1846/1511 2214/1857/1522 2202/1845/1510
f 2204/1847/1512 2215/1858/1523 2203/1846/1511
f 2205/1849/1514 2216/1859/1524 2204/1847/1512
f 2206/1860/1525 2217/1861/1526 2205/1849/1514
f 2220/1862/1527 2207/1863/1528 2208/1850/1515
f 2221/1864/1529 2208/1850/1515 2209/1852/1517
f 2222/1865/1530 2209/1852/1517 2210/1853/1518
f 2223/1866/1531 2210/1853/1518 2211/1854/1519
f 2224/1867/1532 2211/1854/1519 2212/1855/1520
f 2225/1868/1533 2212/1855/1520 2213/1856/1521
f 2214/1857/1522 2225/1868/1533 2213/1856/1521
f 2215/1858/1523 2226/1869/1534 2214/1857/1522
f 2216/1859/1524 2227/1870/1535 2215/1858/1523
f 2217/1861/1526 2228/1871/1536 2216/1859/1524
f 2218/1872/1537 2229/1873/1538 2217/1861/1526
f 2232/1874/1539 2219/1875/1540 2220/1862/1527
f 2233/1876/1541 2220/1862/1527 2221/1864/1529
f 2234/1877/1542 2221/1864/1529 2222/1865/1530
f 2235/1878/1543 2222/1865/1530 2223/1866/1531
f 2236/1879/1544 2223/1866/1531 2224/1867/1532
f 2237/1880/1545 2224/1867/1532 2225/1868/1533
f 2226/1869/1534 2237/1880/1545 2225/1868/1533
f 2227/1870/1535 2238/1881/1546 2226/1869/1534
f 2228/1871/1536 2239/1882/1547 2227/1870/1535
f 2229/1873/1538 2240/1883/1548 2228/1871/1536
f 2230/1884/1549 2241/1885/1550 2229/1873/1538
f 2244/1886/1551 2231/1887/1552 2232/1874/1539
f 2245/1888/1553 2232/1874/1539 2233/1876/1541
f 2246/1889/1554 2233/1876/1541 2234/1877/1542
f 2247/1890/1555 2234/1877/1542 2235/1878/1543
f 2248/1891/1556 2235/1878/1543 2236/1879/1544
f 2249/1892/1557 2236/1879/1544 2237/1880/1545
f 2238/1881/1546 2249/1892/1557 2237/1880/1545
f 2239/1882/1547 2250/1893/1558 2238/1881/1546
f 2240/1883/1548 2251/1894/1559 2239/1882/1547
f 2241/1885/1550 2252/1895/1560 2240/1883/1548
f 2242/1896/1561 2253/1897/1562 2241/1885/1550
f 2256/1898/1563 2243/1899/1564 2244/1886/1551
f 2257/1900/1565 2244/1886/1551 2245/1888/1553
f 2258/1901/1566 2245/1888/1553 2246/1889/1554
f 2259/1902/1567 2246/1889/1554 2247/1890/1555
f 2260/1903/1568 2247/1890/1555 2248/1891/1556
f 2261/1904/1569 2248/1891/1556 2249/1892/1557
f 2250/1893/1558 2261/1904/1569 2249/1892/1557
f 2251/1894/1559 2262/1905/1570 2250/1893/1558
f 2252/1895/1560 2263/1906/1571 2251/1894/1559
f 2253/1897/1562 2264/1907/1572 2252/1895/1560
f 2254/1908/1573 2265/1909/1574 2253/1897/1562
f 2268/1910/1575 2255/1911/1576 2256/1898/1563
f 2269/1912/1577 2256/1898/1563 2257/1900/1565
f 2270/1913/1578 2257/1900/1565 2258/1901/1566
f 2271/1914/1579 2258/1901/1566 2259/1902/1567
f 2272/1915/1580 2259/1902/1567 2260/1903/1568
f 2273/1916/1581 2260/1903/1568 2261/1904/1569
f 2262/1905/1570 2273/1916/1581 2261/1904/1569
f 2263/1906/1571 2274/1917/1582 2262/1905/1570
f 2264/1907/1572 2275/1918/1583 2263/1906/1571
f 2265/1909/1574 2276/1919/1584 2264/1907/1572
f 2266/1920/1585 2277/1921/1586 2265/1909/1574
f 2268/1910/1575 2279/1922/1587 2267/1923/1588
f 2269/1912/1577 2280/1924/1589 2268/1910/1575
f 2270/1913/1578 2281/1925/1590 2269/1912/1577
f 2271/1914/1579 2282/1926/1591 2270/1913/1578
f 2272/1915/1580 2283/1927/1592 2271/1914/1579
f 2285/1928/1593 2272/1915/1580 2273/1916/1581
f 2286/1929/1594 2273/1916/1581 2274/1917/1582
f 2287/1930/1595 2274/1917/1582 2275/1918/1583
f 2288/1931/1596 2275/1918/1583 2276/1919/1584
f 2289/1932/1597 2276/1919/1584 2277/1921/1586
f 2290/1933/1598 2277/1921/1586 2278/1934/1599
f 2292/1935/1600 2279/1922/1587 2280/1924/1589
f 2293/1936/1601 2280/1924/1589 2281/1925/1590
f 2294/1937/1602 2281/1925/1590 2282/1926/1591
f 2295/1938/1603 2282/1926/1591 2283/1927/1592
f 2296/1939/1604 2283/1927/1592 2284/1940/1605
f 2297/1941/1606 2284/1940/1605 2285/1928/1593
f 2286/1929/1594 2297/1941/1606 2285/1928/1593
f 2287/1930/1595 2298/1942/1607 2286/1929/1594
f 2288/1931/1596 2299/1943/1608 2287/1930/1595
f 2289/1932/1597 2300/1944/1609 2288/1931/1596
f 2290/1933/1598 2301/1945/1610 2289/1932/1597
f 2304/1946/1611 2291/1947/1612 2292/1935/1600
f 2305/1948/1613 2292/1935/1600 2293/1936/1601
f 2306/1949/1614 2293/1936/1601 2294/1937/1602
f 2307/1950/1615 2294/1937/1602 2295/1938/1603
f 2308/1951/1616 2295/1938/1603 2296/1939/1604
f 2309/1952/1617 2296/1939/1604 2297/1941/1606
f 2298/1942/1607 2309/1952/1617 2297/1941/1606
f 2299/1943/1608 2310/1953/1618 2298/1942/1607
f 2300/1944/1609 2311/1954/1619 2299/1943/1608
f 2301/1945/1610 2312/1955/1620 2300/1944/1609
f 2302/1956/1621 2313/1957/1622 2301/1945/1610
f 2316/1958/1623 2303/1959/1624 2304/1946/1611
f 2317/1960/1625 2304/1946/1611 2305/1948/1613
f 2318/1961/1626 2305/1948/1613 2306/1949/1614
f 2319/1962/1627 2306/1949/1614 2307/1950/1615
f 2320/1963/1628 2307/1950/1615 2308/1951/1616
f 2321/1964/1629 2308/1951/1616 2309/1952/1617
f 2310/1953/1618 2321/1964/1629 2309/1952/1617
f 2311/1954/1619 2322/1965/1630 2310/1953/1618
f 2312/1955/1620 2323/1966/1631 2311/1954/1619
f 2313/1957/1622 2324/1967/1632 2312/1955/1620
f 2314/1968/1633 2325/1969/1634 2313/1957/1622
f 2328/1970/1635 2315/1971/1636 2316/1958/1623
f 2329/1972/1637 2316/1958/1623 2317/1960/1625
f 2330/1973/1638 2317/1960/1625 2318/1961/1626
f 2331/1974/1639 2318/1961/1626 2319/1962/1627
f 2332/1975/1640 2319/1962/1627 2320/1963/1628
f 2333/1976/1641 2320/1963/1628 2321/1964/1629
f 2322/1965/1630 2333/1976/1641 2321/1964/1629
f 2323/1966/1631 2334/1977/1642 2322/1965/1630
f 2324/1967/1632 2335/1978/1643 2323/1966/1631
f 2325/1969/1634 2336/1979/1644 2324/1967/1632
f 2326/1980/1645 2337/1981/1646 2325/1969/1634
f 2340/1982/1647 2327/1983/1648 2328/1970/1635
f 2341/1984/1649 2328/1970/1635 2329/1972/1637
f 2342/1985/1650 2329/1972/1637 2330/1973/1638
f 2343/1986/1651 2330/1973/1638 2331/1974/1639
f 2344/1987/1652 2331/1974/1639 2332/1975/1640
f 2345/1988/1653 2332/1975/1640 2333/1976/1641
f 2334/1977/1642 2345/1988/1653 2333/1976/1641
f 2335/1978/1643 2346/1989/1654 2334/1977/1642
f 2336/1979/1644 2347/1990/1655 2335/1978/1643
f 2337/1981/1646 2348/1991/1656 2336/1979/1644
f 2338/1992/1657 2349/1993/1658 2337/1981/1646
f 2352/1994/1659 2339/1995/1660 2340/1982/1647
f 2353/1996/1661 2340/1982/1647 2341/1984/1649
f 2354/1997/1662 2341/1984/1649 2342/1985/1650
f 2355/1998/1663 2342/1985/1650 2343/1986/1651
f 2356/1999/1664 2343/1986/1651 2344/1987/1652
f 2357/2000/1665 2344/1987/1652 2345/1988/1653
f 2346/1989/1654 2357/2000/1665 2345/1988/1653
f 2347/1990/1655 2358/2001/1666 2346/1989/1654
f 2348/1991/1656 2359/2002/1667 2347/1990/1655
f 2349/1993/1658 2360/2003/1668 2348/1991/1656
f 2350/2004/1669 2361/2005/1670 2349/1993/1658
f 2364/2006/1671 2351/2007/1672 2352/1994/1659
f 2365/2008/1673 2352/1994/1659 2353/1996/1661
f 2366/2009/1674 2353/1996/1661 2354/1997/1662
f 2367/2010/1675 2354/1997/1662 2355/1998/1663
f 2368/2011/1676 2355/1998/1663 2356/1999/1664
f 2369/2012/1677 2356/1999/1664 2357/2000/1665
f 2358/2001/1666 2369/2012/1677 2357/2000/1665
f 2359/2002/1667 2370/2013/1678 2358/2001/1666
f 2360/2003/1668 2371/2014/1679 2359/2002/1667
f 2361/2005/1670 2372/2015/1680 2360/2003/1668
f 2362/2016/1681 2373/2017/1682 2361/2005/1670
f 2376/2018/1683 2363/2019/1684 2364/2006/1671
f 2377/2020/1685 2364/2006/1671 2365/2008/1673
f 2378/2021/1686 2365/2008/1673 2366/2009/1674
f 2379/2022/1687 2366/2009/1674 2367/2010/1675
f 2380/2023/1688 2367/2010/1675 2368/2011/1676
f 2381/2024/1689 2368/2011/1676 2369/2012/1677
f 2370/2013/1678 2381/2024/1689 2369/2012/1677
f 2371/2014/1679 2382/2025/1690 2370/2013/1678
f 2372/2015/1680 2383/2026/1691 2371/2014/1679
f 2373/2017/1682 2384/2027/1692 2372/2015/1680
f 2374/2028/1693 2385/2029/1694 2373/2017/1682
f 2388/2030/1695 2375/2031/1696 2376/2018/1683
f 2389/2032/1697 2376/2018/1683 2377/2020/1685
f 2390/2033/1698 2377/2020/1685 2378/2021/1686
f 2391/2034/1699 2378/2021/1686 2379/2022/1687
f 2392/2035/1700 2379/2022/1687 2380/2023/1688
f 2393/2036/1701 2380/2023/1688 2381/2024/1689
f 2382/2025/1690 2393/2036/1701 2381/2024/1689
f 2383/2026/1691 2394/2037/1702 2382/2025/1690
f 2384/2027/1692 2395/2038/1703 2383/2026/1691
f 2385/2029/1694 2396/2039/1704 2384/2027/1692
f 2386/2040/1705 2397/2041/1706 2385/2029/1694
f 2400/2042/1707 2387/2043/1708 2388/2030/1695
f 2401/2044/1709 2388/2030/1695 2389/2032/1697
f 2402/2045/1710 2389/2032/1697 2390/2033/1698
f 2403/2046/1711 2390/2033/1698 2391/2034/1699
f 2404/2047/1712 2391/2034/1699 2392/2035/1700
f 2405/2048/1713 2392/2035/1700 2393/2036/1701
f 2394/2037/1702 2405/2048/1713 2393/2036/1701
f 2395/2038/1703 2406/2049/1714 2394/2037/1702
f 2396/2039/1704 2407/2050/1715 2395/2038/1703
f 2397/2041/1706 2408/2051/1716 2396/2039/1704
f 2398/2052/1717 2409/2053/1718 2397/2041/1706
f 2412/2054/1719 2399/2055/1720 2400/2042/1707
f 2413/2056/1721 2400/2042/1707 2401/2044/1709
f 2414/2057/1722 2401/2044/1709 2402/2045/1710
f 2415/2058/1723 2402/2045/1710 2403/2046/1711
f 2416/2059/1724 2403/2046/1711 2404/2047/1712
f 2417/2060/1725 2404/2047/1712 2405/2048/1713
f 2406/2049/1714 2417/2060/1725 2405/2048/1713
f 2407/2050/1715 2418/2061/1726 2406/2049/1714
f 2408/2051/1716 2419/2062/1727 2407/2050/1715
f 2409/2053/1718 2420/2063/1728 2408/2051/1716
f 2410/2064/1729 2421/2065/1730 2409/2053/1718
f 2424/2066/1731 2411/2067/1732 2412/2054/1719
f 2425/2068/1733 2412/2054/1719 2413/2056/1721
f 2426/2069/1734 2413/2056/1721 2414/2057/1722
f 2427/2070/1735 2414/2057/1722 2415/2058/1723
f 2428/2071/1736 2415/2058/1723 2416/2059/1724
f 2429/2072/1737 2416/2059/1724 2417/2060/1725
f 2418/2061/1726 2429/2072/1737 2417/2060/1725
f 2419/2062/1727 2430/2073/1738 2418/2061/1726
f 2420/2063/1728 2431/2074/1739 2419/2062/1727
f 2421/2065/1730 2432/2075/1740 2420/2063/1728
f 2422/2076/1741 2433/2077/1742 2421/2065/1730
f 2424/2066/1731 2435/2078/1743 2423/2079/1744
f 2425/2068/1733 2436/2080/1745 2424/2066/1731
f 2426/2069/1734 2437/2081/1746 2425/2068/1733
f 2427/2070/1735 2438/2082/1747 2426/2069/1734
f 2428/2071/1736 2439/2083/1748 2427/2070/1735
f 2441/2084/1749 2428/2071/1736 2429/2072/1737
f 2442/2085/1750 2429/2072/1737 2430/2073/1738
f 2443/2086/1751 2430/2073/1738 2431/2074/1739
f 2444/2087/1752 2431/2074/1739 2432/2075/1740
f 2445/2088/1753 2432/2075/1740 2433/2077/1742
f 2446/2089/1754 2433/2077/1742 2434/2090/1755
f 2448/2091/1756 2435/2078/1743 2436/2080/1745
f 2449/2092/1757 2436/2080/1745 2437/2081/1746
f 2450/2093/1758 2437/2081/1746 2438/2082/1747
f 2451/2094/1759 2438/2082/1747 2439/2083/1748
f 2452/2095/1760 2439/2083/1748 2440/2096/1761
f 2453/2097/1762 2440/2096/1761 2441/2084/1749
f 2442/2085/1750 2453/2097/1762 2441/2084/1749
f 2443/2086/1751 2454/2098/1763 2442/2085/1750
f 2444/2087/1752 2455/2099/1764 2443/2086/1751
f 2445/2088/1753 2456/2100/1765 2444/2087/1752
f 2446/2089/1754 2457/2101/1766 2445/2088/1753
f 2460/2102/1767 2447/2103/1768 2448/2091/1756
f 2461/2104/1769 2448/2091/1756 2449/2092/1757
f 2462/2105/1770 2449/2092/1757 2450/2093/1758
f 2463/2106/1771 2450/2093/1758 2451/2094/1759
f 2464/2107/1772 2451/2094/1759 2452/2095/1760
f 2465/2108/1773 2452/2095/1760 2453/2097/1762
f 2454/2098/1763 2465/2108/1773 2453/2097/1762
f 2455/2099/1764 2466/2109/1774 2454/2098/1763
f 2456/2100/1765 2467/2110/1775 2455/2099/1764
f 2457/2101/1766 2468/2111/1776 2456/2100/1765
f 2458/2112/1777 2469/2113/1778 2457/2101/1766
f 2460/2102/1767 2471/2114/1779 2459/2115/1780
f 2461/2104/1769 2472/2116/1781 2460/2102/1767
f 2462/2105/1770 2473/2117/1782 2461/2104/1769
f 2463/2106/1771 2474/2118/1783 2462/2105/1770
f 2464/2107/1772 2475/2119/1784 2463/2106/1771
f 2477/2120/1785 2464/2107/1772 2465/2108/1773
f 2478/2121/1786 2465/2108/1773 2466/2109/1774
f 2479/2122/1787 2466/2109/1774 2467/2110/1775
f 2480/2123/1788 2467/2110/1775 2468/2111/1776
f 2481/2124/1789 2468/2111/1776 2469/2113/1778
f 2482/2125/1790 2469/2113/1778 2470/2126/1791
f 2472/2116/1781 2483/2127/1792 2471/2114/1779
f 2473/2117/1782 2484/2128/1793 2472/2116/1781
f 2474/2118/1783 2485/2129/1794 2473/2117/1782
f 2475/2119/1784 2486/2130/1795 2474/2118/1783
f 2476/2131/1796 2487/2132/1797 2475/2119/1784
f 2489/2133/1798 2476/2131/1796 2477/2120/1785
f 2490/2134/1799 2477/2120/1785 2478/2121/1786
f 2491/2135/1800 2478/2121/1786 2479/2122/1787
f 2492/2136/1801 2479/2122/1787 2480/2123/1788
f 2493/2137/1802 2480/2123/1788 2481/2124/1789
f 2494/2138/1803 2481/2124/1789 2482/2125/1790
f 2484/2128/1793 2495/2139/1804 2483/2127/1792
f 2485/2129/1794 2496/2140/1805 2484/2128/1793
f 2486/2130/1795 2497/2141/1806 2485/2129/1794
f 2487/2132/1797 2498/2142/1807 2486/2130/1795
f 2488/2143/1808 2499/2144/1809 2487/2132/1797
f 2501/2145/1810 2488/2143/1808 2489/2133/1798
f 2502/2146/1811 2489/2133/1798 2490/2134/1799
f 2503/2147/1812 2490/2134/1799 2491/2135/1800
f 2504/2148/1813 2491/2135/1800 2492/2136/1801
f 2505/2149/1814 2492/2136/1801 2493/2137/1802
f 2506/2150/1815 2493/2137/1802 2494/2138/1803
f 2496/2140/1805 2507/2151/1816 2495/2139/1804
f 2497/2141/1806 2508/2152/1817 2496/2140/1805
f 2498/2142/1807 2509/2153/1818 2497/2141/1806
f 2499/2144/1809 2510/2154/1819 2498/2142/1807
f 2500/2155/1820 2511/2156/1821 2499/2144/1809
f 2513/2157/1822 2500/2155/1820 2501/2145/1810
f 2514/2158/1823 2501/2145/1810 2502/2146/1811
f 2515/2159/1824 2502/2146/1811 2503/2147/1812
f 2516/2160/1825 2503/2147/1812 2504/2148/1813
f 2517/2161/1826 2504/2148/1813 2505/2149/1814
f 2518/2162/1827 2505/2149/1814 2506/2150/1815
f 2508/2152/1817 2519/2163/1828 2507/2151/1816
f 2509/2153/1818 2520/2164/1829 2508/2152/1817
f 2510/2154/1819 2521/2165/1830 2509/2153/1818
f 2511/2156/1821 2522/2166/1831 2510/2154/1819
f 2512/2167/1832 2523/2168/1833 2511/2156/1821
f 2525/2169/1834 2512/2167/1832 2513/2157/1822
f 2526/2170/1835 2513/2157/1822 2514/2158/1823
f 2527/2171/1836 2514/2158/1823 2515/2159/1824
f 2528/2172/1837 2515/2159/1824 2516/2160/1825
f 2529/2173/1838 2516/2160/1825 2517/2161/1826
f 2530/2174/1839 2517/2161/1826 2518/2162/1827
f 2520/2164/1829 2531/2175/1840 2519/2163/1828
f 2521/2165/1830 2532/2176/1841 2520/2164/1829
f 2522/2166/1831 2533/2177/1842 2521/2165/1830
f 2523/2168/1833 2534/2178/1843 2522/2166/1831
f 2524/2179/1844 2535/2180/1845 2523/2168/1833
f 2537/2181/1846 2524/2179/1844 2525/2169/1834
f 2538/2182/1847 2525/2169/1834 2526/2170/1835
f 2539/2183/1848 2526/2170/1835 2527/2171/1836
f 2540/2184/1849 2527/2171/1836 2528/2172/1837
f 2541/2185/1850 2528/2172/1837 2529/2173/1838
f 2542/2186/1851 2529/2173/1838 2530/2174/1839
f 2532/2176/1841 2543/2187/1852 2531/2175/1840
f 2533/2177/1842 2544/2188/1853 2532/2176/1841
f 2534/2178/1843 2545/2189/1854 2533/2177/1842
f 2535/2180/1845 2546/2190/1855 2534/2178/1843
f 2536/2191/1856 2547/2192/1857 2535/2180/1845
f 2549/2193/1858 2536/2191/1856 2537/2181/1846
f 2550/2194/1859 2537/2181/1846 2538/2182/1847
f 2551/2195/1860 2538/2182/1847 2539/2183/1848
f 2552/2196/1861 2539/2183/1848 2540/2184/1849
f 2553/2197/1862 2540/2184/1849 2541/2185/1850
f 2554/2198/1863 2541/2185/1850 2542/2186/1851
f 2544/2188/1853 2555/2199/1864 2543/2187/1852
f 2545/2189/1854 2556/2200/1865 2544/2188/1853
f 2546/2190/1855 2557/2201/1866 2545/2189/1854
f 2547/2192/1857 2558/2202/1867 2546/2190/1855
f 2548/2203/1868 2559/2204/1869 2547/2192/1857
f 2561/2205/1870 2548/2203/1868 2549/2193/1858
f 2562/2206/1871 2549/2193/1858 2550/2194/1859
f 2563/2207/1872 2550/2194/1859 2551/2195/1860
f 2564/2208/1873 2551/2195/1860 2552/2196/1861
f 2565/2209/1874 2552/2196/1861 2553/2197/1862
f 2566/2210/1875 2553/2197/1862 2554/2198/1863
f 2556/2200/1865 2567/2211/1876 2555/2199/1864
f 2557/2201/1866 2568/2212/1877 2556/2200/1865
f 2558/2202/1867 2569/2213/1878 2557/2201/1866
f 2559/2204/1869 2570/2214/1879 2558/2202/1867
f 2560/2215/1880 2571/2216/1881 2559/2204/1869
f 2573/2217/1882 2560/2215/1880 2561/2205/1870
f 2574/2218/1883 2561/2205/1870 2562/2206/1871
f 2575/2219/1884 2562/2206/1871 2563/2207/1872
f 2576/2220/1885 2563/2207/1872 2564/2208/1873
f 2577/2221/1886 2564/2208/1873 2565/2209/1874
f 2578/2222/1887 2565/2209/1874 2566/2210/1875
f 2568/2212/1877 2579/2223/1888 2567/2211/1876
f 2569/2213/1878 2580/2224/1889 2568/2212/1877
f 2570/2214/1879 2581/2225/1890 2569/2213/1878
f 2571/2216/1881 2582/2226/1891 2570/2214/1879
f 2572/2227/1892 2583/2228/1893 2571/2216/1881
f 2585/2229/1894 2572/2227/1892 2573/2217/1882
f 2586/2230/1895 2573/2217/1882 2574/2218/1883
f 2587/2231/1896 2574/2218/1883 2575/2219/1884
f 2588/2232/1897 2575/2219/1884 2576/2220/1885
f 2589/2233/1898 2576/2220/1885 2577/2221/1886
f 2590/2234/1899 2577/2221/1886 2578/2222/1887
f 2580/2224/1889 2591/2235/1900 2579/2223/1888
f 2581/2225/1890 2592/2236/1901 2580/2224/1889
f 2582/2226/1891 2593/2237/1902 2581/2225/1890
f 2583/2228/1893 2594/2238/1903 2582/2226/1891
f 2584/2239/1904 2595/2240/1905 2583/2228/1893
f 2597/2241/1906 2584/2239/1904 2585/2229/1894
f 2598/2242/1907 2585/2229/1894 2586/2230/1895
f 2599/2243/1908 2586/2230/1895 2587/2231/1896
f 2600/2244/1909 2587/2231/1896 2588/2232/1897
f 2601/2245/1910 2588/2232/1897 2589/2233/1898
f 2602/2246/1911 2589/2233/1898 2590/2234/1899
f 2604/2247/1912 2591/2235/1900 2592/2236/1901
f 2605/2248/1913 2592/2236/1901 2593/2237/1902
f 2606/2249/1914 2593/2237/1902 2594/2238/1903
f 2607/2250/1915 2594/2238/1903 2595/2240/1905
f 2608/2251/1916 2595/2240/1905 2596/2252/1917
f 2609/2253/1918 2596/2252/1917 2597/2241/1906
f 2598/2242/1907 2609/2253/1918 2597/2241/1906
f 2599/2243/1908 2610/2254/1919 2598/2242/1907
f 2600/2244/1909 2611/2255/1920 2599/2243/1908
f 2601/2245/1910 2612/2256/1921 2600/2244/1909
f 2602/2246/1911 2613/2257/1922 2601/2245/1910
f 2616/2258/1923 2603/2259/1924 2604/2247/1912
f 2617/2260/1925 2604/2247/1912 2605/2248/1913
f 2618/2261/1926 2605/2248/1913 2606/2249/1914
f 2619/2262/1927 2606/2249/1914 2607/2250/1915
f 2620/2263/1928 2607/2250/1915 2608/2251/1916
f 2621/2264/1929 2608/2251/1916 2609/2253/1918
f 2610/2254/1919 2621/2264/1929 2609/2253/1918
f 2611/2255/1920 2622/2265/1930 2610/2254/1919
f 2612/2256/1921 2623/2266/1931 2611/2255/1920
f 2613/2257/1922 2624/2267/1932 2612/2256/1921
f 2614/2268/1933 2625/2269/1934 2613/2257/1922
f 2628/2270/1935 2615/2271/1936 2616/2258/1923
f 2629/2272/1937 2616/2258/1923 2617/2260/1925
f 2630/2273/1938 2617/2260/1925 2618/2261/1926
f 2631/2274/1939 2618/2261/1926 2619/2262/1927
f 2632/2275/1940 2619/2262/1927 2620/2263/1928
f 2633/2276/1941 2620/2263/1928 2621/2264/1929
f 2622/2265/1930 2633/2276/1941 2621/2264/1929
f 2623/2266/1931 2634/2277/1942 2622/2265/1930
f 2624/2267/1932 2635/2278/1943 2623/2266/1931
f 2625/2269/1934 2636/2279/1944 2624/2267/1932
f 2626/2280/1945 2637/2281/1946 2625/2269/1934
f 2640/2282/1947 2627/2283/1948 2628/2270/1935
f 2641/2284/1949 2628/2270/1935 2629/2272/1937
f 2642/2285/1950 2629/2272/1937 2630/2273/1938
f 2643/2286/1951 2630/2273/1938 2631/2274/1939
f 2644/2287/1952 2631/2274/1939 2632/2275/1940
f 2645/2288/1953 2632/2275/1940 2633/2276/1941
f 2634/2277/1942 2645/2288/1953 2633/2276/1941
f 2635/2278/1943 2646/2289/1954 2634/2277/1942
f 2636/2279/1944 2647/2290/1955 2635/2278/1943
f 2637/2281/1946 2648/2291/1956 2636/2279/1944
f 2638/2292/1957 2649/2293/1958 2637/2281/1946
f 2652/2294/1959 2639/2295/1960 2640/2282/1947
f 2653/2296/1961 2640/2282/1947 2641/2284/1949
f 2654/2297/1962 2641/2284/1949 2642/2285/1950
f 2655/2298/1963 2642/2285/1950 2643/2286/1951
f 2656/2299/1964 2643/2286/1951 2644/2287/1952
f 2657/2300/1965 2644/2287/1952 2645/2288/1953
f 2646/2289/1954 2657/2300/1965 2645/2288/1953
f 2647/2290/1955 2658/2301/1966 2646/2289/1954
f 2648/2291/1956 2659/2302/1967 2647/2290/1955
f 2649/2293/1958 2660/2303/1968 2648/2291/1956
f 2650/2304/1969 2661/2305/1970 2649/2293/1958
f 2664/2306/1971 2651/2307/1972 2652/2294/1959
f 2665/2308/1973 2652/2294/1959 2653/2296/1961
f 2666/2309/1974 2653/2296/1961 2654/2297/1962
f 2667/2310/1975 2654/2297/1962 2655/2298/1963
f 2668/2311/1976 2655/2298/1963 2656/2299/1964
f 2669/2312/1977 2656/2299/1964 2657/2300/1965
f 2658/2301/1966 2669/2312/1977 2657/2300/1965
f 2659/2302/1967 2670/2313/1978 2658/2301/1966
f 2660/2303/1968 2671/2314/1979 2659/2302/1967
f 2661/2305/1970 2672/2315/1980 2660/2303/1968
f 2662/2316/1981 2673/2317/1982 2661/2305/1970
f 2676/2318/1983 2663/2319/1984 2664/2306/1971
f 2677/2320/1985 2664/2306/1971 2665/2308/1973
f 2678/2321/1986 2665/2308/1973 2666/2309/1974
f 2679/2322/1987 2666/2309/1974 2667/2310/1975
f 2680/2323/1988 2667/2310/1975 2668/2311/1976
f 2681/2324/1989 2668/2311/1976 2669/2312/1977
f 2670/2313/1978 2681/2324/1989 2669/2312/1977
f 2671/2314/1979 2682/2325/1990 2670/2313/1978
f 2672/2315/1980 2683/2326/1991 2671/2314/1979
f 2673/2317/1982 2684/2327/1992 2672/2315/1980
f 2674/2328/1993 2685/2329/1994 2673/2317/1982
f 2688/2330/1995 2675/2331/1996 2676/2318/1983
f 2689/2332/1997 2676/2318/1983 2677/2320/1985
f 2690/2333/1998 2677/2320/1985 2678/2321/1986
f 2691/2334/1999 2678/2321/1986 2679/2322/1987
f 2692/2335/2000 2679/2322/1987 2680/2323/1988
f 2693/2336/2001 2680/2323/1988 2681/2324/1989
f 2682/2325/1990 2693/2336/2001 2681/2324/1989
f 2683/2326/1991 2694/2337/2002 2682/2325/1990
f 2684/2327/1992 2695/2338/2003 2683/2326/1991
f 2685/2329/1994 2696/2339/2004 2684/2327/1992
f 2686/2340/2005 2697/2341/2006 2685/2329/1994
f 2700/2342/2007 2687/2343/2008 2688/2330/1995
f 2701/2344/2009 2688/2330/1995 2689/2332/1997
f 2702/2345/2010 2689/2332/1997 2690/2333/1998
f 2703/2346/2011 2690/2333/1998 2691/2334/1999
f 2704/2347/2012 2691/2334/1999 2692/2335/2000
f 2705/2348/2013 2692/2335/2000 2693/2336/2001
f 2694/2337/2002 2705/2348/2013 2693/2336/2001
f 2695/2338/2003 2706/2349/2014 2694/2337/2002
f 2696/2339/2004 2707/2350/2015 2695/2338/2003
f 2697/2341/2006 2708/2351/2016 2696/2339/2004
f 2698/2352/2017 2709/2353/2018 2697/2341/2006
f 2712/2354/2019 2699/2355/2020 2700/2342/2007
f 2713/2356/2021 2700/2342/2007 2701/2344/2009
f 2714/2357/2022 2701/2344/2009 2702/2345/2010
f 2715/2358/2023 2702/2345/2010 2703/2346/2011
f 2716/2359/2024 2703/2346/2011 2704/2347/2012
f 2717/2360/2025 2704/2347/2012 2705/2348/2013
f 2706/2349/2014 2717/2360/2025 2705/2348/2013
f 2707/2350/2015 2718/2361/2026 2706/2349/2014
f 2708/2351/2016 2719/2362/2027 2707/2350/2015
f 2709/2353/2018 2720/2363/2028 2708/2351/2016
f 2710/2364/2029 2721/2365/2030 2709/2353/2018
f 2724/2366/2031 2711/2367/2032 2712/2354/2019
f 2725/2368/2033 2712/2354/2019 2713/2356/2021
f 2726/2369/2034 2713/2356/2021 2714/2357/2022
f 2727/2370/2035 2714/2357/2022 2715/2358/2023
f 2728/2371/2036 2715/2358/2023 2716/2359/2024
f 2729/2372/2037 2716/2359/2024 2717/2360/2025
f 2718/2361/2026 2729/2372/2037 2717/2360/2025
f 2719/2362/2027 2730/2373/2038 2718/2361/2026
f 2720/2363/2028 2731/2374/2039 2719/2362/2027
f 2721/2365/2030 2732/2375/2040 2720/2363/2028
f 2722/2376/2041 2733/2377/2042 2721/2365/2030
f 2724/2366/2031 2735/2378/2043 2723/2379/2044
f 2725/2368/2033 2736/2380/2045 2724/2366/2031
f 2726/2369/2034 2737/2381/2046 2725/2368/2033
f 2727/2370/2035 2738/2382/2047 2726/2369/2034
f 2728/2371/2036 2739/2383/2048 2727/2370/2035
f 2741/2384/2049 2728/2371/2036 2729/2372/2037
f 2742/2385/2050 2729/2372/2037 2730/2373/2038
f 2743/2386/2051 2730/2373/2038 2731/2374/2039
f 2744/2387/2052 2731/2374/2039 2732/2375/2040
f 2745/2388/2053 2732/2375/2040 2733/2377/2042
f 2746/2389/2054 2733/2377/2042 2734/2390/2055
f 2736/2380/2045 2747/2391/2056 2735/2378/2043
f 2737/2381/2046 2748/2392/2057 2736/2380/2045
f 2738/2382/2047 2749/2393/2058 2737/2381/2046
f 2739/2383/2048 2750/2394/2059 2738/2382/2047
f 2740/2395/2060 2751/2396/2061 2739/2383/2048
f 2753/2397/2062 2740/2395/2060 2741/2384/2049
f 2754/2398/2063 2741/2384/2049 2742/2385/2050
f 2755/2399/2064 2742/2385/2050 2743/2386/2051
f 2756/2400/2065 2743/2386/2051 2744/2387/2052
f 2757/2401/2066 2744/2387/2052 2745/2388/2053
f 2758/2402/2067 2745/2388/2053 2746/2389/2054
f 2748/2392/2057 2759/2403/2068 2747/2391/2056
f 2749/2393/2058 2760/2404/2069 2748/2392/2057
f 2750/2394/2059 2761/2405/2070 2749/2393/2058
f 2751/2396/2061 2762/2406/2071 2750/2394/2059
f 2752/2407/2072 2763/2408/2073 2751/2396/2061
f 2765/2409/2074 2752/2407/2072 2753/2397/2062
f 2766/2410/2075 2753/2397/2062 2754/2398/2063
f 2767/2411/2076 2754/2398/2063 2755/2399/2064
f 2768/2412/2077 2755/2399/2064 2756/2400/2065
f 2769/2413/2078 2756/2400/2065 2757/2401/2066
f 2770/2414/2079 2757/2401/2066 2758/2402/2067
f 2760/2404/2069 2771/2415/2080 2759/2403/2068
f 2761/2405/2070 2772/2416/2081 2760/2404/2069
f 2762/2406/2071 2773/2417/2082 2761/2405/2070
f 2763/2408/2073 2774/2418/2083 2762/2406/2071
f 2764/2419/2084 2775/2420/2085 2763/2408/2073
f 2777/2421/2086 2764/2419/2084 2765/2409/2074
f 2778/2422/2087 2765/2409/2074 2766/2410/2075
f 2779/2423/2088 2766/2410/2075 2767/2411/2076
f 2780/2424/2089 2767/2411/2076 2768/2412/2077
f 2781/2425/2090 2768/2412/2077 2769/2413/2078
f 2782/2426/2091 2769/2413/2078 2770/2414/2079
f 2772/2416/2081 2783/2427/2092 2771/2415/2080
f 2773/2417/2082 2784/2428/2093 2772/2416/2081
f 2774/2418/2083 2785/2429/2094 2773/2417/2082
f 2775/2420/2085 2786/2430/2095 2774/2418/2083
f 2776/2431/2096 2787/2432/2097 2775/2420/2085
f 2789/2433/2098 2776/2431/2096 2777/2421/2086
f 2790/2434/2099 2777/2421/2086 2778/2422/2087
f 2791/2435/2100 2778/2422/2087 2779/2423/2088
f 2792/2436/2101 2779/2423/2088 2780/2424/2089
f 2793/2437/2102 2780/2424/2089 2781/2425/2090
f 2794/2438/2103 2781/2425/2090 2782/2426/2091
f 2784/2428/2093 2795/2439/2104 2783/2427/2092
f 2785/2429/2094 2796/2440/2105 2784/2428/2093
f 2786/2430/2095 2797/2441/2106 2785/2429/2094
f 2787/2432/2097 2798/2442/2107 2786/2430/2095
f 2788/2443/2108 2799/2444/2109 2787/2432/2097
f 2801/2445/2110 2788/2443/2108 2789/2433/2098
f 2802/2446/2111 2789/2433/2098 2790/2434/2099
f 2803/2447/2112 2790/2434/2099 2791/2435/2100
f 2804/2448/2113 2791/2435/2100 2792/2436/2101
f 2805/2449/2114 2792/2436/2101 2793/2437/2102
f 2806/2450/2115 2793/2437/2102 2794/2438/2103
f 2796/2440/2105 2807/2451/2116 2795/2439/2104
f 2797/2441/2106 2808/2452/2117 2796/2440/2105
f 2798/2442/2107 2809/2453/2118 2797/2441/2106
f 2799/2444/2109 2810/2454/2119 2798/2442/2107
f 2800/2455/2120 2811/2456/2121 2799/2444/2109
f 2813/2457/2122 2800/2455/2120 2801/2445/2110
f 2814/2458/2123 2801/2445/2110 2802/2446/2111
f 2815/2459/2124 2802/2446/2111 2803/2447/2112
f 2816/2460/2125 2803/2447/2112 2804/2448/2113
f 2817/2461/2126 2804/2448/2113 2805/2449/2114
f 2818/2462/2127 2805/2449/2114 2806/2450/2115
f 2808/2452/2117 2819/2463/2128 2807/2451/2116
f 2809/2453/2118 2820/2464/2129 2808/2452/2117
f 2810/2454/2119 2821/2465/2130 2809/2453/2118
f 2811/2456/2121 2822/2466/2131 2810/2454/2119
f 2812/2467/2132 2823/2468/2133 2811/2456/2121
f 2825/2469/2134 2812/2467/2132 2813/2457/2122
f 2826/2470/2135 2813/2457/2122 2814/2458/2123
f 2827/2471/2136 2814/2458/2123 2815/2459/2124
f 2828/2472/2137 2815/2459/2124 2816/2460/2125
f 2829/2473/2138 2816/2460/2125 2817/2461/2126
f 2830/2474/2139 2817/2461/2126 2818/2462/2127
f 2820/2464/2129 2831/2475/2140 2819/2463/2128
f 2821/2465/2130 2832/2476/2141 2820/2464/2129
f 2822/2466/2131 2833/2477/2142 2821/2465/2130
f 2823/2468/2133 2834/2478/2143 2822/2466/2131
f 2824/2479/2144 2835/2480/2145 2823/2468/2133
f 2837/2481/2146 2824/2479/2144 2825/2469/2134
f 2838/2482/2147 2825/2469/2134 2826/2470/2135
f 2839/2483/2148 2826/2470/2135 2827/2471/2136
f 2840/2484/2149 2827/2471/2136 2828/2472/2137
f 2841/2485/2150 2828/2472/2137 2829/2473/2138
f 2842/2486/2151 2829/2473/2138 2830/2474/2139
f 2832/2476/2141 2843/2487/2152 2831/2475/2140
f 2833/2477/2142 2844/2488/2153 2832/2476/2141
f 2834/2478/2143 2845/2489/2154 2833/2477/2142
f 2835/2480/2145 2846/2490/2155 2834/2478/2143
f 2836/2491/2156 2847/2492/2157 2835/2480/2145
f 2849/2493/2158 2836/2491/2156 2837/2481/2146
f 2850/2494/2159 2837/2481/2146 2838/2482/2147
f 2851/2495/2160 2838/2482/2147 2839/2483/2148
f 2852/2496/2161 2839/2483/2148 2840/2484/2149
f 2853/2497/2162 2840/2484/2149 2841/2485/2150
f 2854/2498/2163 2841/2485/2150 2842/2486/2151
f 2844/2488/2153 2855/2499/2164 2843/2487/2152
f 2845/2489/2154 2856/2500/2165 2844/2488/2153
f 2846/2490/2155 2857/2501/2166 2845/2489/2154
f 2847/2492/2157 2858/2502/2167 2846/2490/2155
f 2848/2503/2168 2859/2504/2169 2847/2492/2157
f 2861/2505/2170 2848/2503/2168 2849/2493/2158
f 2862/2506/2171 2849/2493/2158 2850/2494/2159
f 2863/2507/2172 2850/2494/2159 2851/2495/2160
f 2864/2508/2173 2851/2495/2160 2852/2496/2161
f 2865/2509/2174 2852/2496/2161 2853/2497/2162
f 2866/2510/2175 2853/2497/2162 2854/2498/2163
f 2856/2500/2165 2867/2511/2176 2855/2499/2164
f 2857/2501/2166 2868/2512/2177 2856/2500/2165
f 2858/2502/2167 2869/2513/2178 2857/2501/2166
f 2859/2504/2169 2870/2514/2179 2858/2502/2167
f 2860/2515/2180 2871/2516/2181 2859/2504/2169
f 2873/2517/2182 2860/2515/2180 2861/2505/2170
f 2874/2518/2183 2861/2505/2170 2862/2506/2171
f 2875/2519/2184 2862/2506/2171 2863/2507/2172
f 2876/2520/2185 2863/2507/2172 2864/2508/2173
f 2877/2521/2186 2864/2508/2173 2865/2509/2174
f 2878/2522/2187 2865/2509/2174 2866/2510/2175
f 2880/2523/2188 2867/2511/2176 2868/2512/2177
f 2881/2524/2189 2868/2512/2177 2869/2513/2178
f 2882/2525/2190 2869/2513/2178 2870/2514/2179
f 2883/2526/2191 2870/2514/2179 2871/2516/2181
f 2884/2527/2192 2871/2516/2181 2872/2528/2193
f 2885/2529/2194 2872/2528/2193 2873/2517/2182
f 2874/2518/2183 2885/2529/2194 2873/2517/2182
f 2875/2519/2184 2886/2530/2195 2874/2518/2183
f 2876/2520/2185 2887/2531/2196 2875/2519/2184
f 2877/2521/2186 2888/2532/2197 2876/2520/2185
f 2878/2522/2187 2889/2533/2198 2877/2521/2186
f 2880/2523/2188 2891/2534/2199 2879/2535/2200
f 2881/2524/2189 2892/2536/2201 2880/2523/2188
f 2882/2525/2190 2893/2537/2202 2881/2524/2189
f 2883/2526/2191 2894/2538/2203 2882/2525/2190
f 2884/2527/2192 2895/2539/2204 2883/2526/2191
f 2897/2540/2205 2884/2527/2192 2885/2529/2194
f 2898/2541/2206 2885/2529/2194 2886/2530/2195
f 2899/2542/2207 2886/2530/2195 2887/2531/2196
f 2900/2543/2208 2887/2531/2196 2888/2532/2197
f 2901/2544/2209 2888/2532/2197 2889/2533/2198
f 2902/2545/2210 2889/2533/2198 2890/2546/2211
f 2904/2547/2212 2891/2534/2199 2892/2536/2201
f 2905/2548/2213 2892/2536/2201 2893/2537/2202
f 2906/2549/2214 2893/2537/2202 2894/2538/2203
f 2907/2550/2215 2894/2538/2203 2895/2539/2204
f 2908/2551/2216 2895/2539/2204 2896/2552/2217
f 2909/2553/2218 2896/2552/2217 2897/2540/2205
f 2898/2541/2206 2909/2553/2218 2897/2540/2205
f 2899/2542/2207 2910/2554/2219 2898/2541/2206
f 2900/2543/2208 2911/2555/2220 2899/2542/2207
f 2901/2544/2209 2912/2556/2221 2900/2543/2208
f 2902/2545/2210 2913/2557/2222 2901/2544/2209
f 2904/2547/2212 2915/2558/2223 2903/2559/2224
f 2905/2548/2213 2916/2560/2225 2904/2547/2212
f 2906/2549/2214 2917/2561/2226 2905/2548/2213
f 2907/2550/2215 2918/2562/2227 2906/2549/2214
f 2908/2551/2216 2919/2563/2228 2907/2550/2215
f 2921/2564/2229 2908/2551/2216 2909/2553/2218
f 2922/2565/2230 2909/2553/2218 2910/2554/2219
f 2923/2566/2231 2910/2554/2219 2911/2555/2220
f 2924/2567/2232 2911/2555/2220 2912/2556/2221
f 2925/2568/2233 2912/2556/2221 2913/2557/2222
f 2926/2569/2234 2913/2557/2222 2914/2570/2235
f 2928/2571/2236 2915/2558/2223 2916/2560/2225
f 2929/2572/2237 2916/2560/2225 2917/2561/2226
f 2930/2573/2238 2917/2561/2226 2918/2562/2227
f 2931/2574/2239 2918/2562/2227 2919/2563/2228
f 2932/2575/2240 2919/2563/2228 2920/2576/2241
f 2933/2577/2242 2920/2576/2241 2921/2564/2229
f 2922/2565/2230 2933/2577/2242 2921/2564/2229
f 2923/2566/2231 2934/2578/2243 2922/2565/2230
f 2924/2567/2232 2935/2579/2244 2923/2566/2231
f 2925/2568/2233 2936/2580/2245 2924/2567/2232
f 2926/2569/2234 2937/2581/2246 2925/2568/2233
f 2928/2571/2236 2939/2582/2247 2927/2583/2248
f 2929/2572/2237 2940/2584/2249 2928/2571/2236
f 2930/2573/2238 2941/2585/2250 2929/2572/2237
f 2931/2574/2239 2942/2586/2251 2930/2573/2238
f 2932/2575/2240 2943/2587/2252 2931/2574/2239
f 2945/2588/2253 2932/2575/2240 2933/2577/2242
f 2946/2589/2254 2933/2577/2242 2934/2578/2243
f 2947/2590/2255 2934/2578/2243 2935/2579/2244
f 2948/2591/2256 2935/2579/2244 2936/2580/2245
f 2949/2592/2257 2936/2580/2245 2937/2581/2246
f 2950/2593/2258 2937/2581/2246 2938/2594/2259
f 2940/2584/2249 2951/2595/2260 2939/2582/2247
f 2941/2585/2250 2952/2596/2261 2940/2584/2249
f 2942/2586/2251 2953/2597/2262 2941/2585/2250
f 2943/2587/2252 2954/2598/2263 2942/2586/2251
f 2944/2599/2264 2955/2600/2265 2943/2587/2252
f 2957/2601/2266 2944/2599/2264 2945/2588/2253
f 2958/2602/2267 2945/2588/2253 2946/2589/2254
f 2959/2603/2268 2946/2589/2254 2947/2590/2255
f 2960/2604/2269 2947/2590/2255 2948/2591/2256
f 2961/2605/2270 2948/2591/2256 2949/2592/2257
f 2962/2606/2271 2949/2592/2257 2950/2593/2258
f 2952/2596/2261 2963/2607/2272 2951/2595/2260
f 2953/2597/2262 2964/2608/2273 2952/2596/2261
f 2954/2598/2263 2965/2609/2274 2953/2597/2262
f 2955/2600/2265 2966/2610/2275 2954/2598/2263
f 2956/2611/2276 2967/2612/2277 2955/2600/2265
f 2969/2613/2278 2956/2611/2276 2957/2601/2266
f 2970/2614/2279 2957/2601/2266 2958/2602/2267
f 2971/2615/2280 2958/2602/2267 2959/2603/2268
f 2972/2616/2281 2959/2603/2268 2960/2604/2269
f 2973/2617/2282 2960/2604/2269 2961/2605/2270
f 2974/2618/2283 2961/2605/2270 2962/2606/2271
f 2964/2608/2273 2975/2619/2284 2963/2607/2272
f 2965/2609/2274 2976/2620/2285 2964/2608/2273
f 2966/2610/2275 2977/2621/2286 2965/2609/2274
f 2967/2612/2277 2978/2622/2287 2966/2610/2275
f 2968/2623/2288 2979/2624/2289 2967/2612/2277
f 2981/2625/2290 2968/2623/2288 2969/2613/2278
f 2982/2626/2291 2969/2613/2278 2970/2614/2279
f 2983/2627/2292 2970/2614/2279 2971/2615/2280
f 2984/2628/2293 2971/2615/2280 2972/2616/2281
f 2985/2629/2294 2972/2616/2281 2973/2617/2282
f 2986/2630/2295 2973/2617/2282 2974/2618/2283
f 2976/2620/2285 2987/2631/2296 2975/2619/2284
f 2977/2621/2286 2988/2632/2297 2976/2620/2285
f 2978/2622/2287 2989/2633/2298 2977/2621/2286
f 2979/2624/2289 2990/2634/2299 2978/2622/2287
f 2980/2635/2300 2991/2636/2301 2979/2624/2289
f 2993/2637/2302 2980/2635/2300 2981/2625/2290
f 2994/2638/2303 2981/2625/2290 2982/2626/2291
f 2995/2639/2304 2982/2626/2291 2983/2627/2292
f 2996/2640/2305 2983/2627/2292 2984/2628/2293
f 2997/2641/2306 2984/2628/2293 2985/2629/2294
f 2998/2642/2307 2985/2629/2294 2986/2630/2295
f 2988/2632/2297 2999/2643/2308 2987/2631/2296
f 2989/2633/2298 3000/2644/2309 2988/2632/2297
f 2990/2634/2299 3001/2645/2310 2989/2633/2298
f 2991/2636/2301 3002/2646/2311 2990/2634/2299
f 2992/2647/2312 3003/2648/2313 2991/2636/2301
f 3005/2649/2314 2992/2647/2312 2993/2637/2302
f 3006/2650/2315 2993/2637/2302 2994/2638/2303
f 3007/2651/2316 2994/2638/2303 2995/2639/2304
f 3008/2652/2317 2995/2639/2304 2996/2640/2305
f 3009/2653/2318 2996/2640/2305 2997/2641/2306
f 3010/2654/2319 2997/2641/2306 2998/2642/2307
f 3000/2644/2309 3011/2655/2320 2999/2643/2308
f 3001/2645/2310 3012/2656/2321 3000/2644/2309
f 3002/2646/2311 3013/2657/2322 3001/2645/2310
f 3003/2648/2313 3014/2658/2323 3002/2646/2311
f 3004/2659/2324 3015/2660/2325 3003/2648/2313
f 3017/2661/2326 3004/2659/2324 3005/2649/2314
f 3018/2662/2327 3005/2649/2314 3006/2650/2315
f 3019/2663/2328 3006/2650/2315 3007/2651/2316
f 3020/2664/2329 3007/2651/2316 3008/2652/2317
f 3021/2665/2330 3008/2652/2317 3009/2653/2318
f 3022/2666/2331 3009/2653/2318 3010/2654/2319
f 3012/2656/2321 3023/2667/2332 3011/2655/2320
f 3013/2657/2322 3024/2668/2333 3012/2656/2321
f 3014/2658/2323 3025/2669/2334 3013/2657/2322
f 3015/2660/2325 3026/2670/2335 3014/2658/2323
f 3016/2671/2336 3027/2672/2337 3015/2660/2325
f 3029/2673/2338 3016/2671/2336 3017/2661/2326
f 3030/2674/2339 3017/2661/2326 3018/2662/2327
f 3031/2675/2340 3018/2662/2327 3019/2663/2328
f 3032/2676/2341 3019/2663/2328 3020/2664/2329
f 3033/2677/2342 3020/2664/2329 3021/2665/2330
f 3034/2678/2343 3021/2665/2330 3022/2666/2331
f 3024/2668/2333 3035/2679/2344 3023/2667/2332
f 3025/2669/2334 3036/2680/2345 3024/2668/2333
f 3026/2670/2335 3037/2681/2346 3025/2669/2334
f 3027/2672/2337 3038/2682/2347 3026/2670/2335
f 3028/2683/2348 3039/2684/2349 3027/2672/2337
f 3041/2685/2350 3028/2683/2348 3029/2673/2338
f 3042/2686/2351 3029/2673/2338 3030/2674/2339
f 3043/2687/2352 3030/2674/2339 3031/2675/2340
f 3044/2688/2353 3031/2675/2340 3032/2676/2341
f 3045/2689/2354 3032/2676/2341 3033/2677/2342
f 3046/2690/2355 3033/2677/2342 3034/2678/2343
f 3036/2680/2345 3047/2691/2356 3035/2679/2344
f 3037/2681/2346 3048/2692/2357 3036/2680/2345
f 3038/2682/2347 3049/2693/2358 3037/2681/2346
f 3039/2684/2349 3050/2694/2359 3038/2682/2347
f 3040/2695/2360 3051/2696/2361 3039/2684/2349
f 3053/2697/2362 3040/2695/2360 3041/2685/2350
f 3054/2698/2363 3041/2685/2350 3042/2686/2351
f 3055/2699/2364 3042/2686/2351 3043/2687/2352
f 3056/2700/2365 3043/2687/2352 3044/2688/2353
f 3057/2701/2366 3044/2688/2353 3045/2689/2354
f 3058/2702/2367 3045/2689/2354 3046/2690/2355
f 3048/2692/2357 3059/2703/2368 3047/2691/2356
f 3049/2693/2358 3060/2704/2369 3048/2692/2357
f 3050/2694/2359 3061/2705/2370 3049/2693/2358
f 3051/2696/2361 3062/2706/2371 3050/2694/2359
f 3052/2707/2372 3063/2708/2373 3051/2696/2361
f 3065/2709/2374 3052/2707/2372 3053/2697/2362
f 3066/2710/2375 3053/2697/2362 3054/2698/2363
f 3067/2711/2376 3054/2698/2363 3055/2699/2364
f 3068/2712/2377 3055/2699/2364 3056/2700/2365
f 3069/2713/2378 3056/2700/2365 3057/2701/2366
f 3070/2714/2379 3057/2701/2366 3058/2702/2367
f 3072/2715/2380 3059/2703/2368 3060/2704/2369
f 3073/2716/2381 3060/2704/2369 3061/2705/2370
f 3074/2717/2382 3061/2705/2370 3062/2706/2371
f 3075/2718/2383 3062/2706/2371 3063/2708/2373
f 3076/2719/2384 3063/2708/2373 3064/2720/2385
f 3077/2721/2386 3064/2720/2385 3065/2709/2374
f 3066/2710/2375 3077/2721/2386 3065/2709/2374
f 3067/2711/2376 3078/2722/2387 3066/2710/2375
f 3068/2712/2377 3079/2723/2388 3067/2711/2376
f 3069/2713/2378 3080/2724/2389 3068/2712/2377
f 3070/2714/2379 3081/2725/2390 3069/2713/2378
f 3084/2726/2391 3071/2727/2392 3072/2715/2380
f 3085/2728/2393 3072/2715/2380 3073/2716/2381
f 3086/2729/2394 3073/2716/2381 3074/2717/2382
f 3087/2730/2395 3074/2717/2382 3075/2718/2383
f 3088/2731/2396 3075/2718/2383 3076/2719/2384
f 3089/2732/2397 3076/2719/2384 3077/2721/2386
f 3078/2722/2387 3089/2732/2397 3077/2721/2386
f 3079/2723/2388 3090/2733/2398 3078/2722/2387
f 3080/2724/2389 3091/2734/2399 3079/2723/2388
f 3081/2725/2390 3092/2735/2400 3080/2724/2389
f 3082/2736/2401 3093/2737/2402 3081/2725/2390
f 3084/2726/2391 3095/2738/2403 3083/2739/2404
f 3085/2728/2393 3096/2740/2405 3084/2726/2391
f 3086/2729/2394 3097/2741/2406 3085/2728/2393
f 3087/2730/2395 3098/2742/2407 3086/2729/2394
f 3088/2731/2396 3099/2743/2408 3087/2730/2395
f 3101/2744/2409 3088/2731/2396 3089/2732/2397
f 3102/2745/2410 3089/2732/2397 3090/2733/2398
f 3103/2746/2411 3090/2733/2398 3091/2734/2399
f 3104/2747/2412 3091/2734/2399 3092/2735/2400
f 3105/2748/2413 3092/2735/2400 3093/2737/2402
f 3106/2749/2414 3093/2737/2402 3094/2750/2415
f 3108/2751/2416 3095/2738/2403 3096/2740/2405
f 3109/2752/2417 3096/2740/2405 3097/2741/2406
f 3110/2753/2418 3097/2741/2406 3098/2742/2407
f 3111/2754/2419 3098/2742/2407 3099/2743/2408
f 3112/2755/2420 3099/2743/2408 3100/2756/2421
f 3113/2757/2422 3100/2756/2421 3101/2744/2409
f 3102/2745/2410 3113/2757/2422 3101/2744/2409
f 3103/2746/2411 3114/2758/2423 3102/2745/2410
f 3104/2747/2412 3115/2759/2424 3103/2746/2411
f 3105/2748/2413 3116/2760/2425 3104/2747/2412
f 3106/2749/2414 3117/2761/2426 3105/2748/2413
f 3120/2762/2427 3107/2763/2428 3108/2751/2416
f 3121/2764/2429 3108/2751/2416 3109/2752/2417
f 3122/2765/2430 3109/2752/2417 3110/2753/2418
f 3123/2766/2431 3110/2753/2418 3111/2754/2419
f 3124/2767/2432 3111/2754/2419 3112/2755/2420
f 3125/2768/2433 3112/2755/2420 3113/2757/2422
f 3114/2758/2423 3125/2768/2433 3113/2757/2422
f 3115/2759/2424 3126/2769/2434 3114/2758/2423
f 3116/2760/2425 3127/2770/2435 3115/2759/2424
f 3117/2761/2426 3128/2771/2436 3116/2760/2425
f 3118/2772/2437 3129/2773/2438 3117/2761/2426
f 3132/2774/2439 3119/2775/2440 3120/2762/2427
f 3133/2776/2441 3120/2762/2427 3121/2764/2429
f 3134/2777/2442 3121/2764/2429 3122/2765/2430
f 3135/2778/2443 3122/2765/2430 3123/2766/2431
f 3136/2779/2444 3123/2766/2431 3124/2767/2432
f 3137/2780/2445 3124/2767/2432 3125/2768/2433
f 3126/2769/2434 3137/2780/2445 3125/2768/2433
f 3127/2770/2435 3138/2781/2446 3126/2769/2434
f 3128/2771/2436 3139/2782/2447 3127/2770/2435
f 3129/2773/2438 3140/2783/2448 3128/2771/2436
f 3130/2784/2449 3141/2785/2450 3129/2773/2438
f 3144/2786/2451 3131/2787/2452 3132/2774/2439
f 3145/2788/2453 3132/2774/2439 3133/2776/2441
f 3146/2789/2454 3133/2776/2441 3134/2777/2442
f 3147/2790/2455 3134/2777/2442 3135/2778/2443
f 3148/2791/2456 3135/2778/2443 3136/2779/2444
f 3149/2792/2457 3136/2779/2444 3137/2780/2445
f 3138/2781/2446 3149/2792/2457 3137/2780/2445
f 3139/2782/2447 3150/2793/2458 3138/2781/2446
f 3140/2783/2448 3151/2794/2459 3139/2782/2447
f 3141/2785/2450 3152/2795/2460 3140/2783/2448
f 3142/2796/2461 3153/2797/2462 3141/2785/2450
f 3156/2798/2463 3143/2799/2464 3144/2786/2451
f 3157/2800/2465 3144/2786/2451 3145/2788/2453
f 3158/2801/2466 3145/2788/2453 3146/2789/2454
f 3159/2802/2467 3146/2789/2454 3147/2790/2455
f 3160/2803/2468 3147/2790/2455 3148/2791/2456
f 3161/2804/2469 3148/2791/2456 3149/2792/2457
f 3150/2793/2458 3161/2804/2469 3149/2792/2457
f 3151/2794/2459 3162/2805/2470 3150/2793/2458
f 3152/2795/2460 3163/2806/2471 3151/2794/2459
f 3153/2797/2462 3164/2807/2472 3152/2795/2460
f 3154/2808/2473 3165/2809/2474 3153/2797/2462
f 3168/2810/2475 3155/2811/2476 3156/2798/2463
f 3169/2812/2477 3156/2798/2463 3157/2800/2465
f 3170/2813/2478 3157/2800/2465 3158/2801/2466
f 3171/2814/2479 3158/2801/2466 3159/2802/2467
f 3172/2815/2480 3159/2802/2467 3160/2803/2468
f 3173/2816/2481 3160/2803/2468 3161/2804/2469
f 3162/2805/2470 3173/2816/2481 3161/2804/2469
f 3163/2806/2471 3174/2817/2482 3162/2805/2470
f 3164/2807/2472 3175/2818/2483 3163/2806/2471
f 3165/2809/2474 3176/2819/2484 3164/2807/2472
f 3166/2820/2485 3177/2821/2486 3165/2809/2474
f 3180/2822/2487 3167/2823/2488 3168/2810/2475
f 3181/2824/2489 3168/2810/2475 3169/2812/2477
f 3182/2825/2490 3169/2812/2477 3170/2813/2478
f 3183/2826/2491 3170/2813/2478 3171/2814/2479
f 3184/2827/2492 3171/2814/2479 3172/2815/2480
f 3185/2828/2493 3172/2815/2480 3173/2816/2481
f 3174/2817/2482 3185/2828/2493 3173/2816/2481
f 3175/2818/2483 3186/2829/2494 3174/2817/2482
f 3176/2819/2484 3187/2830/2495 3175/2818/2483
f 3177/2821/2486 3188/2831/2496 3176/2819/2484
f 3178/2832/2497 3189/2833/2498 3177/2821/2486
f 3192/2834/2499 3179/2835/2500 3180/2822/2487
f 3193/2836/2501 3180/2822/2487 3181/2824/2489
f 3194/2837/2502 3181/2824/2489 3182/2825/2490
f 3195/2838/2503 3182/2825/2490 3183/2826/2491
f 3196/2839/2504 3183/2826/2491 3184/2827/2492
f 3197/2840/2505 3184/2827/2492 3185/2828/2493
f 3186/2829/2494 3197/2840/2505 3185/2828/2493
f 3187/2830/2495 3198/2841/2506 3186/2829/2494
f 3188/2831/2496 3199/2842/2507 3187/2830/2495
f 3189/2833/2498 3200/2843/2508 3188/2831/2496
f 3190/2844/2509 3201/2845/2510 3189/2833/2498
f 3204/2846/2511 3191/2847/2512 3192/2834/2499
f 3205/2848/2513 3192/2834/2499 3193/2836/2501
f 3206/2849/2514 3193/2836/2501 3194/2837/2502
f 3207/2850/2515 3194/2837/2502 3195/2838/2503
f 3208/2851/2516 3195/2838/2503 3196/2839/2504
f 3209/2852/2517 3196/2839/2504 3197/2840/2505
f 3198/2841/2506 3209/2852/2517 3197/2840/2505
f 3199/2842/2507 3210/2853/2518 3198/2841/2506
f 3200/2843/2508 3211/2854/2519 3199/2842/2507
f 3201/2845/2510 3212/2855/2520 3200/2843/2508
f 3202/2856/2521 3213/2857/2522 3201/2845/2510
f 3216/2858/2523 3203/2859/2524 3204/2846/2511
f 3217/2860/2525 3204/2846/2511 3205/2848/2513
f 3218/2861/2526 3205/2848/2513 3206/2849/2514
f 3219/2862/2527 3206/2849/2514 3207/2850/2515
f 3220/2863/2528 3207/2850/2515 3208/2851/2516
f 3221/2864/2529 3208/2851/2516 3209/2852/2517
f 3210/2853/2518 3221/2864/2529 3209/2852/2517
f 3211/2854/2519 3222/2865/2530 3210/2853/2518
f 3212/2855/2520 3223/2866/2531 3211/2854/2519
f 3213/2857/2522 3224/2867/2532 3212/2855/2520
f 3214/2868/2533 3225/2869/2534 3213/2857/2522
f 3228/2870/2535 3215/2871/2536 3216/2858/2523
f 3229/2872/2537 3216/2858/2523 3217/2860/2525
f 3230/2873/2538 3217/2860/2525 3218/2861/2526
f 3231/2874/2539 3218/2861/2526 3219/2862/2527
f 3232/2875/2540 3219/2862/2527 3220/2863/2528
f 3233/2876/2541 3220/2863/2528 3221/2864/2529
f 3222/2865/2530 3233/2876/2541 3221/2864/2529
f 3223/2866/2531 3234/2877/2542 3222/2865/2530
f 3224/2867/2532 3235/2878/2543 3223/2866/2531
f 3225/2869/2534 3236/2879/2544 3224/2867/2532
f 3226/2880/2545 3237/2881/2546 3225/2869/2534
f 3228/2870/2535 3239/2882/2547 3227/2883/2548
f 3229/2872/2537 3240/2884/2549 3228/2870/2535
f 3230/2873/2538 3241/2885/2550 3229/2872/2537
f 3231/2874/2539 3242/2886/2551 3230/2873/2538
f 3232/2875/2540 3243/2887/2552 3231/2874/2539
f 3245/2888/2553 3232/2875/2540 3233/2876/2541
f 3246/2889/2554 3233/2876/2541 3234/2877/2542
f 3247/2890/2555 3234/2877/2542 3235/2878/2543
f 3248/2891/2556 3235/2878/2543 3236/2879/2544
f 3249/2892/2557 3236/2879/2544 3237/2881/2546
f 3250/2893/2558 3237/2881/2546 3238/2894/2559
f 3240/2884/2549 3251/2895/2560 3239/2882/2547
f 3241/2885/2550 3252/2896/2561 3240/2884/2549
f 3242/2886/2551 3253/2897/2562 3241/2885/2550
f 3243/2887/2552 3254/2898/2563 3242/2886/2551
f 3244/2899/2564 3255/2900/2565 3243/2887/2552
f 3257/2901/2566 3244/2899/2564 3245/2888/2553
f 3258/2902/2567 3245/2888/2553 3246/2889/2554
f 3259/2903/2568 3246/2889/2554 3247/2890/2555
f 3260/2904/2569 3247/2890/2555 3248/2891/2556
f 3261/2905/2570 3248/2891/2556 3249/2892/2557
f 3262/2906/2571 3249/2892/2557 3250/2893/2558
f 3252/2896/2561 3263/2907/2572 3251/2895/2560
f 3253/2897/2562 3264/2908/2573 3252/2896/2561
f 3254/2898/2563 3265/2909/2574 3253/2897/2562
f 3255/2900/2565 3266/2910/2575 3254/2898/2563
f 3256/2911/2576 3267/2912/2577 3255/2900/2565
f 3269/2913/2578 3256/2911/2576 3257/2901/2566
f 3270/2914/2579 3257/2901/2566 3258/2902/2567
f 3271/2915/2580 3258/2902/2567 3259/2903/2568
f 3272/2916/2581 3259/2903/2568 3260/2904/2569
f 3273/2917/2582 3260/2904/2569 3261/2905/2570
f 3274/2918/2583 3261/2905/2570 3262/2906/2571
f 3264/2908/2573 3275/2919/2584 3263/2907/2572
f 3265/2909/2574 3276/2920/2585 3264/2908/2573
f 3266/2910/2575 3277/2921/2586 3265/2909/2574
f 3267/2912/2577 3278/2922/2587 3266/2910/2575
f 3268/2923/2588 3279/2924/2589 3267/2912/2577
f 3281/2925/2590 3268/2923/2588 3269/2913/2578
f 3282/2926/2591 3269/2913/2578 3270/2914/2579
f 3283/2927/2592 3270/2914/2579 3271/2915/2580
f 3284/2928/2593 3271/2915/2580 3272/2916/2581
f 3285/2929/2594 3272/2916/2581 3273/2917/2582
f 3286/2930/2595 3273/2917/2582 3274/2918/2583
f 3276/2920/2585 3287/2931/2596 3275/2919/2584
f 3277/2921/2586 3288/2932/2597 3276/2920/2585
f 3278/2922/2587 3289/2933/2598 3277/2921/2586
f 3279/2924/2589 3290/2934/2599 3278/2922/2587
f 3280/2935/2600 3291/2936/2601 3279/2924/2589
f 3293/2937/2602 3280/2935/2600 3281/2925/2590
f 3294/2938/2603 3281/2925/2590 3282/2926/2591
f 3295/2939/2604 3282/2926/2591 3283/2927/2592
f 3296/2940/2605 3283/2927/2592 3284/2928/2593
f 3297/2941/2606 3284/2928/2593 3285/2929/2594
f 3298/2942/2607 3285/2929/2594 3286/2930/2595
f 3288/2932/2597 3299/2943/2608 3287/2931/2596
f 3289/2933/2598 3300/2944/2609 3288/2932/2597
f 3290/2934/2599 3301/2945/2610 3289/2933/2598
f 3291/2936/2601 3302/2946/2611 3290/2934/2599
f 3292/2947/2612 3303/2948/2613 3291/2936/2601
f 3305/2949/2614 3292/2947/2612 3293/2937/2602
f 3306/2950/2615 3293/2937/2602 3294/2938/2603
f 3307/2951/2616 3294/2938/2603 3295/2939/2604
f 3308/2952/2617 3295/2939/2604 3296/2940/2605
f 3309/2953/2618 3296/2940/2605 3297/2941/2606
f 3310/2954/2619 3297/2941/2606 3298/2942/2607
f 3300/2944/2609 3311/2955/2620 3299/2943/2608
f 3301/2945/2610 3312/2956/2621 3300/2944/2609
f 3302/2946/2611 3313/2957/2622 3301/2945/2610
f 3303/2948/2613 3314/2958/2623 3302/2946/2611
f 3304/2959/2624 3315/2960/2625 3303/2948/2613
f 3317/2961/2626 3304/2959/2624 3305/2949/2614
f 3318/2962/2627 3305/2949/2614 3306/2950/2615
f 3319/2963/2628 3306/2950/2615 3307/2951/2616
f 3320/2964/2629 3307/2951/2616 3308/2952/2617
f 3321/2965/2630 3308/2952/2617 3309/2953/2618
f 3322/2966/2631 3309/2953/2618 3310/2954/2619
f 3312/2956/2621 3323/2967/2632 3311/2955/2620
f 3313/2957/2622 3324/2968/2633 3312/2956/2621
f 3314/2958/2623 3325/2969/2634 3313/2957/2622
f 3315/2960/2625 3326/2970/2635 3314/2958/2623
f 3316/2971/2636 3327/2972/2637 3315/2960/2625
f 3329/2973/2638 3316/2971/2636 3317/2961/2626
f 3330/2974/2639 3317/2961/2626 3318/2962/2627
f 3331/2975/2640 3318/2962/2627 3319/2963/2628
f 3332/2976/2641 3319/2963/2628 3320/2964/2629
f 3333/2977/2642 3320/2964/2629 3321/2965/2630
f 3334/2978/2643 3321/2965/2630 3322/2966/2631
f 3324/2968/2633 3335/2979/2644 3323/2967/2632
f 3325/2969/2634 3336/2980/2645 3324/2968/2633
f 3326/2970/2635 3337/2981/2646 3325/2969/2634
f 3327/2972/2637 3338/2982/2647 3326/2970/2635
f 3328/2983/2648 3339/2984/2649 3327/2972/2637
f 3341/2985/2650 3328/2983/2648 3329/2973/2638
f 3342/2986/2651 3329/2973/2638 3330/2974/2639
f 3343/2987/2652 3330/2974/2639 3331/2975/2640
f 3344/2988/2653 3331/2975/2640 3332/2976/2641
f 3345/2989/2654 3332/2976/2641 3333/2977/2642
f 3346/2990/2655 3333/2977/2642 3334/2978/2643
f 3336/2980/2645 3347/2991/2656 3335/2979/2644
f 3337/2981/2646 3348/2992/2657 3336/2980/2645
f 3338/2982/2647 3349/2993/2658 3337/2981/2646
f 3339/2984/2649 3350/2994/2659 3338/2982/2647
f 3340/2995/2660 3351/2996/2661 3339/2984/2649
f 3353/2997/2662 3340/2995/2660 3341/2985/2650
f 3354/2998/2663 3341/2985/2650 3342/2986/2651
f 3355/2999/2664 3342/2986/2651 3343/2987/2652
f 3356/3000/2665 3343/2987/2652 3344/2988/2653
f 3357/3001/2666 3344/2988/2653 3345/2989/2654
f 3358/3002/2667 3345/2989/2654 3346/2990/2655
f 3348/2992/2657 3359/3003/2668 3347/2991/2656
f 3349/2993/2658 3360/3004/2669 3348/2992/2657
f 3350/2994/2659 3361/3005/2670 3349/2993/2658
f 3351/2996/2661 3362/3006/2671 3350/2994/2659
f 3352/3007/2672 3363/3008/2673 3351/2996/2661
f 3365/3009/2674 3352/3007/2672 3353/2997/2662
f 3366/3010/2675 3353/2997/2662 3354/2998/2663
f 3367/3011/2676 3354/2998/2663 3355/2999/2664
f 3368/3012/2677 3355/2999/2664 3356/3000/2665
f 3369/3013/2678 3356/3000/2665 3357/3001/2666
f 3370/3014/2679 3357/3001/2666 3358/3002/2667
f 3360/3004/2669 3371/3015/2680 3359/3003/2668
f 3361/3005/2670 3372/3016/2681 3360/3004/2669
f 3362/3006/2671 3373/3017/2682 3361/3005/2670
f 3363/3008/2673 3374/3018/2683 3362/3006/2671
f 3364/3019/2684 3375/3020/2685 3363/3008/2673
f 3377/3021/2686 3364/3019/2684 3365/3009/2674
f 3378/3022/2687 3365/3009/2674 3366/3010/2675
f 3379/3023/2688 3366/3010/2675 3367/3011/2676
f 3380/3024/2689 3367/3011/2676 3368/3012/2677
f 3381/3025/2690 3368/3012/2677 3369/3013/2678
f 3382/3026/2691 3369/3013/2678 3370/3014/2679
f 3372/3016/2681 3383/3027/2692 3371/3015/2680
f 3373/3017/2682 3384/3028/2693 3372/3016/2681
f 3374/3018/2683 3385/3029/2694 3373/3017/2682
f 3375/3020/2685 3386/3030/2695 3374/3018/2683
f 3376/3031/2696 3387/3032/2697 3375/3020/2685
f 3389/3033/2698 3376/3031/2696 3377/3021/2686
f 3390/3034/2699 3377/3021/2686 3378/3022/2687
f 3391/3035/2700 3378/3022/2687 3379/3023/2688
f 3392/3036/2701 3379/3023/2688 3380/3024/2689
f 3393/3037/2702 3380/3024/2689 3381/3025/2690
f 3394/3038/2703 3381/3025/2690 3382/3026/2691
f 3384/3028/2693 3395/3039/2704 3383/3027/2692
f 3385/3029/2694 3396/3040/2705 3384/3028/2693
f 3386/3030/2695 3397/3041/2706 3385/3029/2694
f 3387/3032/2697 3398/3042/2707 3386/3030/2695
f 3388/3043/2708 3399/3044/2709 3387/3032/2697
f 3401/3045/2710 3388/3043/2708 3389/3033/2698
f 3402/3046/2711 3389/3033/2698 3390/3034/2699
f 3403/3047/2712 3390/3034/2699 3391/3035/2700
f 3404/3048/2713 3391/3035/2700 3392/3036/2701
f 3405/3049/2714 3392/3036/2701 3393/3037/2702
f 3406/3050/2715 3393/3037/2702 3394/3038/2703
f 3396/3040/2705 3407/3051/2716 3395/3039/2704
f 3397/3041/2706 3408/3052/2717 3396/3040/2705
f 3398/3042/2707 3409/3053/2718 3397/3041/2706
f 3399/3044/2709 3410/3054/2719 3398/3042/2707
f 3400/3055/2720 3411/3056/2721 3399/3044/2709
f 3413/3057/2722 3400/3055/2720 3401/3045/2710
f 3414/3058/2723 3401/3045/2710 3402/3046/2711
f 3415/3059/2724 3402/3046/2711 3403/3047/2712
f 3416/3060/2725 3403/3047/2712 3404/3048/2713
f 3417/3061/2726 3404/3048/2713 3405/3049/2714
f 3418/3062/2727 3405/3049/2714 3406/3050/2715
f 3420/3063/2728 3407/3051/2716 3408/3052/2717
f 3421/3064/2729 3408/3052/2717 3409/3053/2718
f 3410/3054/2719 3421/3064/2729 3409/3053/2718
f 3423/3065/2730 3410/3054/2719 3411/3056/2721
f 3424/3066/2731 3411/3056/2721 3412/3067/2732
f 3425/3068/2733 3412/3067/2732 3413/3057/2722
f 3414/3058/2723 3425/3068/2733 3413/3057/2722
f 3415/3059/2724 3426/3069/2734 3414/3058/2723
f 3428/3070/2735 3415/3059/2724 3416/3060/2725
f 3417/3061/2726 3428/3070/2735 3416/3060/2725
f 3418/3062/2727 3429/3071/2736 3417/3061/2726
f 3432/3072/2737 3419/3073/2738 3420/3063/2728
f 3433/3074/2739 3420/3063/2728 3421/3064/2729
f 3434/3075/2740 3421/3064/2729 3422/3076/2741
f 3435/3077/2742 3422/3076/2741 3423/3065/2730
f 3436/3078/2743 3423/3065/2730 3424/3066/2731
f 3437/3079/2744 3424/3066/2731 3425/3068/2733
f 3426/3069/2734 3437/3079/2744 3425/3068/2733
f 3427/3080/2745 3438/3081/2746 3426/3069/2734
f 3428/3070/2735 3439/3082/2747 3427/3080/2745
f 3429/3071/2736 3440/3083/2748 3428/3070/2735
f 3430/3084/2749 3441/3085/2750 3429/3071/2736
f 3444/3086/2751 3431/3087/2752 3432/3072/2737
f 3445/3088/2753 3432/3072/2737 3433/3074/2739
f 3446/3089/2754 3433/3074/2739 3434/3075/2740
f 3447/3090/2755 3434/3075/2740 3435/3077/2742
f 3448/3091/2756 3435/3077/2742 3436/3078/2743
f 3449/3092/2757 3436/3078/2743 3437/3079/2744
f 3438/3081/2746 3449/3092/2757 3437/3079/2744
f 3439/3082/2747 3450/3093/2758 3438/3081/2746
f 3440/3083/2748 3451/3094/2759 3439/3082/2747
f 3441/3085/2750 3452/3095/2760 3440/3083/2748
f 3442/3096/2761 3453/3097/2762 3441/3085/2750
f 3456/3098/2763 3443/3099/2764 3444/3086/2751
f 3457/3100/2765 3444/3086/2751 3445/3088/2753
f 3458/3101/2766 3445/3088/2753 3446/3089/2754
f 3459/3102/2767 3446/3089/2754 3447/3090/2755
f 3460/3103/2768 3447/3090/2755 3448/3091/2756
f 3461/3104/2769 3448/3091/2756 3449/3092/2757
f 3450/3093/2758 3461/3104/2769 3449/3092/2757
f 3451/3094/2759 3462/3105/2770 3450/3093/2758
f 3452/3095/2760 3463/3106/2771 3451/3094/2759
f 3453/3097/2762 3464/3107/2772 3452/3095/2760
f 3454/3108/2773 3465/3109/2774 3453/3097/2762
f 3468/3110/2775 3455/3111/2776 3456/3098/2763
f 3469/3112/2777 3456/3098/2763 3457/3100/2765
f 3470/3113/2778 3457/3100/2765 3458/3101/2766
f 3471/3114/2779 3458/3101/2766 3459/3102/2767
f 3472/3115/2780 3459/3102/2767 3460/3103/2768
f 3473/3116/2781 3460/3103/2768 3461/3104/2769
f 3462/3105/2770 3473/3116/2781 3461/3104/2769
f 3463/3106/2771 3474/3117/2782 3462/3105/2770
f 3464/3107/2772 3475/3118/2783 3463/3106/2771
f 3465/3109/2774 3476/3119/2784 3464/3107/2772
f 3466/3120/2785 3477/3121/2786 3465/3109/2774
f 3480/3122/2787 3467/3123/2788 3468/3110/2775
f 3481/3124/2789 3468/3110/2775 3469/3112/2777
f 3482/3125/2790 3469/3112/2777 3470/3113/2778
f 3483/3126/2791 3470/3113/2778 3471/3114/2779
f 3484/3127/2792 3471/3114/2779 3472/3115/2780
f 3485/3128/2793 3472/3115/2780 3473/3116/2781
f 3474/3117/2782 3485/3128/2793 3473/3116/2781
f 3475/3118/2783 3486/3129/2794 3474/3117/2782
f 3476/3119/2784 3487/3130/2795 3475/3118/2783
f 3477/3121/2786 3488/3131/2796 3476/3119/2784
f 3478/3132/2797 3489/3133/2798 3477/3121/2786
f 3492/3134/2799 3479/3135/2800 3480/3122/2787
f 3493/3136/2801 3480/3122/2787 3481/3124/2789
f 3494/3137/2802 3481/3124/2789 3482/3125/2790
f 3495/3138/2803 3482/3125/2790 3483/3126/2791
f 3496/3139/2804 3483/3126/2791 3484/3127/2792
f 3497/3140/2805 3484/3127/2792 3485/3128/2793
f 3486/3129/2794 3497/3140/2805 3485/3128/2793
f 3487/3130/2795 3498/3141/2806 3486/3129/2794
f 3488/3131/2796 3499/3142/2807 3487/3130/2795
f 3489/3133/2798 3500/3143/2808 3488/3131/2796
f 3490/3144/2809 3501/3145/2810 3489/3133/2798
f 3492/3134/2799 695/11/7 3491/3146/2811
f 3493/3136/2801 696/3147/5 3492/3134/2799
f 3494/3137/2802 697/3148/8 3493/3136/2801
f 3495/3138/2803 698/3149/10 3494/3137/2802
f 3496/3139/2804 699/3150/12 3495/3138/2803
f 701/3151/17 3496/3139/2804 3497/3140/2805
f 702/3152/19 3497/3140/2805 3498/3141/2806
f 703/3153/21 3498/3141/2806 3499/3142/2807
f 704/3154/23 3499/3142/2807 3500/3143/2808
f 705/3155/25 3500/3143/2808 3501/3145/2810
f 706/3156/27 3501/3145/2810 3502/3157/2812
f 3504/342/2813 3515/3158/2814 3503/12/2815
f 3505/344/2816 3516/3159/2817 3504/342/2813
f 3506/346/2818 3517/3160/2819 3505/344/2816
f 3507/348/2820 3518/3161/2821 3506/346/2818
f 3508/350/2822 3519/3162/2823 3507/348/2820
f 3521/3163/2824 3508/350/2822 3509/353/2825
f 3522/3164/2826 3509/353/2825 3510/355/2827
f 3523/3165/2828 3510/355/2827 3511/357/2829
f 3524/3166/2830 3511/357/2829 3512/359/2831
f 3525/3167/2832 3512/359/2831 3513/361/2833
f 3526/3168/2834 3513/361/2833 3514/363/2835
f 3528/3169/2836 3515/3158/2814 3516/3159/2817
f 3529/3170/2837 3516/3159/2817 3517/3160/2819
f 3530/3171/2838 3517/3160/2819 3518/3161/2821
f 3531/3172/2839 3518/3161/2821 3519/3162/2823
f 3532/3173/2840 3519/3162/2823 3520/3174/2841
f 3533/3175/2842 3520/3174/2841 3521/3163/2824
f 3522/3164/2826 3533/3175/2842 3521/3163/2824
f 3523/3165/2828 3534/3176/2843 3522/3164/2826
f 3524/3166/2830 3535/3177/2844 3523/3165/2828
f 3525/3167/2832 3536/3178/2845 3524/3166/2830
f 3526/3168/2834 3537/3179/2846 3525/3167/2832
f 3528/3169/2836 3539/3180/2847 3527/22/2848
f 3529/3170/2837 3540/3181/2849 3528/3169/2836
f 3530/3171/2838 3541/3182/2850 3529/3170/2837
f 3531/3172/2839 3542/3183/2851 3530/3171/2838
f 3532/3173/2840 3543/3184/2852 3531/3172/2839
f 3545/3185/2853 3532/3173/2840 3533/3175/2842
f 3546/3186/2854 3533/3175/2842 3534/3176/2843
f 3547/3187/2855 3534/3176/2843 3535/3177/2844
f 3548/3188/2856 3535/3177/2844 3536/3178/2845
f 3549/3189/2857 3536/3178/2845 3537/3179/2846
f 3550/3190/2858 3537/3179/2846 3538/3191/2859
f 3540/3181/2849 3551/37/2860 3539/3180/2847
f 3541/3182/2850 3552/1744/2861 3540/3181/2849
f 3542/3183/2851 3553/1745/2862 3541/3182/2850
f 3543/3184/2852 3554/1746/2863 3542/3183/2851
f 3544/3192/2864 3555/1748/2865 3543/3184/2852
f 3557/1749/2866 3544/3192/2864 3545/3185/2853
f 3558/1750/2867 3545/3185/2853 3546/3186/2854
f 3559/1751/2868 3546/3186/2854 3547/3187/2855
f 3560/1752/2869 3547/3187/2855 3548/3188/2856
f 3561/1753/2870 3548/3188/2856 3549/3189/2857
f 3562/1754/2871 3549/3189/2857 3550/3190/2858
f 3564/3193/2872 3551/37/2860 3552/1744/2861
f 3565/3194/2873 3552/1744/2861 3553/1745/2862
f 3566/3195/2874 3553/1745/2862 3554/1746/2863
f 3567/3196/2875 3554/1746/2863 3555/1748/2865
f 3568/3197/2876 3555/1748/2865 3556/1759/2877
f 3569/3198/2878 3556/1759/2877 3557/1749/2866
f 3558/1750/2867 3569/3198/2878 3557/1749/2866
f 3559/1751/2868 3570/3199/2879 3558/1750/2867
f 3560/1752/2869 3571/3200/2880 3559/1751/2868
f 3561/1753/2870 3572/3201/2881 3560/1752/2869
f 3562/1754/2871 3573/3202/2882 3561/1753/2870
f 3576/3203/2883 3563/3204/2884 3564/3193/2872
f 3577/3205/2885 3564/3193/2872 3565/3194/2873
f 3578/3206/2886 3565/3194/2873 3566/3195/2874
f 3579/3207/2887 3566/3195/2874 3567/3196/2875
f 3580/3208/2888 3567/3196/2875 3568/3197/2876
f 3581/3209/2889 3568/3197/2876 3569/3198/2878
f 3570/3199/2879 3581/3209/2889 3569/3198/2878
f 3571/3200/2880 3582/3210/2890 3570/3199/2879
f 3572/3201/2881 3583/3211/2891 3571/3200/2880
f 3573/3202/2882 3584/3212/2892 3572/3201/2881
f 3574/3213/2893 3585/3214/2894 3573/3202/2882
f 3576/3203/2883 3587/3215/2815 3575/31/2884
f 3577/3205/2885 3588/3216/2895 3576/3203/2883
f 3578/3206/2886 3589/3217/2896 3577/3205/2885
f 3579/3207/2887 3590/3218/2897 3578/3206/2886
f 3580/3208/2888 3591/3219/2898 3579/3207/2887
f 3593/3220/2899 3580/3208/2888 3581/3209/2889
f 3594/3221/2900 3581/3209/2889 3582/3210/2890
f 3595/3222/2901 3582/3210/2890 3583/3211/2891
f 3596/3223/2902 3583/3211/2891 3584/3212/2892
f 3597/3224/2903 3584/3212/2892 3585/3214/2894
f 3598/3225/2835 3585/3214/2894 3586/3226/2893
f 3588/3216/2895 3503/11/2815 3587/3215/2815
f 3589/3217/2896 3504/3147/2813 3588/3216/2895
f 3590/3218/2897 3505/3148/2816 3589/3217/2896
f 3591/3219/2898 3506/3149/2818 3590/3218/2897
f 3592/3227/2904 3507/3150/2820 3591/3219/2898
f 3509/3151/2825 3592/3227/2904 3593/3220/2899
f 3510/3152/2827 3593/3220/2899 3594/3221/2900
f 3511/3153/2829 3594/3221/2900 3595/3222/2901
f 3512/3154/2831 3595/3222/2901 3596/3223/2902
f 3513/3155/2833 3596/3223/2902 3597/3224/2903
f 3514/3156/2835 3597/3224/2903 3598/3225/2835
f 3600/342/2905 3611/3228/2906 3599/12/2907
f 3601/344/2908 3612/3229/2909 3600/342/2905
f 3602/346/2910 3613/3230/2911 3601/344/2908
f 3603/348/2912 3614/3231/2913 3602/346/2910
f 3604/350/2914 3615/3232/2915 3603/348/2912
f 3617/3233/2916 3604/350/2914 3605/353/2917
f 3618/3234/2918 3605/353/2917 3606/355/2919
f 3619/3235/2920 3606/355/2919 3607/357/2921
f 3620/3236/2922 3607/357/2921 3608/359/2923
f 3621/3237/2924 3608/359/2923 3609/361/2925
f 3622/3238/2926 3609/361/2925 3610/363/2927
f 3612/3229/2909 3623/3158/2928 3611/3228/2906
f 3613/3230/2911 3624/3159/2929 3612/3229/2909
f 3614/3231/2913 3625/3160/2930 3613/3230/2911
f 3615/3232/2915 3626/3161/2931 3614/3231/2913
f 3616/3239/2932 3627/3162/2933 3615/3232/2915
f 3629/3163/2934 3616/3239/2932 3617/3233/2916
f 3630/3164/2935 3617/3233/2916 3618/3234/2918
f 3631/3165/2936 3618/3234/2918 3619/3235/2920
f 3632/3166/2937 3619/3235/2920 3620/3236/2922
f 3633/3167/2938 3620/3236/2922 3621/3237/2924
f 3634/3168/2939 3621/3237/2924 3622/3238/2926
f 3636/3240/2940 3623/3158/2928 3624/3159/2929
f 3637/3241/2941 3624/3159/2929 3625/3160/2930
f 3638/3242/2942 3625/3160/2930 3626/3161/2931
f 3639/3243/2943 3626/3161/2931 3627/3162/2933
f 3640/3244/2944 3627/3162/2933 3628/3174/2945
f 3641/3245/2946 3628/3174/2945 3629/3163/2934
f 3630/3164/2935 3641/3245/2946 3629/3163/2934
f 3631/3165/2936 3642/3246/2947 3630/3164/2935
f 3632/3166/2937 3643/3247/2948 3631/3165/2936
f 3633/3167/2938 3644/3248/2949 3632/3166/2937
f 3634/3168/2939 3645/3249/2950 3633/3167/2938
f 3636/3240/2940 3647/22/2951 3635/3250/2952
f 3637/3241/2941 3648/3169/2953 3636/3240/2940
f 3650/3171/2954 3637/3241/2941 3638/3242/2942
f 3651/3172/2955 3638/3242/2942 3639/3243/2943
f 3652/3173/2956 3639/3243/2943 3640/3244/2944
f 3653/3175/2957 3640/3244/2944 3641/3245/2946
f 3642/3246/2947 3653/3175/2957 3641/3245/2946
f 3643/3247/2948 3654/3176/2958 3642/3246/2947
f 3644/3248/2949 3655/3177/2959 3643/3247/2948
f 3657/3179/2960 3644/3248/2949 3645/3249/2950
f 3658/3191/2961 3645/3249/2950 3646/3251/2962
f 3660/3252/2963 3647/22/2951 3648/3169/2953
f 3661/3253/2964 3648/3169/2953 3649/3170/2965
f 3662/3254/2966 3649/3170/2965 3650/3171/2954
f 3663/3255/2967 3650/3171/2954 3651/3172/2955
f 3664/3256/2968 3651/3172/2955 3652/3173/2956
f 3665/3257/2969 3652/3173/2956 3653/3175/2957
f 3654/3176/2958 3665/3257/2969 3653/3175/2957
f 3655/3177/2959 3666/3258/2970 3654/3176/2958
f 3656/3178/2971 3667/3259/2972 3655/3177/2959
f 3657/3179/2960 3668/3260/2973 3656/3178/2971
f 3658/3191/2961 3669/3261/2974 3657/3179/2960
f 3672/3181/2975 3659/3262/2976 3660/3252/2963
f 3673/3182/2977 3660/3252/2963 3661/3253/2964
f 3674/3183/2978 3661/3253/2964 3662/3254/2966
f 3675/3184/2979 3662/3254/2966 3663/3255/2967
f 3676/3192/2980 3663/3255/2967 3664/3256/2968
f 3677/3185/2981 3664/3256/2968 3665/3257/2969
f 3666/3258/2970 3677/3185/2981 3665/3257/2969
f 3667/3259/2972 3678/3186/2982 3666/3258/2970
f 3668/3260/2973 3679/3187/2983 3667/3259/2972
f 3669/3261/2974 3680/3188/2984 3668/3260/2973
f 3670/3263/2985 3681/3189/2986 3669/3261/2974
f 3684/3264/2987 3671/3180/2988 3672/3181/2975
f 3685/3265/2989 3672/3181/2975 3673/3182/2977
f 3686/3266/2990 3673/3182/2977 3674/3183/2978
f 3687/3267/2991 3674/3183/2978 3675/3184/2979
f 3688/3268/2992 3675/3184/2979 3676/3192/2980
f 3689/3269/2993 3676/3192/2980 3677/3185/2981
f 3678/3186/2982 3689/3269/2993 3677/3185/2981
f 3679/3187/2983 3690/3270/2994 3678/3186/2982
f 3680/3188/2984 3691/3271/2995 3679/3187/2983
f 3681/3189/2986 3692/3272/2996 3680/3188/2984
f 3682/3190/2997 3693/3273/2998 3681/3189/2986
f 3696/1744/2999 3683/3274/3000 3684/3264/2987
f 3697/1745/3001 3684/3264/2987 3685/3265/2989
f 3698/1746/3002 3685/3265/2989 3686/3266/2990
f 3699/1748/3003 3686/3266/2990 3687/3267/2991
f 3700/1759/3004 3687/3267/2991 3688/3268/2992
f 3701/1749/3005 3688/3268/2992 3689/3269/2993
f 3690/3270/2994 3701/1749/3005 3689/3269/2993
f 3691/3271/2995 3702/1750/3006 3690/3270/2994
f 3692/3272/2996 3703/1751/3007 3691/3271/2995
f 3693/3273/2998 3704/1752/3008 3692/3272/2996
f 3694/3275/3009 3705/1753/3010 3693/3273/2998
f 3708/3276/3011 3695/37/3012 3696/1744/2999
f 3709/3277/3013 3696/1744/2999 3697/1745/3001
f 3710/3278/3014 3697/1745/3001 3698/1746/3002
f 3711/3279/3015 3698/1746/3002 3699/1748/3003
f 3712/3280/3016 3699/1748/3003 3700/1759/3004
f 3713/3281/3017 3700/1759/3004 3701/1749/3005
f 3702/1750/3006 3713/3281/3017 3701/1749/3005
f 3703/1751/3007 3714/3282/3018 3702/1750/3006
f 3704/1752/3008 3715/3283/3019 3703/1751/3007
f 3705/1753/3010 3716/3284/3020 3704/1752/3008
f 3706/1754/3021 3717/3285/3022 3705/1753/3010
f 3720/3193/3023 3707/3286/3024 3708/3276/3011
f 3721/3194/3025 3708/3276/3011 3709/3277/3013
f 3722/3195/3026 3709/3277/3013 3710/3278/3014
f 3723/3196/3027 3710/3278/3014 3711/3279/3015
f 3724/3197/3028 3711/3279/3015 3712/3280/3016
f 3725/3198/3029 3712/3280/3016 3713/3281/3017
f 3714/3282/3018 3725/3198/3029 3713/3281/3017
f 3715/3283/3019 3726/3199/3030 3714/3282/3018
f 3716/3284/3020 3727/3200/3031 3715/3283/3019
f 3717/3285/3022 3728/3201/3032 3716/3284/3020
f 3718/3287/3033 3729/3202/3034 3717/3285/3022
f 3732/3288/3035 3719/3204/3036 3720/3193/3023
f 3733/3289/3037 3720/3193/3023 3721/3194/3025
f 3734/3290/3038 3721/3194/3025 3722/3195/3026
f 3735/3291/3039 3722/3195/3026 3723/3196/3027
f 3736/3292/3040 3723/3196/3027 3724/3197/3028
f 3737/3293/3041 3724/3197/3028 3725/3198/3029
f 3726/3199/3030 3737/3293/3041 3725/3198/3029
f 3727/3200/3031 3738/3294/3042 3726/3199/3030
f 3728/3201/3032 3739/3295/3043 3727/3200/3031
f 3729/3202/3034 3740/3296/3044 3728/3201/3032
f 3730/3213/3045 3741/3297/3046 3729/3202/3034
f 3744/3203/3047 3731/3298/3048 3732/3288/3035
f 3745/3205/3049 3732/3288/3035 3733/3289/3037
f 3746/3206/3050 3733/3289/3037 3734/3290/3038
f 3747/3207/3051 3734/3290/3038 3735/3291/3039
f 3748/3208/3052 3735/3291/3039 3736/3292/3040
f 3749/3209/3053 3736/3292/3040 3737/3293/3041
f 3738/3294/3042 3749/3209/3053 3737/3293/3041
f 3739/3295/3043 3750/3210/3054 3738/3294/3042
f 3740/3296/3044 3751/3211/3055 3739/3295/3043
f 3741/3297/3046 3752/3212/3056 3740/3296/3044
f 3742/3299/3057 3753/3214/3058 3741/3297/3046
f 3756/3300/3059 3743/31/1444 3744/3203/3047
f 3757/3301/3060 3744/3203/3047 3745/3205/3049
f 3758/3302/3061 3745/3205/3049 3746/3206/3050
f 3759/3303/3062 3746/3206/3050 3747/3207/3051
f 3760/3304/3063 3747/3207/3051 3748/3208/3052
f 3761/3305/3064 3748/3208/3052 3749/3209/3053
f 3750/3210/3054 3761/3305/3064 3749/3209/3053
f 3751/3211/3055 3762/3306/3065 3750/3210/3054
f 3752/3212/3056 3763/3307/3066 3751/3211/3055
f 3753/3214/3058 3764/3308/3067 3752/3212/3056
f 3754/3226/1455 3765/3309/3068 3753/3214/3058
f 3768/3216/3069 3755/3310/3070 3756/3300/3059
f 3769/3217/3071 3756/3300/3059 3757/3301/3060
f 3770/3218/3072 3757/3301/3060 3758/3302/3061
f 3771/3219/3073 3758/3302/3061 3759/3303/3062
f 3772/3227/3074 3759/3303/3062 3760/3304/3063
f 3773/3220/3075 3760/3304/3063 3761/3305/3064
f 3762/3306/3065 3773/3220/3075 3761/3305/3064
f 3763/3307/3066 3774/3221/3076 3762/3306/3065
f 3764/3308/3067 3775/3222/3077 3763/3307/3066
f 3765/3309/3068 3776/3223/3078 3764/3308/3067
f 3766/3311/3079 3777/3224/3080 3765/3309/3068
f 3768/3216/3069 3779/3312/3081 3767/3215/3082
f 3769/3217/3071 3780/3313/3083 3768/3216/3069
f 3770/3218/3072 3781/3314/3084 3769/3217/3071
f 3771/3219/3073 3782/3315/3085 3770/3218/3072
f 3772/3227/3074 3783/3316/3086 3771/3219/3073
f 3785/3317/3087 3772/3227/3074 3773/3220/3075
f 3786/3318/3088 3773/3220/3075 3774/3221/3076
f 3787/3319/3089 3774/3221/3076 3775/3222/3077
f 3788/3320/3090 3775/3222/3077 3776/3223/3078
f 3789/3321/3091 3776/3223/3078 3777/3224/3080
f 3790/3322/3092 3777/3224/3080 3778/3225/3093
f 3600/3147/2905 3779/3312/3081 3780/3313/3083
f 3601/3148/2908 3780/3313/3083 3781/3314/3084
f 3602/3149/2910 3781/3314/3084 3782/3315/3085
f 3603/3150/2912 3782/3315/3085 3783/3316/3086
f 3604/3323/2914 3783/3316/3086 3784/3324/3094
f 3605/3151/2917 3784/3324/3094 3785/3317/3087
f 3786/3318/3088 3605/3151/2917 3785/3317/3087
f 3787/3319/3089 3606/3152/2919 3786/3318/3088
f 3788/3320/3090 3607/3153/2921 3787/3319/3089
f 3789/3321/3091 3608/3154/2923 3788/3320/3090
f 3790/3322/3092 3609/3155/2925 3789/3321/3091
f 3792/342/3095 3803/3325/3096 3791/12/3097
f 3793/344/3098 3804/3326/3099 3792/342/3095
f 3794/346/3100 3805/3327/3101 3793/344/3098
f 3795/348/3102 3806/3328/3103 3794/346/3100
f 3796/350/3104 3807/3329/3105 3795/348/3102
f 3809/3330/3106 3796/350/3104 3797/353/3107
f 3810/3331/3108 3797/353/3107 3798/355/3109
f 3811/3332/3110 3798/355/3109 3799/357/3111
f 3812/3333/3112 3799/357/3111 3800/359/3113
f 3813/3334/3114 3800/359/3113 3801/361/3115
f 3814/3335/3116 3801/361/3115 3802/363/3117
f 3816/3336/3118 3803/3325/3096 3804/3326/3099
f 3817/3337/3119 3804/3326/3099 3805/3327/3101
f 3818/3338/3120 3805/3327/3101 3806/3328/3103
f 3819/3339/3121 3806/3328/3103 3807/3329/3105
f 3820/3340/3122 3807/3329/3105 3808/3341/3123
f 3821/3342/3124 3808/3341/3123 3809/3330/3106
f 3810/3331/3108 3821/3342/3124 3809/3330/3106
f 3811/3332/3110 3822/3343/3125 3810/3331/3108
f 3812/3333/3112 3823/3344/3126 3811/3332/3110
f 3813/3334/3114 3824/3345/3127 3812/3333/3112
f 3814/3335/3116 3825/3346/3128 3813/3334/3114
f 3816/3336/3118 3827/3347/3129 3815/3348/3130
f 3817/3337/3119 3828/3349/3131 3816/3336/3118
f 3818/3338/3120 3829/3350/3132 3817/3337/3119
f 3819/3339/3121 3830/3351/3133 3818/3338/3120
f 3820/3340/3122 3831/3352/3134 3819/3339/3121
f 3833/3353/3135 3820/3340/3122 3821/3342/3124
f 3834/3354/3136 3821/3342/3124 3822/3343/3125
f 3835/3355/3137 3822/3343/3125 3823/3344/3126
f 3836/3356/3138 3823/3344/3126 3824/3345/3127
f 3837/3357/3139 3824/3345/3127 3825/3346/3128
f 3838/3358/3140 3825/3346/3128 3826/3359/3141
f 3828/3349/3131 3839/3360/3142 3827/3347/3129
f 3829/3350/3132 3840/3361/3143 3828/3349/3131
f 3830/3351/3133 3841/3362/3144 3829/3350/3132
f 3831/3352/3134 3842/3363/3145 3830/3351/3133
f 3832/3364/3146 3843/3365/3147 3831/3352/3134
f 3845/3366/3148 3832/3364/3146 3833/3353/3135
f 3846/3367/3149 3833/3353/3135 3834/3354/3136
f 3847/3368/3150 3834/3354/3136 3835/3355/3137
f 3848/3369/3151 3835/3355/3137 3836/3356/3138
f 3849/3370/3152 3836/3356/3138 3837/3357/3139
f 3850/3371/3153 3837/3357/3139 3838/3358/3140
f 3840/3361/3143 3851/3372/3154 3839/3360/3142
f 3841/3362/3144 3852/3373/3155 3840/3361/3143
f 3842/3363/3145 3853/3374/3156 3841/3362/3144
f 3843/3365/3147 3854/3375/3157 3842/3363/3145
f 3844/3376/3158 3855/3377/3159 3843/3365/3147
f 3857/3378/3160 3844/3376/3158 3845/3366/3148
f 3858/3379/3161 3845/3366/3148 3846/3367/3149
f 3859/3380/3162 3846/3367/3149 3847/3368/3150
f 3860/3381/3163 3847/3368/3150 3848/3369/3151
f 3861/3382/3164 3848/3369/3151 3849/3370/3152
f 3862/3383/3165 3849/3370/3152 3850/3371/3153
f 3852/3373/3155 3863/3384/3166 3851/3372/3154
f 3853/3374/3156 3864/3385/3167 3852/3373/3155
f 3854/3375/3157 3865/3386/3168 3853/3374/3156
f 3855/3377/3159 3866/3387/3169 3854/3375/3157
f 3856/3388/3170 3867/3389/3171 3855/3377/3159
f 3869/3390/3172 3856/3388/3170 3857/3378/3160
f 3870/3391/3173 3857/3378/3160 3858/3379/3161
f 3871/3392/3174 3858/3379/3161 3859/3380/3162
f 3872/3393/3175 3859/3380/3162 3860/3381/3163
f 3873/3394/3176 3860/3381/3163 3861/3382/3164
f 3874/3395/3177 3861/3382/3164 3862/3383/3165
f 3864/3385/3167 3875/1/3178 3863/3384/3166
f 3865/3386/3168 3876/3396/3179 3864/3385/3167
f 3866/3387/3169 3877/3397/3180 3865/3386/3168
f 3867/3389/3171 3878/3398/3181 3866/3387/3169
f 3868/3399/3182 3879/3400/3183 3867/3389/3171
f 3881/3401/3184 3868/3399/3182 3869/3390/3172
f 3882/3402/3185 3869/3390/3172 3870/3391/3173
f 3883/3403/3186 3870/3391/3173 3871/3392/3174
f 3884/3404/3187 3871/3392/3174 3872/3393/3175
f 3885/3405/3188 3872/3393/3175 3873/3394/3176
f 3886/3406/3189 3873/3394/3176 3874/3395/3177
f 3876/3396/3179 3887/3407/3190 3875/1/3178
f 3877/3397/3180 3888/3408/3191 3876/3396/3179
f 3878/3398/3181 3889/3409/3192 3877/3397/3180
f 3879/3400/3183 3890/3410/3193 3878/3398/3181
f 3880/3411/3194 3891/3412/3195 3879/3400/3183
f 3893/3413/3196 3880/3411/3194 3881/3401/3184
f 3894/3414/3197 3881/3401/3184 3882/3402/3185
f 3895/3415/3198 3882/3402/3185 3883/3403/3186
f 3896/3416/3199 3883/3403/3186 3884/3404/3187
f 3897/3417/3200 3884/3404/3187 3885/3405/3188
f 3898/3418/3201 3885/3405/3188 3886/3406/3189
f 3888/3408/3191 3899/3419/3202 3887/3407/3190
f 3889/3409/3192 3900/3420/3203 3888/3408/3191
f 3890/3410/3193 3901/3421/3204 3889/3409/3192
f 3891/3412/3195 3902/3422/3205 3890/3410/3193
f 3892/3423/3206 3903/3424/3207 3891/3412/3195
f 3905/3425/3208 3892/3423/3206 3893/3413/3196
f 3906/3426/3209 3893/3413/3196 3894/3414/3197
f 3907/3427/3210 3894/3414/3197 3895/3415/3198
f 3908/3428/3211 3895/3415/3198 3896/3416/3199
f 3909/3429/3212 3896/3416/3199 3897/3417/3200
f 3910/3430/3213 3897/3417/3200 3898/3418/3201
f 3900/3420/3203 3911/3431/3214 3899/3419/3202
f 3901/3421/3204 3912/3432/3215 3900/3420/3203
f 3902/3422/3205 3913/3433/3216 3901/3421/3204
f 3903/3424/3207 3914/3434/3217 3902/3422/3205
f 3904/3435/3218 3915/3436/3219 3903/3424/3207
f 3917/3437/3220 3904/3435/3218 3905/3425/3208
f 3918/3438/3221 3905/3425/3208 3906/3426/3209
f 3919/3439/3222 3906/3426/3209 3907/3427/3210
f 3920/3440/3223 3907/3427/3210 3908/3428/3211
f 3921/3441/3224 3908/3428/3211 3909/3429/3212
f 3922/3442/3225 3909/3429/3212 3910/3430/3213
f 3912/3432/3215 3923/3443/3226 3911/3431/3214
f 3913/3433/3216 3924/3444/3227 3912/3432/3215
f 3914/3434/3217 3925/3445/3228 3913/3433/3216
f 3915/3436/3219 3926/3446/3229 3914/3434/3217
f 3916/3447/3230 3927/3448/3231 3915/3436/3219
f 3929/3449/3232 3916/3447/3230 3917/3437/3220
f 3930/3450/3233 3917/3437/3220 3918/3438/3221
f 3931/3451/3234 3918/3438/3221 3919/3439/3222
f 3932/3452/3235 3919/3439/3222 3920/3440/3223
f 3933/3453/3236 3920/3440/3223 3921/3441/3224
f 3934/3454/3237 3921/3441/3224 3922/3442/3225
f 3924/3444/3227 3935/3455/3238 3923/3443/3226
f 3925/3445/3228 3936/3456/3239 3924/3444/3227
f 3926/3446/3229 3937/3457/3240 3925/3445/3228
f 3927/3448/3231 3938/3458/3241 3926/3446/3229
f 3928/3459/3242 3939/3460/3243 3927/3448/3231
f 3941/3461/3244 3928/3459/3242 3929/3449/3232
f 3942/3462/3245 3929/3449/3232 3930/3450/3233
f 3943/3463/3246 3930/3450/3233 3931/3451/3234
f 3944/3464/3247 3931/3451/3234 3932/3452/3235
f 3945/3465/3248 3932/3452/3235 3933/3453/3236
f 3946/3466/3249 3933/3453/3236 3934/3454/3237
f 3936/3456/3239 3947/3467/3250 3935/3455/3238
f 3937/3457/3240 3948/3468/3251 3936/3456/3239
f 3938/3458/3241 3949/3469/3252 3937/3457/3240
f 3939/3460/3243 3950/3470/3253 3938/3458/3241
f 3940/3471/3254 3951/3472/3255 3939/3460/3243
f 3953/3473/3256 3940/3471/3254 3941/3461/3244
f 3954/3474/3257 3941/3461/3244 3942/3462/3245
f 3955/3475/3258 3942/3462/3245 3943/3463/3246
f 3956/3476/3259 3943/3463/3246 3944/3464/3247
f 3957/3477/3260 3944/3464/3247 3945/3465/3248
f 3958/3478/3261 3945/3465/3248 3946/3466/3249
f 3960/3479/3262 3947/3467/3250 3948/3468/3251
f 3961/3480/3263 3948/3468/3251 3949/3469/3252
f 3950/3470/3253 3961/3480/3263 3949/3469/3252
f 3951/3472/3255 3962/3481/3264 3950/3470/3253
f 3952/3482/3265 3963/3483/3266 3951/3472/3255
f 3965/3484/3267 3952/3482/3265 3953/3473/3256
f 3966/3485/3268 3953/3473/3256 3954/3474/3257
f 3967/3486/3269 3954/3474/3257 3955/3475/3258
f 3968/3487/3270 3955/3475/3258 3956/3476/3259
f 3957/3477/3260 3968/3487/3270 3956/3476/3259
f 3958/3478/3261 3969/3488/3271 3957/3477/3260
f 3972/3489/3272 3959/3/3273 3960/3479/3262
f 3973/3490/3274 3960/3479/3262 3961/3480/3263
f 3974/3491/3275 3961/3480/3263 3962/3481/3264
f 3975/3492/3276 3962/3481/3264 3963/3483/3266
f 3976/3493/3277 3963/3483/3266 3964/3494/3278
f 3977/3495/3279 3964/3494/3278 3965/3484/3267
f 3966/3485/3268 3977/3495/3279 3965/3484/3267
f 3967/3486/3269 3978/3496/3280 3966/3485/3268
f 3968/3487/3270 3979/3497/3281 3967/3486/3269
f 3969/3488/3271 3980/3498/3282 3968/3487/3270
f 3970/3499/3283 3981/3500/3284 3969/3488/3271
f 3972/3489/3272 3983/3501/3285 3971/3502/3286
f 3973/3490/3274 3984/3503/3287 3972/3489/3272
f 3974/3491/3275 3985/3504/3288 3973/3490/3274
f 3975/3492/3276 3986/3505/3289 3974/3491/3275
f 3976/3493/3277 3987/3506/3290 3975/3492/3276
f 3989/3507/3291 3976/3493/3277 3977/3495/3279
f 3990/3508/3292 3977/3495/3279 3978/3496/3280
f 3991/3509/3293 3978/3496/3280 3979/3497/3281
f 3992/3510/3294 3979/3497/3281 3980/3498/3282
f 3993/3511/3295 3980/3498/3282 3981/3500/3284
f 3994/3512/3296 3981/3500/3284 3982/3513/3297
f 3984/3503/3287 3995/3514/3298 3983/3501/3285
f 3985/3504/3288 3996/3515/3299 3984/3503/3287
f 3986/3505/3289 3997/3516/3300 3985/3504/3288
f 3987/3506/3290 3998/3517/3301 3986/3505/3289
f 3988/3518/3302 3999/3519/3303 3987/3506/3290
f 4001/3520/3304 3988/3518/3302 3989/3507/3291
f 4002/3521/3305 3989/3507/3291 3990/3508/3292
f 4003/3522/3306 3990/3508/3292 3991/3509/3293
f 4004/3523/3307 3991/3509/3293 3992/3510/3294
f 4005/3524/3308 3992/3510/3294 3993/3511/3295
f 4006/3525/3309 3993/3511/3295 3994/3512/3296
f 3996/3515/3299 4007/3526/3310 3995/3514/3298
f 3997/3516/3300 4008/3527/3311 3996/3515/3299
f 3998/3517/3301 4009/3528/3312 3997/3516/3300
f 3999/3519/3303 4010/3529/3313 3998/3517/3301
f 4000/3530/3314 4011/3531/3315 3999/3519/3303
f 4013/3532/3316 4000/3530/3314 4001/3520/3304
f 4014/3533/3317 4001/3520/3304 4002/3521/3305
f 4015/3534/3318 4002/3521/3305 4003/3522/3306
f 4016/3535/3319 4003/3522/3306 4004/3523/3307
f 4017/3536/3320 4004/3523/3307 4005/3524/3308
f 4018/3537/3321 4005/3524/3308 4006/3525/3309
f 4020/3538/3322 4007/3526/3310 4008/3527/3311
f 4021/3539/3323 4008/3527/3311 4009/3528/3312
f 4022/3540/3324 4009/3528/3312 4010/3529/3313
f 4023/3541/3325 4010/3529/3313 4011/3531/3315
f 4024/3542/3326 4011/3531/3315 4012/3543/3327
f 4025/3544/3328 4012/3543/3327 4013/3532/3316
f 4014/3533/3317 4025/3544/3328 4013/3532/3316
f 4015/3534/3318 4026/3545/3329 4014/3533/3317
f 4016/3535/3319 4027/3546/3330 4015/3534/3318
f 4017/3536/3320 4028/3547/3331 4016/3535/3319
f 4018/3537/3321 4029/3548/3332 4017/3536/3320
f 4020/3538/3322 4031/3549/3333 4019/3550/3334
f 4021/3539/3323 4032/3551/3335 4020/3538/3322
f 4022/3540/3324 4033/3552/3336 4021/3539/3323
f 4023/3541/3325 4034/3553/3337 4022/3540/3324
f 4024/3542/3326 4035/3554/3338 4023/3541/3325
f 4037/3555/3339 4024/3542/3326 4025/3544/3328
f 4038/3556/3340 4025/3544/3328 4026/3545/3329
f 4039/3557/3341 4026/3545/3329 4027/3546/3330
f 4040/3558/3342 4027/3546/3330 4028/3547/3331
f 4041/3559/3343 4028/3547/3331 4029/3548/3332
f 4042/3560/3344 4029/3548/3332 4030/3561/3345
f 4044/3562/3346 4031/3549/3333 4032/3551/3335
f 4045/3563/3347 4032/3551/3335 4033/3552/3336
f 4046/3564/3348 4033/3552/3336 4034/3553/3337
f 4047/3565/3349 4034/3553/3337 4035/3554/3338
f 4048/3566/3350 4035/3554/3338 4036/3567/3351
f 4049/3568/3352 4036/3567/3351 4037/3555/3339
f 4038/3556/3340 4049/3568/3352 4037/3555/3339
f 4039/3557/3341 4050/3569/3353 4038/3556/3340
f 4040/3558/3342 4051/3570/3354 4039/3557/3341
f 4041/3559/3343 4052/3571/3355 4040/3558/3342
f 4042/3560/3344 4053/3572/3356 4041/3559/3343
f 4044/3562/3346 4055/3573/3357 4043/4/3358
f 4045/3563/3347 4056/3574/3346 4044/3562/3346
f 4046/3564/3348 4057/3575/3359 4045/3563/3347
f 4047/3565/3349 4058/3576/3360 4046/3564/3348
f 4048/3566/3350 4059/3577/3361 4047/3565/3349
f 4061/3578/3362 4048/3566/3350 4049/3568/3352
f 4062/3579/3363 4049/3568/3352 4050/3569/3353
f 4063/3580/3364 4050/3569/3353 4051/3570/3354
f 4064/3581/3365 4051/3570/3354 4052/3571/3355
f 4065/3582/3356 4052/3571/3355 4053/3572/3356
f 4066/3583/3366 4053/3572/3356 4054/3584/3366
f 4056/3574/3346 4067/3585/3357 4055/3573/3357
f 4057/3575/3359 4068/3586/3367 4056/3574/3346
f 4058/3576/3360 4069/3587/3368 4057/3575/3359
f 4059/3577/3361 4070/3588/3369 4058/3576/3360
f 4060/3589/3370 4071/3590/3371 4059/3577/3361
f 4073/3591/3372 4060/3589/3370 4061/3578/3362
f 4074/3592/3373 4061/3578/3362 4062/3579/3363
f 4075/3593/3374 4062/3579/3363 4063/3580/3364
f 4076/3594/3375 4063/3580/3364 4064/3581/3365
f 4077/3595/3376 4064/3581/3365 4065/3582/3356
f 4078/3596/3366 4065/3582/3356 4066/3583/3366
f 4068/3586/3367 4079/3597/3357 4067/3585/3357
f 4069/3587/3368 4080/3598/3367 4068/3586/3367
f 4070/3588/3369 4081/3599/3377 4069/3587/3368
f 4071/3590/3371 4082/3600/3378 4070/3588/3369
f 4072/3601/3379 4083/3602/3380 4071/3590/3371
f 4085/3603/3381 4072/3601/3379 4073/3591/3372
f 4086/3604/3382 4073/3591/3372 4074/3592/3373
f 4087/3605/3383 4074/3592/3373 4075/3593/3374
f 4088/3606/3384 4075/3593/3374 4076/3594/3375
f 4089/3607/3376 4076/3594/3375 4077/3595/3376
f 4090/3608/3385 4077/3595/3376 4078/3596/3366
f 4080/3598/3367 4091/3609/3357 4079/3597/3357
f 4081/3599/3377 4092/3610/3386 4080/3598/3367
f 4082/3600/3378 4093/3611/3387 4081/3599/3377
f 4083/3602/3380 4094/3612/3388 4082/3600/3378
f 4084/3613/3389 4095/3614/3390 4083/3602/3380
f 4097/3615/3391 4084/3613/3389 4085/3603/3381
f 4098/3616/3392 4085/3603/3381 4086/3604/3382
f 4099/3617/3393 4086/3604/3382 4087/3605/3383
f 4100/3618/3394 4087/3605/3383 4088/3606/3384
f 4101/3619/3395 4088/3606/3384 4089/3607/3376
f 4102/3620/3385 4089/3607/3376 4090/3608/3385
f 4092/3610/3386 4103/3621/3396 4091/3609/3357
f 4093/3611/3387 4104/3622/3386 4092/3610/3386
f 4094/3612/3388 4105/3623/3397 4093/3611/3387
f 4095/3614/3390 4106/3624/3398 4094/3612/3388
f 4096/3625/3399 4107/3626/3400 4095/3614/3390
f 4109/3627/3401 4096/3625/3399 4097/3615/3391
f 4110/3628/3402 4097/3615/3391 4098/3616/3392
f 4111/3629/3403 4098/3616/3392 4099/3617/3393
f 4112/3630/3404 4099/3617/3393 4100/3618/3394
f 4113/3631/3405 4100/3618/3394 4101/3619/3395
f 4114/3632/3385 4101/3619/3395 4102/3620/3385
f 4104/3622/3386 4115/3633/3396 4103/3621/3396
f 4105/3623/3397 4116/3634/3406 4104/3622/3386
f 4106/3624/3398 4117/3635/3407 4105/3623/3397
f 4107/3626/3400 4118/3636/3408 4106/3624/3398
f 4108/3637/3409 4119/3638/3410 4107/3626/3400
f 4121/3639/3411 4108/3637/3409 4109/3627/3401
f 4122/3640/3412 4109/3627/3401 4110/3628/3402
f 4123/3641/3413 4110/3628/3402 4111/3629/3403
f 4124/3642/3414 4111/3629/3403 4112/3630/3404
f 4125/3643/3415 4112/3630/3404 4113/3631/3405
f 4126/3644/3416 4113/3631/3405 4114/3632/3385
f 4116/3634/3406 4127/5/3417 4115/3633/3396
f 4117/3635/3407 4128/3645/3418 4116/3634/3406
f 4118/3636/3408 4129/3646/3419 4117/3635/3407
f 4119/3638/3410 4130/3647/3420 4118/3636/3408
f 4120/3648/3421 4131/3649/3422 4119/3638/3410
f 4133/3650/3423 4120/3648/3421 4121/3639/3411
f 4134/3651/3424 4121/3639/3411 4122/3640/3412
f 4135/3652/3425 4122/3640/3412 4123/3641/3413
f 4136/3653/3426 4123/3641/3413 4124/3642/3414
f 4137/3654/3427 4124/3642/3414 4125/3643/3415
f 4138/3655/3428 4125/3643/3415 4126/3644/3416
f 4128/3645/3418 4139/3656/3429 4127/5/3417
f 4129/3646/3419 4140/3657/3430 4128/3645/3418
f 4130/3647/3420 4141/3658/3431 4129/3646/3419
f 4131/3649/3422 4142/3659/3432 4130/3647/3420
f 4132/3660/3433 4143/3661/3434 4131/3649/3422
f 4145/3662/3435 4132/3660/3433 4133/3650/3423
f 4146/3663/3436 4133/3650/3423 4134/3651/3424
f 4147/3664/3437 4134/3651/3424 4135/3652/3425
f 4148/3665/3438 4135/3652/3425 4136/3653/3426
f 4149/3666/3439 4136/3653/3426 4137/3654/3427
f 4150/3667/3440 4137/3654/3427 4138/3655/3428
f 4140/3657/3430 4151/3668/3441 4139/3656/3429
f 4141/3658/3431 4152/3669/3442 4140/3657/3430
f 4142/3659/3432 4153/3670/3443 4141/3658/3431
f 4143/3661/3434 4154/3671/3444 4142/3659/3432
f 4144/3672/3445 4155/3673/3446 4143/3661/3434
f 4157/3674/3447 4144/3672/3445 4145/3662/3435
f 4158/3675/3448 4145/3662/3435 4146/3663/3436
f 4159/3676/3449 4146/3663/3436 4147/3664/3437
f 4160/3677/3450 4147/3664/3437 4148/3665/3438
f 4161/3678/3451 4148/3665/3438 4149/3666/3439
f 4162/3679/3452 4149/3666/3439 4150/3667/3440
f 4152/3669/3442 4163/3680/3453 4151/3668/3441
f 4153/3670/3443 4164/3681/3454 4152/3669/3442
f 4154/3671/3444 4165/3682/3455 4153/3670/3443
f 4155/3673/3446 4166/3683/3456 4154/3671/3444
f 4156/3684/3457 4167/3685/3458 4155/3673/3446
f 4169/3686/3459 4156/3684/3457 4157/3674/3447
f 4170/3687/3460 4157/3674/3447 4158/3675/3448
f 4171/3688/3461 4158/3675/3448 4159/3676/3449
f 4172/3689/3462 4159/3676/3449 4160/3677/3450
f 4173/3690/3463 4160/3677/3450 4161/3678/3451
f 4174/3691/3464 4161/3678/3451 4162/3679/3452
f 4164/3681/3454 4175/3692/3465 4163/3680/3453
f 4165/3682/3455 4176/3693/3466 4164/3681/3454
f 4166/3683/3456 4177/3694/3467 4165/3682/3455
f 4167/3685/3458 4178/3695/3468 4166/3683/3456
f 4168/3696/3469 4179/3697/3470 4167/3685/3458
f 4181/3698/3471 4168/3696/3469 4169/3686/3459
f 4182/3699/3472 4169/3686/3459 4170/3687/3460
f 4183/3700/3473 4170/3687/3460 4171/3688/3461
f 4184/3701/3474 4171/3688/3461 4172/3689/3462
f 4185/3702/3475 4172/3689/3462 4173/3690/3463
f 4186/3703/3476 4173/3690/3463 4174/3691/3464
f 4188/3704/3477 4175/3692/3465 4176/3693/3466
f 4189/3705/3478 4176/3693/3466 4177/3694/3467
f 4190/3706/3479 4177/3694/3467 4178/3695/3468
f 4191/3707/3480 4178/3695/3468 4179/3697/3470
f 4192/3708/3481 4179/3697/3470 4180/3709/3482
f 4193/3710/3483 4180/3709/3482 4181/3698/3471
f 4182/3699/3472 4193/3710/3483 4181/3698/3471
f 4183/3700/3473 4194/3711/3484 4182/3699/3472
f 4184/3701/3474 4195/3712/3485 4183/3700/3473
f 4185/3702/3475 4196/3713/3486 4184/3701/3474
f 4186/3703/3476 4197/3714/3487 4185/3702/3475
f 4200/3715/3488 4187/3716/3489 4188/3704/3477
f 4201/3717/3490 4188/3704/3477 4189/3705/3478
f 4202/3718/3491 4189/3705/3478 4190/3706/3479
f 4203/3719/3492 4190/3706/3479 4191/3707/3480
f 4192/3708/3481 4203/3719/3492 4191/3707/3480
f 4205/3720/3493 4192/3708/3481 4193/3710/3483
f 4206/3721/3494 4193/3710/3483 4194/3711/3484
f 4195/3712/3485 4206/3721/3494 4194/3711/3484
f 4196/3713/3486 4207/3722/3495 4195/3712/3485
f 4197/3714/3487 4208/3723/3496 4196/3713/3486
f 4198/3724/3497 4209/3725/3498 4197/3714/3487
f 4212/3726/3499 4199/3727/3500 4200/3715/3488
f 4213/3728/3501 4200/3715/3488 4201/3717/3490
f 4214/3729/3502 4201/3717/3490 4202/3718/3491
f 4215/3730/3503 4202/3718/3491 4203/3719/3492
f 4216/3731/3504 4203/3719/3492 4204/3732/3505
f 4217/3733/3506 4204/3732/3505 4205/3720/3493
f 4206/3721/3494 4217/3733/3506 4205/3720/3493
f 4207/3722/3495 4218/3734/3507 4206/3721/3494
f 4208/3723/3496 4219/3735/3508 4207/3722/3495
f 4209/3725/3498 4220/3736/3509 4208/3723/3496
f 4210/3737/3510 4221/3738/3511 4209/3725/3498
f 4224/3739/3512 4211/2/3513 4212/3726/3499
f 4225/3740/3514 4212/3726/3499 4213/3728/3501
f 4226/3741/3515 4213/3728/3501 4214/3729/3502
f 4215/3730/3503 4226/3741/3515 4214/3729/3502
f 4228/3742/3516 4215/3730/3503 4216/3731/3504
f 4229/3743/3517 4216/3731/3504 4217/3733/3506
f 4218/3734/3507 4229/3743/3517 4217/3733/3506
f 4231/3744/3518 4218/3734/3507 4219/3735/3508
f 4220/3736/3509 4231/3744/3518 4219/3735/3508
f 4221/3738/3511 4232/3745/3519 4220/3736/3509
f 4222/3746/3520 4233/3747/3521 4221/3738/3511
f 4236/3748/3522 4223/3749/3523 4224/3739/3512
f 4225/3740/3514 4236/3748/3522 4224/3739/3512
f 4238/3750/3524 4225/3740/3514 4226/3741/3515
f 4239/3751/3525 4226/3741/3515 4227/3752/3526
f 4240/3753/3527 4227/3752/3526 4228/3742/3516
f 4241/3754/3528 4228/3742/3516 4229/3743/3517
f 4230/3755/3529 4241/3754/3528 4229/3743/3517
f 4231/3744/3518 4242/3756/3530 4230/3755/3529
f 4232/3745/3519 4243/3757/3531 4231/3744/3518
f 4245/3758/3532 4232/3745/3519 4233/3747/3521
f 4234/3759/3533 4245/3758/3532 4233/3747/3521
f 4248/3760/3534 4235/3761/3535 4236/3748/3522
f 4237/3762/3536 4248/3760/3534 4236/3748/3522
f 4250/3763/3537 4237/3762/3536 4238/3750/3524
f 4251/3764/3538 4238/3750/3524 4239/3751/3525
f 4240/3753/3527 4251/3764/3538 4239/3751/3525
f 4253/3765/3539 4240/3753/3527 4241/3754/3528
f 4254/3766/3540 4241/3754/3528 4242/3756/3530
f 4243/3757/3531 4254/3766/3540 4242/3756/3530
f 4244/3767/3541 4255/3768/3542 4243/3757/3531
f 4257/3769/3543 4244/3767/3541 4245/3758/3532
f 4246/3770/3544 4257/3769/3543 4245/3758/3532
f 4260/3771/3545 4247/3772/3546 4248/3760/3534
f 4261/3773/3547 4248/3760/3534 4249/3774/3548
f 4262/3775/3549 4249/3774/3548 4250/3763/3537
f 4263/3776/3550 4250/3763/3537 4251/3764/3538
f 4252/3777/3551 4263/3776/3550 4251/3764/3538
f 4265/3778/3552 4252/3777/3551 4253/3765/3539
f 4266/3779/3553 4253/3765/3539 4254/3766/3540
f 4255/3768/3542 4266/3779/3553 4254/3766/3540
f 4256/3780/3554 4267/3781/3555 4255/3768/3542
f 4257/3769/3543 4268/3782/3556 4256/3780/3554
f 4258/3783/3557 4269/3784/3558 4257/3769/3543
f 4272/3785/3559 4259/3786/3560 4260/3771/3545
f 4261/3773/3547 4272/3785/3559 4260/3771/3545
f 4274/3787/3561 4261/3773/3547 4262/3775/3549
f 4275/3788/3562 4262/3775/3549 4263/3776/3550
f 4264/3789/3563 4275/3788/3562 4263/3776/3550
f 4277/3790/3564 4264/3789/3563 4265/3778/3552
f 4278/3791/3565 4265/3778/3552 4266/3779/3553
f 4267/3781/3555 4278/3791/3565 4266/3779/3553
f 4268/3782/3556 4279/3792/3566 4267/3781/3555
f 4281/3793/3567 4268/3782/3556 4269/3784/3558
f 4270/3794/3568 4281/3793/3567 4269/3784/3558
f 4284/3795/3569 4271/3796/3570 4272/3785/3559
f 4285/3797/3571 4272/3785/3559 4273/3798/3572
f 4286/3799/3573 4273/3798/3572 4274/3787/3561
f 4287/3800/3574 4274/3787/3561 4275/3788/3562
f 4276/3801/3575 4287/3800/3574 4275/3788/3562
f 4289/3802/3576 4276/3801/3575 4277/3790/3564
f 4290/3803/3577 4277/3790/3564 4278/3791/3565
f 4279/3792/3566 4290/3803/3577 4278/3791/3565
f 4280/3804/3578 4291/3805/3579 4279/3792/3566
f 4281/3793/3567 4292/3806/3580 4280/3804/3578
f 4294/3807/3581 4281/3793/3567 4282/3808/3582
f 4296/3809/3583 4283/3810/3584 4284/3795/3569
f 4297/3811/3585 4284/3795/3569 4285/3797/3571
f 4298/3812/3586 4285/3797/3571 4286/3799/3573
f 4299/3813/3587 4286/3799/3573 4287/3800/3574
f 4300/3814/3588 4287/3800/3574 4288/3815/3589
f 4301/3816/3590 4288/3815/3589 4289/3802/3576
f 4290/3803/3577 4301/3816/3590 4289/3802/3576
f 4291/3805/3579 4302/3817/3591 4290/3803/3577
f 4292/3806/3580 4303/3818/3592 4291/3805/3579
f 4293/3819/3593 4304/3820/3594 4292/3806/3580
f 4294/3807/3581 4305/3821/3595 4293/3819/3593
f 4308/3822/3596 4295/6/3597 4296/3809/3583
f 4309/3823/3598 4296/3809/3583 4297/3811/3585
f 4310/3824/3599 4297/3811/3585 4298/3812/3586
f 4311/3825/3600 4298/3812/3586 4299/3813/3587
f 4312/3826/3601 4299/3813/3587 4300/3814/3588
f 4313/3827/3602 4300/3814/3588 4301/3816/3590
f 4302/3817/3591 4313/3827/3602 4301/3816/3590
f 4303/3818/3592 4314/3828/3603 4302/3817/3591
f 4304/3820/3594 4315/3829/3604 4303/3818/3592
f 4305/3821/3595 4316/3830/3605 4304/3820/3594
f 4306/3831/3606 4317/3832/3607 4305/3821/3595
f 4320/3833/3608 4307/3834/3609 4308/3822/3596
f 4309/3823/3598 4320/3833/3608 4308/3822/3596
f 4310/3824/3599 4321/3835/3610 4309/3823/3598
f 4311/3825/3600 4322/3836/3611 4310/3824/3599
f 4312/3826/3601 4323/3837/3612 4311/3825/3600
f 4325/3838/3613 4312/3826/3601 4313/3827/3602
f 4326/3839/3614 4313/3827/3602 4314/3828/3603
f 4327/3840/3615 4314/3828/3603 4315/3829/3604
f 4328/3841/3616 4315/3829/3604 4316/3830/3605
f 4329/3842/3617 4316/3830/3605 4317/3832/3607
f 4318/3843/3618 4329/3842/3617 4317/3832/3607
f 4332/3844/3619 4319/3845/3620 4320/3833/3608
f 4333/3846/3621 4320/3833/3608 4321/3835/3610
f 4334/3847/3622 4321/3835/3610 4322/3836/3611
f 4335/3848/3623 4322/3836/3611 4323/3837/3612
f 4336/3849/3624 4323/3837/3612 4324/3850/3625
f 4337/3851/3626 4324/3850/3625 4325/3838/3613
f 4326/3839/3614 4337/3851/3626 4325/3838/3613
f 4327/3840/3615 4338/3852/3627 4326/3839/3614
f 4328/3841/3616 4339/3853/3628 4327/3840/3615
f 4329/3842/3617 4340/3854/3629 4328/3841/3616
f 4330/3855/3630 4341/3856/3631 4329/3842/3617
f 4332/3844/3619 4343/3857/3632 4331/3858/3633
f 4333/3846/3621 4344/3859/3634 4332/3844/3619
f 4334/3847/3622 4345/3860/3635 4333/3846/3621
f 4335/3848/3623 4346/3861/3636 4334/3847/3622
f 4336/3849/3624 4347/3862/3637 4335/3848/3623
f 4349/3863/3638 4336/3849/3624 4337/3851/3626
f 4350/3864/3639 4337/3851/3626 4338/3852/3627
f 4351/3865/3640 4338/3852/3627 4339/3853/3628
f 4352/3866/3641 4339/3853/3628 4340/3854/3629
f 4353/3867/3642 4340/3854/3629 4341/3856/3631
f 4354/3868/3643 4341/3856/3631 4342/3869/3644
f 4344/3859/3634 4355/3870/3645 4343/3857/3632
f 4345/3860/3635 4356/3871/3646 4344/3859/3634
f 4346/3861/3636 4357/3872/3647 4345/3860/3635
f 4347/3862/3637 4358/3873/3648 4346/3861/3636
f 4348/3874/3649 4359/3875/3650 4347/3862/3637
f 4361/3876/3651 4348/3874/3649 4349/3863/3638
f 4362/3877/3652 4349/3863/3638 4350/3864/3639
f 4363/3878/3653 4350/3864/3639 4351/3865/3640
f 4364/3879/3654 4351/3865/3640 4352/3866/3641
f 4365/3880/3655 4352/3866/3641 4353/3867/3642
f 4366/3881/3656 4353/3867/3642 4354/3868/3643
f 4356/3871/3646 4367/3882/3657 4355/3870/3645
f 4357/3872/3647 4368/3883/3658 4356/3871/3646
f 4358/3873/3648 4369/3884/3659 4357/3872/3647
f 4359/3875/3650 4370/3885/3660 4358/3873/3648
f 4360/3886/3661 4371/3887/3662 4359/3875/3650
f 4373/3888/3663 4360/3886/3661 4361/3876/3651
f 4374/3889/3664 4361/3876/3651 4362/3877/3652
f 4375/3890/3665 4362/3877/3652 4363/3878/3653
f 4376/3891/3666 4363/3878/3653 4364/3879/3654
f 4377/3892/3667 4364/3879/3654 4365/3880/3655
f 4378/3893/3668 4365/3880/3655 4366/3881/3656
f 4380/3894/3669 4367/3882/3657 4368/3883/3658
f 4381/3895/3670 4368/3883/3658 4369/3884/3659
f 4382/3896/3671 4369/3884/3659 4370/3885/3660
f 4383/3897/3672 4370/3885/3660 4371/3887/3662
f 4384/3898/3673 4371/3887/3662 4372/3899/3674
f 4385/3900/3675 4372/3899/3674 4373/3888/3663
f 4374/3889/3664 4385/3900/3675 4373/3888/3663
f 4375/3890/3665 4386/3901/3676 4374/3889/3664
f 4376/3891/3666 4387/3902/3677 4375/3890/3665
f 4377/3892/3667 4388/3903/3678 4376/3891/3666
f 4378/3893/3668 4389/3904/3679 4377/3892/3667
f 4392/3905/3680 4379/8/3681 4380/3894/3669
f 4393/3906/3682 4380/3894/3669 4381/3895/3670
f 4394/3907/3683 4381/3895/3670 4382/3896/3671
f 4395/3908/3684 4382/3896/3671 4383/3897/3672
f 4396/3909/3685 4383/3897/3672 4384/3898/3673
f 4397/3910/3686 4384/3898/3673 4385/3900/3675
f 4386/3901/3676 4397/3910/3686 4385/3900/3675
f 4387/3902/3677 4398/3911/3687 4386/3901/3676
f 4388/3903/3678 4399/3912/3688 4387/3902/3677
f 4389/3904/3679 4400/3913/3689 4388/3903/3678
f 4390/3914/3690 4401/3915/3691 4389/3904/3679
f 4404/3916/3692 4391/3917/3693 4392/3905/3680
f 4405/3918/3694 4392/3905/3680 4393/3906/3682
f 4406/3919/3695 4393/3906/3682 4394/3907/3683
f 4407/3920/3696 4394/3907/3683 4395/3908/3684
f 4408/3921/3697 4395/3908/3684 4396/3909/3685
f 4409/3922/3698 4396/3909/3685 4397/3910/3686
f 4398/3911/3687 4409/3922/3698 4397/3910/3686
f 4399/3912/3688 4410/3923/3699 4398/3911/3687
f 4400/3913/3689 4411/3924/3700 4399/3912/3688
f 4401/3915/3691 4412/3925/3701 4400/3913/3689
f 4402/3926/3702 4413/3927/3703 4401/3915/3691
f 4416/3928/3704 4403/3929/3705 4404/3916/3692
f 4417/3930/3706 4404/3916/3692 4405/3918/3694
f 4418/3931/3707 4405/3918/3694 4406/3919/3695
f 4419/3932/3708 4406/3919/3695 4407/3920/3696
f 4420/3933/3709 4407/3920/3696 4408/3921/3697
f 4421/3934/3710 4408/3921/3697 4409/3922/3698
f 4410/3923/3699 4421/3934/3710 4409/3922/3698
f 4411/3924/3700 4422/3935/3711 4410/3923/3699
f 4412/3925/3701 4423/3936/3712 4411/3924/3700
f 4413/3927/3703 4424/3937/3713 4412/3925/3701
f 4414/3938/3714 4425/3939/3715 4413/3927/3703
f 4428/3940/3716 4415/3941/3717 4416/3928/3704
f 4429/3942/3718 4416/3928/3704 4417/3930/3706
f 4430/3943/3719 4417/3930/3706 4418/3931/3707
f 4431/3944/3720 4418/3931/3707 4419/3932/3708
f 4432/3945/3721 4419/3932/3708 4420/3933/3709
f 4433/3946/3722 4420/3933/3709 4421/3934/3710
f 4422/3935/3711 4433/3946/3722 4421/3934/3710
f 4423/3936/3712 4434/3947/3723 4422/3935/3711
f 4424/3937/3713 4435/3948/3724 4423/3936/3712
f 4425/3939/3715 4436/3949/3725 4424/3937/3713
f 4426/3950/3726 4437/3951/3727 4425/3939/3715
f 4440/3952/3728 4427/3953/3729 4428/3940/3716
f 4441/3954/3730 4428/3940/3716 4429/3942/3718
f 4442/3955/3731 4429/3942/3718 4430/3943/3719
f 4443/3956/3732 4430/3943/3719 4431/3944/3720
f 4444/3957/3733 4431/3944/3720 4432/3945/3721
f 4445/3958/3734 4432/3945/3721 4433/3946/3722
f 4434/3947/3723 4445/3958/3734 4433/3946/3722
f 4435/3948/3724 4446/3959/3735 4434/3947/3723
f 4436/3949/3725 4447/3960/3736 4435/3948/3724
f 4437/3951/3727 4448/3961/3737 4436/3949/3725
f 4438/3962/3738 4449/3963/3739 4437/3951/3727
f 4452/3964/3740 4439/3965/3741 4440/3952/3728
f 4453/3966/3742 4440/3952/3728 4441/3954/3730
f 4454/3967/3743 4441/3954/3730 4442/3955/3731
f 4455/3968/3744 4442/3955/3731 4443/3956/3732
f 4456/3969/3745 4443/3956/3732 4444/3957/3733
f 4457/3970/3746 4444/3957/3733 4445/3958/3734
f 4446/3959/3735 4457/3970/3746 4445/3958/3734
f 4447/3960/3736 4458/3971/3747 4446/3959/3735
f 4448/3961/3737 4459/3972/3748 4447/3960/3736
f 4449/3963/3739 4460/3973/3749 4448/3961/3737
f 4450/3974/3750 4461/3975/3751 4449/3963/3739
f 4464/3976/3752 4451/3977/3753 4452/3964/3740
f 4465/3978/3754 4452/3964/3740 4453/3966/3742
f 4466/3979/3755 4453/3966/3742 4454/3967/3743
f 4467/3980/3756 4454/3967/3743 4455/3968/3744
f 4468/3981/3757 4455/3968/3744 4456/3969/3745
f 4469/3982/3758 4456/3969/3745 4457/3970/3746
f 4458/3971/3747 4469/3982/3758 4457/3970/3746
f 4459/3972/3748 4470/3983/3759 4458/3971/3747
f 4460/3973/3749 4471/3984/3760 4459/3972/3748
f 4461/3975/3751 4472/3985/3761 4460/3973/3749
f 4462/3986/3762 4473/3987/3763 4461/3975/3751
f 4476/3988/3764 4463/9/3765 4464/3976/3752
f 4477/3989/3766 4464/3976/3752 4465/3978/3754
f 4478/3990/3767 4465/3978/3754 4466/3979/3755
f 4479/3991/3768 4466/3979/3755 4467/3980/3756
f 4480/3992/3769 4467/3980/3756 4468/3981/3757
f 4481/3993/3770 4468/3981/3757 4469/3982/3758
f 4470/3983/3759 4481/3993/3770 4469/3982/3758
f 4471/3984/3760 4482/3994/3771 4470/3983/3759
f 4472/3985/3761 4483/3995/3772 4471/3984/3760
f 4473/3987/3763 4484/3996/3773 4472/3985/3761
f 4474/3997/3774 4485/3998/3775 4473/3987/3763
f 4488/3999/3776 4475/4000/3777 4476/3988/3764
f 4489/4001/3778 4476/3988/3764 4477/3989/3766
f 4490/4002/3779 4477/3989/3766 4478/3990/3767
f 4491/4003/3780 4478/3990/3767 4479/3991/3768
f 4492/4004/3781 4479/3991/3768 4480/3992/3769
f 4493/4005/3782 4480/3992/3769 4481/3993/3770
f 4482/3994/3771 4493/4005/3782 4481/3993/3770
f 4483/3995/3772 4494/4006/3783 4482/3994/3771
f 4484/3996/3773 4495/4007/3784 4483/3995/3772
f 4485/3998/3775 4496/4008/3785 4484/3996/3773
f 4486/4009/3786 4497/4010/3787 4485/3998/3775
f 4500/4011/3788 4487/4012/3789 4488/3999/3776
f 4501/4013/3790 4488/3999/3776 4489/4001/3778
f 4502/4014/3791 4489/4001/3778 4490/4002/3779
f 4503/4015/3792 4490/4002/3779 4491/4003/3780
f 4504/4016/3793 4491/4003/3780 4492/4004/3781
f 4505/4017/3794 4492/4004/3781 4493/4005/3782
f 4494/4006/3783 4505/4017/3794 4493/4005/3782
f 4495/4007/3784 4506/4018/3795 4494/4006/3783
f 4496/4008/3785 4507/4019/3796 4495/4007/3784
f 4497/4010/3787 4508/4020/3797 4496/4008/3785
f 4498/4021/3798 4509/4022/3799 4497/4010/3787
f 4512/4023/3800 4499/4024/3801 4500/4011/3788
f 4513/4025/3802 4500/4011/3788 4501/4013/3790
f 4514/4026/3803 4501/4013/3790 4502/4014/3791
f 4515/4027/3804 4502/4014/3791 4503/4015/3792
f 4516/4028/3805 4503/4015/3792 4504/4016/3793
f 4517/4029/3806 4504/4016/3793 4505/4017/3794
f 4506/4018/3795 4517/4029/3806 4505/4017/3794
f 4507/4019/3796 4518/4030/3807 4506/4018/3795
f 4508/4020/3797 4519/4031/3808 4507/4019/3796
f 4509/4022/3799 4520/4032/3809 4508/4020/3797
f 4510/4033/3810 4521/4034/3811 4509/4022/3799
f 4524/4035/3812 4511/4036/3813 4512/4023/3800
f 4525/4037/3814 4512/4023/3800 4513/4025/3802
f 4514/4026/3803 4525/4037/3814 4513/4025/3802
f 4515/4027/3804 4526/4038/3815 4514/4026/3803
f 4516/4028/3805 4527/4039/3816 4515/4027/3804
f 4529/4040/3817 4516/4028/3805 4517/4029/3806
f 4530/4041/3818 4517/4029/3806 4518/4030/3807
f 4531/4042/3819 4518/4030/3807 4519/4031/3808
f 4532/4043/3820 4519/4031/3808 4520/4032/3809
f 4521/4034/3811 4532/4043/3820 4520/4032/3809
f 4522/4044/3821 4533/4045/3822 4521/4034/3811
f 4524/4035/3812 4535/4046/3823 4523/4047/3824
f 4525/4037/3814 4536/4048/3825 4524/4035/3812
f 4526/4038/3815 4537/4049/3826 4525/4037/3814
f 4527/4039/3816 4538/4050/3827 4526/4038/3815
f 4528/4051/3828 4539/4052/3829 4527/4039/3816
f 4541/4053/3830 4528/4051/3828 4529/4040/3817
f 4542/4054/3831 4529/4040/3817 4530/4041/3818
f 4543/4055/3832 4530/4041/3818 4531/4042/3819
f 4544/4056/3833 4531/4042/3819 4532/4043/3820
f 4545/4057/3834 4532/4043/3820 4533/4045/3822
f 4546/4058/3835 4533/4045/3822 4534/4059/3836
f 4536/4048/3825 4547/7/3837 4535/4046/3823
f 4537/4049/3826 4548/4060/3838 4536/4048/3825
f 4538/4050/3827 4549/4061/3839 4537/4049/3826
f 4539/4052/3829 4550/4062/3840 4538/4050/3827
f 4540/4063/3841 4551/4064/3842 4539/4052/3829
f 4553/4065/3843 4540/4063/3841 4541/4053/3830
f 4554/4066/3844 4541/4053/3830 4542/4054/3831
f 4555/4067/3845 4542/4054/3831 4543/4055/3832
f 4556/4068/3846 4543/4055/3832 4544/4056/3833
f 4557/4069/3847 4544/4056/3833 4545/4057/3834
f 4558/4070/3848 4545/4057/3834 4546/4058/3835
f 4548/4060/3838 4559/4071/3849 4547/7/3837
f 4549/4061/3839 4560/4072/3850 4548/4060/3838
f 4550/4062/3840 4561/4073/3851 4549/4061/3839
f 4551/4064/3842 4562/4074/3852 4550/4062/3840
f 4552/4075/3853 4563/4076/3854 4551/4064/3842
f 4565/4077/3855 4552/4075/3853 4553/4065/3843
f 4566/4078/3856 4553/4065/3843 4554/4066/3844
f 4567/4079/3857 4554/4066/3844 4555/4067/3845
f 4568/4080/3858 4555/4067/3845 4556/4068/3846
f 4569/4081/3859 4556/4068/3846 4557/4069/3847
f 4570/4082/3860 4557/4069/3847 4558/4070/3848
f 4560/4072/3850 4571/4083/3861 4559/4071/3849
f 4561/4073/3851 4572/4084/3862 4560/4072/3850
f 4562/4074/3852 4573/4085/3863 4561/4073/3851
f 4563/4076/3854 4574/4086/3864 4562/4074/3852
f 4564/4087/3865 4575/4088/3866 4563/4076/3854
f 4577/4089/3867 4564/4087/3865 4565/4077/3855
f 4578/4090/3868 4565/4077/3855 4566/4078/3856
f 4579/4091/3869 4566/4078/3856 4567/4079/3857
f 4580/4092/3870 4567/4079/3857 4568/4080/3858
f 4581/4093/3871 4568/4080/3858 4569/4081/3859
f 4582/4094/3872 4569/4081/3859 4570/4082/3860
f 4572/4084/3862 4583/4095/3873 4571/4083/3861
f 4573/4085/3863 4584/4096/3874 4572/4084/3862
f 4574/4086/3864 4585/4097/3875 4573/4085/3863
f 4575/4088/3866 4586/4098/3876 4574/4086/3864
f 4576/4099/3877 4587/4100/3878 4575/4088/3866
f 4589/4101/3879 4576/4099/3877 4577/4089/3867
f 4590/4102/3880 4577/4089/3867 4578/4090/3868
f 4591/4103/3881 4578/4090/3868 4579/4091/3869
f 4592/4104/3882 4579/4091/3869 4580/4092/3870
f 4593/4105/3883 4580/4092/3870 4581/4093/3871
f 4594/4106/3884 4581/4093/3871 4582/4094/3872
f 4584/4096/3874 4595/4107/3885 4583/4095/3873
f 4585/4097/3875 4596/4108/3886 4584/4096/3874
f 4586/4098/3876 4597/4109/3887 4585/4097/3875
f 4587/4100/3878 4598/4110/3888 4586/4098/3876
f 4588/4111/3889 4599/4112/3890 4587/4100/3878
f 4601/4113/3891 4588/4111/3889 4589/4101/3879
f 4602/4114/3892 4589/4101/3879 4590/4102/3880
f 4603/4115/3893 4590/4102/3880 4591/4103/3881
f 4604/4116/3894 4591/4103/3881 4592/4104/3882
f 4605/4117/3895 4592/4104/3882 4593/4105/3883
f 4606/4118/3896 4593/4105/3883 4594/4106/3884
f 4596/4108/3886 4607/4119/3897 4595/4107/3885
f 4597/4109/3887 4608/4120/3898 4596/4108/3886
f 4598/4110/3888 4609/4121/3899 4597/4109/3887
f 4599/4112/3890 4610/4122/3900 4598/4110/3888
f 4600/4123/3901 4611/4124/3902 4599/4112/3890
f 4613/4125/3903 4600/4123/3901 4601/4113/3891
f 4614/4126/3904 4601/4113/3891 4602/4114/3892
f 4615/4127/3905 4602/4114/3892 4603/4115/3893
f 4616/4128/3906 4603/4115/3893 4604/4116/3894
f 4617/4129/3907 4604/4116/3894 4605/4117/3895
f 4618/4130/3908 4605/4117/3895 4606/4118/3896
f 4608/4120/3898 4619/4131/3909 4607/4119/3897
f 4609/4121/3899 4620/4132/3910 4608/4120/3898
f 4610/4122/3900 4621/4133/3911 4609/4121/3899
f 4611/4124/3902 4622/4134/3912 4610/4122/3900
f 4612/4135/3913 4623/4136/3914 4611/4124/3902
f 4625/4137/3915 4612/4135/3913 4613/4125/3903
f 4626/4138/3916 4613/4125/3903 4614/4126/3904
f 4627/4139/3917 4614/4126/3904 4615/4127/3905
f 4628/4140/3918 4615/4127/3905 4616/4128/3906
f 4629/4141/3919 4616/4128/3906 4617/4129/3907
f 4630/4142/3920 4617/4129/3907 4618/4130/3908
f 4620/4132/3910 4631/10/3921 4619/4131/3909
f 4621/4133/3911 4632/4143/3922 4620/4132/3910
f 4622/4134/3912 4633/4144/3923 4621/4133/3911
f 4623/4136/3914 4634/4145/3924 4622/4134/3912
f 4624/4146/3925 4635/4147/3926 4623/4136/3914
f 4637/4148/3927 4624/4146/3925 4625/4137/3915
f 4638/4149/3928 4625/4137/3915 4626/4138/3916
f 4639/4150/3929 4626/4138/3916 4627/4139/3917
f 4640/4151/3930 4627/4139/3917 4628/4140/3918
f 4641/4152/3931 4628/4140/3918 4629/4141/3919
f 4642/4153/3932 4629/4141/3919 4630/4142/3920
f 4632/4143/3922 4643/4154/3933 4631/10/3921
f 4633/4144/3923 4644/4155/3934 4632/4143/3922
f 4634/4145/3924 4645/4156/3935 4633/4144/3923
f 4635/4147/3926 4646/4157/3936 4634/4145/3924
f 4636/4158/3937 4647/4159/3938 4635/4147/3926
f 4649/4160/3939 4636/4158/3937 4637/4148/3927
f 4650/4161/3940 4637/4148/3927 4638/4149/3928
f 4651/4162/3941 4638/4149/3928 4639/4150/3929
f 4652/4163/3942 4639/4150/3929 4640/4151/3930
f 4653/4164/3943 4640/4151/3930 4641/4152/3931
f 4654/4165/3944 4641/4152/3931 4642/4153/3932
f 4644/4155/3934 4655/4166/3945 4643/4154/3933
f 4645/4156/3935 4656/4167/3946 4644/4155/3934
f 4646/4157/3936 4657/4168/3947 4645/4156/3935
f 4647/4159/3938 4658/4169/3948 4646/4157/3936
f 4648/4170/3949 4659/4171/3950 4647/4159/3938
f 4661/4172/3951 4648/4170/3949 4649/4160/3939
f 4662/4173/3952 4649/4160/3939 4650/4161/3940
f 4663/4174/3953 4650/4161/3940 4651/4162/3941
f 4664/4175/3954 4651/4162/3941 4652/4163/3942
f 4665/4176/3955 4652/4163/3942 4653/4164/3943
f 4666/4177/3956 4653/4164/3943 4654/4165/3944
f 4656/4167/3946 4667/4178/3957 4655/4166/3945
f 4657/4168/3947 4668/4179/3958 4656/4167/3946
f 4658/4169/3948 4669/4180/3959 4657/4168/3947
f 4659/4171/3950 4670/4181/3960 4658/4169/3948
f 4660/4182/3961 4671/4183/3962 4659/4171/3950
f 4673/4184/3963 4660/4182/3961 4661/4172/3951
f 4674/4185/3964 4661/4172/3951 4662/4173/3952
f 4675/4186/3965 4662/4173/3952 4663/4174/3953
f 4676/4187/3966 4663/4174/3953 4664/4175/3954
f 4677/4188/3967 4664/4175/3954 4665/4176/3955
f 4678/4189/3968 4665/4176/3955 4666/4177/3956
f 4680/4190/3969 4667/4178/3957 4668/4179/3958
f 4681/4191/3970 4668/4179/3958 4669/4180/3959
f 4682/4192/3971 4669/4180/3959 4670/4181/3960
f 4683/4193/3972 4670/4181/3960 4671/4183/3962
f 4684/4194/3973 4671/4183/3962 4672/4195/3974
f 4685/4196/3975 4672/4195/3974 4673/4184/3963
f 4674/4185/3964 4685/4196/3975 4673/4184/3963
f 4675/4186/3965 4686/4197/3976 4674/4185/3964
f 4676/4187/3966 4687/4198/3977 4675/4186/3965
f 4677/4188/3967 4688/4199/3978 4676/4187/3966
f 4678/4189/3968 4689/4200/3979 4677/4188/3967
f 4680/4190/3969 4691/4201/3334 4679/4202/3980
f 4681/4191/3970 4692/4203/3981 4680/4190/3969
f 4682/4192/3971 4693/4204/3982 4681/4191/3970
f 4683/4193/3972 4694/4205/3983 4682/4192/3971
f 4684/4194/3973 4695/4206/3984 4683/4193/3972
f 4697/4207/3985 4684/4194/3973 4685/4196/3975
f 4698/4208/3986 4685/4196/3975 4686/4197/3976
f 4699/4209/3987 4686/4197/3976 4687/4198/3977
f 4700/4210/3988 4687/4198/3977 4688/4199/3978
f 4701/4211/3332 4688/4199/3978 4689/4200/3979
f 4702/4212/3345 4689/4200/3979 4690/4213/3989
f 4692/4203/3981 4703/4214/3990 4691/4201/3334
f 4693/4204/3982 4704/4215/3991 4692/4203/3981
f 4694/4205/3983 4705/4216/3992 4693/4204/3982
f 4695/4206/3984 4706/4217/3993 4694/4205/3983
f 4696/4218/3994 4707/4219/3995 4695/4206/3984
f 4709/4220/3996 4696/4218/3994 4697/4207/3985
f 4710/4221/3997 4697/4207/3985 4698/4208/3986
f 4711/4222/3998 4698/4208/3986 4699/4209/3987
f 4712/4223/3999 4699/4209/3987 4700/4210/3988
f 4713/4224/4000 4700/4210/3988 4701/4211/3332
f 4714/4225/4001 4701/4211/3332 4702/4212/3345
f 3792/3147/3095 4703/4214/3990 4704/4215/3991
f 3793/3148/3098 4704/4215/3991 4705/4216/3992
f 3794/3149/3100 4705/4216/3992 4706/4217/3993
f 3795/3150/3102 4706/4217/3993 4707/4219/3995
f 3796/3323/3104 4707/4219/3995 4708/4226/4002
f 3797/3151/3107 4708/4226/4002 4709/4220/3996
f 4710/4221/3997 3797/3151/3107 4709/4220/3996
f 4711/4222/3998 3798/3152/3109 4710/4221/3997
f 4712/4223/3999 3799/3153/3111 4711/4222/3998
f 4713/4224/4000 3800/3154/3113 4712/4223/3999
f 4714/4225/4001 3801/3155/3115 4713/4224/4000
f 4716/342/4003 4727/4227/4004 4715/12/4005
f 4717/344/4006 4728/4228/4007 4716/342/4003
f 4718/346/4008 4729/4229/4009 4717/344/4006
f 4719/348/4010 4730/4230/4011 4718/346/4008
f 4720/350/4012 4731/4231/4013 4719/348/4010
f 4733/4232/4014 4720/350/4012 4721/353/4015
f 4734/4233/4016 4721/353/4015 4722/355/4017
f 4735/4234/4018 4722/355/4017 4723/357/4019
f 4736/4235/4020 4723/357/4019 4724/359/4021
f 4737/4236/4022 4724/359/4021 4725/361/4023
f 4738/4237/4024 4725/361/4023 4726/363/4025
f 4740/807/4026 4727/4227/4004 4728/4228/4007
f 4741/809/4027 4728/4228/4007 4729/4229/4009
f 4742/810/4028 4729/4229/4009 4730/4230/4011
f 4743/811/4029 4730/4230/4011 4731/4231/4013
f 4744/812/4030 4731/4231/4013 4732/4238/4031
f 4745/813/4032 4732/4238/4031 4733/4232/4014
f 4734/4233/4016 4745/813/4032 4733/4232/4014
f 4735/4234/4018 4746/814/4033 4734/4233/4016
f 4736/4235/4020 4747/815/4034 4735/4234/4018
f 4737/4236/4022 4748/816/4035 4736/4235/4020
f 4738/4237/4024 4749/818/4036 4737/4236/4022
f 4740/807/4026 4751/22/4037 4739/820/4038
f 4741/809/4027 4752/3169/4039 4740/807/4026
f 4742/810/4028 4753/3170/4040 4741/809/4027
f 4743/811/4029 4754/3171/4041 4742/810/4028
f 4744/812/4030 4755/3172/4042 4743/811/4029
f 4757/3175/4043 4744/812/4030 4745/813/4032
f 4758/3176/4044 4745/813/4032 4746/814/4033
f 4759/3177/4045 4746/814/4033 4747/815/4034
f 4760/3178/4046 4747/815/4034 4748/816/4035
f 4761/3179/4047 4748/816/4035 4749/818/4036
f 4762/3191/4048 4749/818/4036 4750/829/4049
f 4764/1277/4050 4751/22/4037 4752/3169/4039
f 4765/1278/4051 4752/3169/4039 4753/3170/4040
f 4766/1279/4052 4753/3170/4040 4754/3171/4041
f 4767/1281/4053 4754/3171/4041 4755/3172/4042
f 4768/1292/4054 4755/3172/4042 4756/3173/4055
f 4769/1282/4056 4756/3173/4055 4757/3175/4043
f 4758/3176/4044 4769/1282/4056 4757/3175/4043
f 4759/3177/4045 4770/1283/4057 4758/3176/4044
f 4760/3178/4046 4771/1284/4058 4759/3177/4045
f 4761/3179/4047 4772/1285/4059 4760/3178/4046
f 4762/3191/4048 4773/1286/4060 4761/3179/4047
f 4776/4239/4061 4763/1276/4062 4764/1277/4050
f 4777/4240/4063 4764/1277/4050 4765/1278/4051
f 4778/4241/4064 4765/1278/4051 4766/1279/4052
f 4779/4242/4065 4766/1279/4052 4767/1281/4053
f 4780/4243/4066 4767/1281/4053 4768/1292/4054
f 4781/4244/4067 4768/1292/4054 4769/1282/4056
f 4770/1283/4057 4781/4244/4067 4769/1282/4056
f 4771/1284/4058 4782/4245/4068 4770/1283/4057
f 4772/1285/4059 4783/4246/4069 4771/1284/4058
f 4773/1286/4060 4784/4247/4070 4772/1285/4059
f 4774/1287/4071 4785/4248/4072 4773/1286/4060
f 4788/1744/4073 4775/4249/4074 4776/4239/4061
f 4789/1745/4075 4776/4239/4061 4777/4240/4063
f 4790/1746/4076 4777/4240/4063 4778/4241/4064
f 4791/1748/4077 4778/4241/4064 4779/4242/4065
f 4792/1759/4078 4779/4242/4065 4780/4243/4066
f 4793/1749/4079 4780/4243/4066 4781/4244/4067
f 4782/4245/4068 4793/1749/4079 4781/4244/4067
f 4783/4246/4069 4794/1750/4080 4782/4245/4068
f 4784/4247/4070 4795/1751/4081 4783/4246/4069
f 4785/4248/4072 4796/1752/4082 4784/4247/4070
f 4786/4250/4083 4797/1753/4084 4785/4248/4072
f 4788/1744/4073 4799/4251/4085 4787/37/4086
f 4789/1745/4075 4800/4252/4087 4788/1744/4073
f 4790/1746/4076 4801/4253/4088 4789/1745/4075
f 4791/1748/4077 4802/4254/4089 4790/1746/4076
f 4792/1759/4078 4803/4255/4090 4791/1748/4077
f 4805/4256/4091 4792/1759/4078 4793/1749/4079
f 4806/4257/4092 4793/1749/4079 4794/1750/4080
f 4807/4258/4093 4794/1750/4080 4795/1751/4081
f 4808/4259/4094 4795/1751/4081 4796/1752/4082
f 4809/4260/4095 4796/1752/4082 4797/1753/4084
f 4810/4261/4096 4797/1753/4084 4798/1754/4097
f 4812/2212/4098 4799/4251/4085 4800/4252/4087
f 4813/2213/4099 4800/4252/4087 4801/4253/4088
f 4814/2214/4100 4801/4253/4088 4802/4254/4089
f 4815/2216/4101 4802/4254/4089 4803/4255/4090
f 4816/2227/4102 4803/4255/4090 4804/4262/4103
f 4817/2217/4104 4804/4262/4103 4805/4256/4091
f 4806/4257/4092 4817/2217/4104 4805/4256/4091
f 4807/4258/4093 4818/2218/4105 4806/4257/4092
f 4808/4259/4094 4819/2219/4106 4807/4258/4093
f 4809/4260/4095 4820/2220/4107 4808/4259/4094
f 4810/4261/4096 4821/2221/4108 4809/4260/4095
f 4824/3203/4109 4811/2211/4110 4812/2212/4098
f 4825/3205/4111 4812/2212/4098 4813/2213/4099
f 4826/3206/4112 4813/2213/4099 4814/2214/4100
f 4827/3207/4113 4814/2214/4100 4815/2216/4101
f 4828/3208/4114 4815/2216/4101 4816/2227/4102
f 4829/3209/4115 4816/2227/4102 4817/2217/4104
f 4818/2218/4105 4829/3209/4115 4817/2217/4104
f 4819/2219/4106 4830/3210/4116 4818/2218/4105
f 4820/2220/4107 4831/3211/4117 4819/2219/4106
f 4821/2221/4108 4832/3212/4118 4820/2220/4107
f 4822/2222/4119 4833/3214/4120 4821/2221/4108
f 4836/2680/4121 4823/31/4122 4824/3203/4109
f 4837/2681/4123 4824/3203/4109 4825/3205/4111
f 4838/2682/4124 4825/3205/4111 4826/3206/4112
f 4839/2684/4125 4826/3206/4112 4827/3207/4113
f 4840/2695/4126 4827/3207/4113 4828/3208/4114
f 4841/2685/4127 4828/3208/4114 4829/3209/4115
f 4830/3210/4116 4841/2685/4127 4829/3209/4115
f 4831/3211/4117 4842/2686/4128 4830/3210/4116
f 4832/3212/4118 4843/2687/4129 4831/3211/4117
f 4833/3214/4120 4844/2688/4130 4832/3212/4118
f 4834/3226/4131 4845/2689/4132 4833/3214/4120
f 4836/2680/4121 4847/4263/4133 4835/2679/4134
f 4837/2681/4123 4848/4264/4135 4836/2680/4121
f 4838/2682/4124 4849/4265/4136 4837/2681/4123
f 4839/2684/4125 4850/4266/4137 4838/2682/4124
f 4840/2695/4126 4851/4267/4138 4839/2684/4125
f 4853/4268/4139 4840/2695/4126 4841/2685/4127
f 4854/4269/4140 4841/2685/4127 4842/2686/4128
f 4855/4270/4141 4842/2686/4128 4843/2687/4129
f 4856/4271/4142 4843/2687/4129 4844/2688/4130
f 4857/4272/4143 4844/2688/4130 4845/2689/4132
f 4858/4273/4144 4845/2689/4132 4846/2690/4145
f 4716/3147/4003 4847/4263/4133 4848/4264/4135
f 4717/3148/4006 4848/4264/4135 4849/4265/4136
f 4718/3149/4008 4849/4265/4136 4850/4266/4137
f 4719/3150/4010 4850/4266/4137 4851/4267/4138
f 4720/3323/4012 4851/4267/4138 4852/4274/4146
f 4721/3151/4015 4852/4274/4146 4853/4268/4139
f 4854/4269/4140 4721/3151/4015 4853/4268/4139
f 4855/4270/4141 4722/3152/4017 4854/4269/4140
f 4856/4271/4142 4723/3153/4019 4855/4270/4141
f 4857/4272/4143 4724/3154/4021 4856/4271/4142
f 4858/4273/4144 4725/3155/4023 4857/4272/4143
f 696/342/5 708/345/9 707/343/6
f 697/344/8 709/347/11 708/345/9
f 698/346/10 710/349/13 709/347/11
f 699/348/12 711/351/15 710/349/13
f 700/350/14 712/369/33 711/351/15
f 713/352/16 712/369/33 700/350/14
f 714/354/18 713/352/16 701/353/17
f 715/356/20 714/354/18 702/355/19
f 716/358/22 715/356/20 703/357/21
f 717/360/24 716/358/22 704/359/23
f 718/362/26 717/360/24 705/361/25
f 720/364/28 719/376/40 707/343/6
f 721/365/29 720/364/28 708/345/9
f 722/366/30 721/365/29 709/347/11
f 723/367/31 722/366/30 710/349/13
f 724/368/32 723/367/31 711/351/15
f 725/370/34 724/368/32 712/369/33
f 714/354/18 726/371/35 725/370/34
f 715/356/20 727/372/36 726/371/35
f 716/358/22 728/373/37 727/372/36
f 717/360/24 729/374/38 728/373/37
f 718/362/26 730/385/49 729/374/38
f 732/375/39 731/388/52 719/376/40
f 733/377/41 732/375/39 720/364/28
f 734/378/42 733/377/41 721/365/29
f 735/379/43 734/378/42 722/366/30
f 736/380/44 735/379/43 723/367/31
f 737/381/45 736/380/44 724/368/32
f 726/371/35 738/382/46 737/381/45
f 727/372/36 739/383/47 738/382/46
f 728/373/37 740/384/48 739/383/47
f 729/374/38 741/386/50 740/384/48
f 730/385/49 742/397/61 741/386/50
f 744/387/51 743/400/64 731/388/52
f 745/389/53 744/387/51 732/375/39
f 746/390/54 745/389/53 733/377/41
f 747/391/55 746/390/54 734/378/42
f 748/392/56 747/391/55 735/379/43
f 749/393/57 748/392/56 736/380/44
f 738/382/46 750/394/58 749/393/57
f 739/383/47 751/395/59 750/394/58
f 740/384/48 752/396/60 751/395/59
f 741/386/50 753/398/62 752/396/60
f 742/397/61 754/409/73 753/398/62
f 756/399/63 755/412/76 743/400/64
f 757/401/65 756/399/63 744/387/51
f 758/402/66 757/401/65 745/389/53
f 759/403/67 758/402/66 746/390/54
f 760/404/68 759/403/67 747/391/55
f 761/405/69 760/404/68 748/392/56
f 750/394/58 762/406/70 761/405/69
f 751/395/59 763/407/71 762/406/70
f 752/396/60 764/408/72 763/407/71
f 753/398/62 765/410/74 764/408/72
f 754/409/73 766/421/85 765/410/74
f 768/411/75 767/424/88 755/412/76
f 769/413/77 768/411/75 756/399/63
f 770/414/78 769/413/77 757/401/65
f 771/415/79 770/414/78 758/402/66
f 772/416/80 771/415/79 759/403/67
f 773/417/81 772/416/80 760/404/68
f 762/406/70 774/418/82 773/417/81
f 763/407/71 775/419/83 774/418/82
f 764/408/72 776/420/84 775/419/83
f 765/410/74 777/422/86 776/420/84
f 766/421/85 778/433/97 777/422/86
f 780/423/87 779/436/100 767/424/88
f 781/425/89 780/423/87 768/411/75
f 782/426/90 781/425/89 769/413/77
f 783/427/91 782/426/90 770/414/78
f 784/428/92 783/427/91 771/415/79
f 785/429/93 784/428/92 772/416/80
f 774/418/82 786/430/94 785/429/93
f 775/419/83 787/431/95 786/430/94
f 776/420/84 788/432/96 787/431/95
f 777/422/86 789/434/98 788/432/96
f 778/433/97 790/445/109 789/434/98
f 792/435/99 791/448/112 779/436/100
f 793/437/101 792/435/99 780/423/87
f 794/438/102 793/437/101 781/425/89
f 795/439/103 794/438/102 782/426/90
f 796/440/104 795/439/103 783/427/91
f 797/441/105 796/440/104 784/428/92
f 786/430/94 798/442/106 797/441/105
f 787/431/95 799/443/107 798/442/106
f 788/432/96 800/444/108 799/443/107
f 789/434/98 801/446/110 800/444/108
f 790/445/109 802/457/121 801/446/110
f 804/447/111 803/460/124 791/448/112
f 805/449/113 804/447/111 792/435/99
f 806/450/114 805/449/113 793/437/101
f 807/451/115 806/450/114 794/438/102
f 808/452/116 807/451/115 795/439/103
f 809/453/117 808/452/116 796/440/104
f 798/442/106 810/454/118 809/453/117
f 799/443/107 811/455/119 810/454/118
f 800/444/108 812/456/120 811/455/119
f 801/446/110 813/458/122 812/456/120
f 802/457/121 814/469/133 813/458/122
f 816/459/123 815/472/136 803/460/124
f 817/461/125 816/459/123 804/447/111
f 818/462/126 817/461/125 805/449/113
f 819/463/127 818/462/126 806/450/114
f 820/464/128 819/463/127 807/451/115
f 821/465/129 820/464/128 808/452/116
f 810/454/118 822/466/130 821/465/129
f 811/455/119 823/467/131 822/466/130
f 812/456/120 824/468/132 823/467/131
f 813/458/122 825/470/134 824/468/132
f 814/469/133 826/481/145 825/470/134
f 828/471/135 827/484/148 815/472/136
f 829/473/137 828/471/135 816/459/123
f 830/474/138 829/473/137 817/461/125
f 831/475/139 830/474/138 818/462/126
f 832/476/140 831/475/139 819/463/127
f 833/477/141 832/476/140 820/464/128
f 822/466/130 834/478/142 833/477/141
f 823/467/131 835/479/143 834/478/142
f 824/468/132 836/480/144 835/479/143
f 825/470/134 837/482/146 836/480/144
f 826/481/145 838/493/157 837/482/146
f 840/483/147 839/496/160 827/484/148
f 841/485/149 840/483/147 828/471/135
f 842/486/150 841/485/149 829/473/137
f 843/487/151 842/486/150 830/474/138
f 844/488/152 843/487/151 831/475/139
f 845/489/153 844/488/152 832/476/140
f 834/478/142 846/490/154 845/489/153
f 835/479/143 847/491/155 846/490/154
f 836/480/144 848/492/156 847/491/155
f 837/482/146 849/494/158 848/492/156
f 838/493/157 850/507/171 849/494/158
f 840/483/147 852/497/161 851/495/159
f 841/485/149 853/498/162 852/497/161
f 842/486/150 854/499/163 853/498/162
f 843/487/151 855/500/164 854/499/163
f 844/488/152 856/513/177 855/500/164
f 857/501/165 856/513/177 844/488/152
f 858/502/166 857/501/165 845/489/153
f 859/503/167 858/502/166 846/490/154
f 860/504/168 859/503/167 847/491/155
f 861/505/169 860/504/168 848/492/156
f 862/506/170 861/505/169 849/494/158
f 864/508/172 863/520/184 851/495/159
f 865/509/173 864/508/172 852/497/161
f 866/510/174 865/509/173 853/498/162
f 867/511/175 866/510/174 854/499/163
f 868/512/176 867/511/175 855/500/164
f 869/514/178 868/512/176 856/513/177
f 858/502/166 870/515/179 869/514/178
f 859/503/167 871/516/180 870/515/179
f 860/504/168 872/517/181 871/516/180
f 861/505/169 873/518/182 872/517/181
f 862/506/170 874/529/193 873/518/182
f 876/519/183 875/532/196 863/520/184
f 877/521/185 876/519/183 864/508/172
f 878/522/186 877/521/185 865/509/173
f 879/523/187 878/522/186 866/510/174
f 880/524/188 879/523/187 867/511/175
f 881/525/189 880/524/188 868/512/176
f 870/515/179 882/526/190 881/525/189
f 871/516/180 883/527/191 882/526/190
f 872/517/181 884/528/192 883/527/191
f 873/518/182 885/530/194 884/528/192
f 874/529/193 886/541/205 885/530/194
f 888/531/195 887/544/208 875/532/196
f 889/533/197 888/531/195 876/519/183
f 890/534/198 889/533/197 877/521/185
f 891/535/199 890/534/198 878/522/186
f 892/536/200 891/535/199 879/523/187
f 893/537/201 892/536/200 880/524/188
f 882/526/190 894/538/202 893/537/201
f 883/527/191 895/539/203 894/538/202
f 884/528/192 896/540/204 895/539/203
f 885/530/194 897/542/206 896/540/204
f 886/541/205 898/553/217 897/542/206
f 900/543/207 899/556/220 887/544/208
f 901/545/209 900/543/207 888/531/195
f 902/546/210 901/545/209 889/533/197
f 903/547/211 902/546/210 890/534/198
f 904/548/212 903/547/211 891/535/199
f 905/549/213 904/548/212 892/536/200
f 894/538/202 906/550/214 905/549/213
f 895/539/203 907/551/215 906/550/214
f 896/540/204 908/552/216 907/551/215
f 897/542/206 909/554/218 908/552/216
f 898/553/217 910/565/229 909/554/218
f 912/555/219 911/568/232 899/556/220
f 913/557/221 912/555/219 900/543/207
f 914/558/222 913/557/221 901/545/209
f 915/559/223 914/558/222 902/546/210
f 916/560/224 915/559/223 903/547/211
f 917/561/225 916/560/224 904/548/212
f 906/550/214 918/562/226 917/561/225
f 907/551/215 919/563/227 918/562/226
f 908/552/216 920/564/228 919/563/227
f 909/554/218 921/566/230 920/564/228
f 910/565/229 922/577/241 921/566/230
f 924/567/231 923/580/244 911/568/232
f 925/569/233 924/567/231 912/555/219
f 926/570/234 925/569/233 913/557/221
f 927/571/235 926/570/234 914/558/222
f 928/572/236 927/571/235 915/559/223
f 929/573/237 928/572/236 916/560/224
f 918/562/226 930/574/238 929/573/237
f 919/563/227 931/575/239 930/574/238
f 920/564/228 932/576/240 931/575/239
f 921/566/230 933/578/242 932/576/240
f 922/577/241 934/589/253 933/578/242
f 936/579/243 935/592/256 923/580/244
f 937/581/245 936/579/243 924/567/231
f 938/582/246 937/581/245 925/569/233
f 939/583/247 938/582/246 926/570/234
f 940/584/248 939/583/247 927/571/235
f 941/585/249 940/584/248 928/572/236
f 930/574/238 942/586/250 941/585/249
f 931/575/239 943/587/251 942/586/250
f 932/576/240 944/588/252 943/587/251
f 933/578/242 945/590/254 944/588/252
f 934/589/253 946/601/265 945/590/254
f 948/591/255 947/604/268 935/592/256
f 949/593/257 948/591/255 936/579/243
f 950/594/258 949/593/257 937/581/245
f 951/595/259 950/594/258 938/582/246
f 952/596/260 951/595/259 939/583/247
f 953/597/261 952/596/260 940/584/248
f 942/586/250 954/598/262 953/597/261
f 943/587/251 955/599/263 954/598/262
f 944/588/252 956/600/264 955/599/263
f 945/590/254 957/602/266 956/600/264
f 946/601/265 958/613/277 957/602/266
f 960/603/267 959/616/280 947/604/268
f 961/605/269 960/603/267 948/591/255
f 962/606/270 961/605/269 949/593/257
f 963/607/271 962/606/270 950/594/258
f 964/608/272 963/607/271 951/595/259
f 965/609/273 964/608/272 952/596/260
f 954/598/262 966/610/274 965/609/273
f 955/599/263 967/611/275 966/610/274
f 956/600/264 968/612/276 967/611/275
f 957/602/266 969/614/278 968/612/276
f 958/613/277 970/625/289 969/614/278
f 972/615/279 971/628/292 959/616/280
f 973/617/281 972/615/279 960/603/267
f 974/618/282 973/617/281 961/605/269
f 975/619/283 974/618/282 962/606/270
f 976/620/284 975/619/283 963/607/271
f 977/621/285 976/620/284 964/608/272
f 966/610/274 978/622/286 977/621/285
f 967/611/275 979/623/287 978/622/286
f 968/612/276 980/624/288 979/623/287
f 969/614/278 981/626/290 980/624/288
f 970/625/289 982/639/303 981/626/290
f 972/615/279 984/629/293 983/627/291
f 973/617/281 985/630/294 984/629/293
f 974/618/282 986/631/295 985/630/294
f 975/619/283 987/632/296 986/631/295
f 976/620/284 988/644/308 987/632/296
f 989/633/297 988/644/308 976/620/284
f 990/634/298 989/633/297 977/621/285
f 991/635/299 990/634/298 978/622/286
f 992/636/300 991/635/299 979/623/287
f 993/637/301 992/636/300 980/624/288
f 994/638/302 993/637/301 981/626/290
f 984/629/293 996/641/305 995/640/304
f 985/630/294 997/642/306 996/641/305
f 986/631/295 998/643/307 997/642/306
f 987/632/296 999/645/309 998/643/307
f 988/644/308 1000/656/320 999/645/309
f 1001/646/310 1000/656/320 988/644/308
f 1002/647/311 1001/646/310 989/633/297
f 1003/648/312 1002/647/311 990/634/298
f 1004/649/313 1003/648/312 991/635/299
f 1005/650/314 1004/649/313 992/636/300
f 1006/651/315 1005/650/314 993/637/301
f 996/641/305 1008/653/317 1007/652/316
f 997/642/306 1009/654/318 1008/653/317
f 998/643/307 1010/655/319 1009/654/318
f 999/645/309 1011/657/321 1010/655/319
f 1000/656/320 1012/668/332 1011/657/321
f 1013/658/322 1012/668/332 1000/656/320
f 1014/659/323 1013/658/322 1001/646/310
f 1015/660/324 1014/659/323 1002/647/311
f 1016/661/325 1015/660/324 1003/648/312
f 1017/662/326 1016/661/325 1004/649/313
f 1018/663/327 1017/662/326 1005/650/314
f 1008/653/317 1020/665/329 1019/664/328
f 1009/654/318 1021/666/330 1020/665/329
f 1010/655/319 1022/667/331 1021/666/330
f 1011/657/321 1023/669/333 1022/667/331
f 1012/668/332 1024/679/343 1023/669/333
f 1025/670/334 1024/679/343 1012/668/332
f 1026/671/335 1025/670/334 1013/658/322
f 1027/672/336 1026/671/335 1014/659/323
f 1028/673/337 1027/672/336 1015/660/324
f 1029/674/338 1028/673/337 1016/661/325
f 1030/675/339 1029/674/338 1017/662/326
f 1032/676/340 1031/687/351 1019/664/328
f 1033/677/341 1032/676/340 1020/665/329
f 1034/678/342 1033/677/341 1021/666/330
f 1023/669/333 1035/680/344 1034/678/342
f 1024/679/343 1036/692/356 1035/680/344
f 1037/681/345 1036/692/356 1024/679/343
f 1038/682/346 1037/681/345 1025/670/334
f 1039/683/347 1038/682/346 1026/671/335
f 1028/673/337 1040/684/348 1039/683/347
f 1029/674/338 1041/685/349 1040/684/348
f 1030/675/339 1042/697/361 1041/685/349
f 1044/686/350 1043/700/364 1031/687/351
f 1045/688/352 1044/686/350 1032/676/340
f 1046/689/353 1045/688/352 1033/677/341
f 1047/690/354 1046/689/353 1034/678/342
f 1048/691/355 1047/690/354 1035/680/344
f 1049/693/357 1048/691/355 1036/692/356
f 1038/682/346 1050/694/358 1049/693/357
f 1039/683/347 1051/695/359 1050/694/358
f 1040/684/348 1052/696/360 1051/695/359
f 1041/685/349 1053/698/362 1052/696/360
f 1042/697/361 1054/709/373 1053/698/362
f 1056/699/363 1055/712/376 1043/700/364
f 1057/701/365 1056/699/363 1044/686/350
f 1058/702/366 1057/701/365 1045/688/352
f 1059/703/367 1058/702/366 1046/689/353
f 1060/704/368 1059/703/367 1047/690/354
f 1061/705/369 1060/704/368 1048/691/355
f 1050/694/358 1062/706/370 1061/705/369
f 1051/695/359 1063/707/371 1062/706/370
f 1052/696/360 1064/708/372 1063/707/371
f 1053/698/362 1065/710/374 1064/708/372
f 1054/709/373 1066/721/385 1065/710/374
f 1068/711/375 1067/724/388 1055/712/376
f 1069/713/377 1068/711/375 1056/699/363
f 1070/714/378 1069/713/377 1057/701/365
f 1071/715/379 1070/714/378 1058/702/366
f 1072/716/380 1071/715/379 1059/703/367
f 1073/717/381 1072/716/380 1060/704/368
f 1062/706/370 1074/718/382 1073/717/381
f 1063/707/371 1075/719/383 1074/718/382
f 1064/708/372 1076/720/384 1075/719/383
f 1065/710/374 1077/722/386 1076/720/384
f 1066/721/385 1078/733/397 1077/722/386
f 1080/723/387 1079/736/400 1067/724/388
f 1081/725/389 1080/723/387 1068/711/375
f 1082/726/390 1081/725/389 1069/713/377
f 1083/727/391 1082/726/390 1070/714/378
f 1084/728/392 1083/727/391 1071/715/379
f 1085/729/393 1084/728/392 1072/716/380
f 1074/718/382 1086/730/394 1085/729/393
f 1075/719/383 1087/731/395 1086/730/394
f 1076/720/384 1088/732/396 1087/731/395
f 1077/722/386 1089/734/398 1088/732/396
f 1078/733/397 1090/745/409 1089/734/398
f 1092/735/399 1091/748/412 1079/736/400
f 1093/737/401 1092/735/399 1080/723/387
f 1094/738/402 1093/737/401 1081/725/389
f 1095/739/403 1094/738/402 1082/726/390
f 1096/740/404 1095/739/403 1083/727/391
f 1097/741/405 1096/740/404 1084/728/392
f 1086/730/394 1098/742/406 1097/741/405
f 1087/731/395 1099/743/407 1098/742/406
f 1088/732/396 1100/744/408 1099/743/407
f 1089/734/398 1101/746/410 1100/744/408
f 1090/745/409 1102/757/421 1101/746/410
f 1104/747/411 1103/760/424 1091/748/412
f 1105/749/413 1104/747/411 1092/735/399
f 1106/750/414 1105/749/413 1093/737/401
f 1107/751/415 1106/750/414 1094/738/402
f 1108/752/416 1107/751/415 1095/739/403
f 1109/753/417 1108/752/416 1096/740/404
f 1098/742/406 1110/754/418 1109/753/417
f 1099/743/407 1111/755/419 1110/754/418
f 1100/744/408 1112/756/420 1111/755/419
f 1101/746/410 1113/758/422 1112/756/420
f 1102/757/421 1114/769/433 1113/758/422
f 1116/759/423 1115/772/436 1103/760/424
f 1117/761/425 1116/759/423 1104/747/411
f 1118/762/426 1117/761/425 1105/749/413
f 1119/763/427 1118/762/426 1106/750/414
f 1120/764/428 1119/763/427 1107/751/415
f 1121/765/429 1120/764/428 1108/752/416
f 1110/754/418 1122/766/430 1121/765/429
f 1111/755/419 1123/767/431 1122/766/430
f 1112/756/420 1124/768/432 1123/767/431
f 1113/758/422 1125/770/434 1124/768/432
f 1114/769/433 1126/783/447 1125/770/434
f 1116/759/423 1128/773/437 1127/771/435
f 1117/761/425 1129/774/438 1128/773/437
f 1118/762/426 1130/775/439 1129/774/438
f 1119/763/427 1131/776/440 1130/775/439
f 1120/764/428 1132/788/452 1131/776/440
f 1133/777/441 1132/788/452 1120/764/428
f 1134/778/442 1133/777/441 1121/765/429
f 1135/779/443 1134/778/442 1122/766/430
f 1136/780/444 1135/779/443 1123/767/431
f 1137/781/445 1136/780/444 1124/768/432
f 1138/782/446 1137/781/445 1125/770/434
f 1128/773/437 1140/785/449 1139/784/448
f 1129/774/438 1141/786/450 1140/785/449
f 1130/775/439 1142/787/451 1141/786/450
f 1131/776/440 1143/789/453 1142/787/451
f 1132/788/452 1144/801/465 1143/789/453
f 1145/790/454 1144/801/465 1132/788/452
f 1146/791/455 1145/790/454 1133/777/441
f 1147/792/456 1146/791/455 1134/778/442
f 1148/793/457 1147/792/456 1135/779/443
f 1149/794/458 1148/793/457 1136/780/444
f 1150/795/459 1149/794/458 1137/781/445
f 1152/796/460 1151/808/472 1139/784/448
f 1153/797/461 1152/796/460 1140/785/449
f 1154/798/462 1153/797/461 1141/786/450
f 1155/799/463 1154/798/462 1142/787/451
f 1156/800/464 1155/799/463 1143/789/453
f 1157/802/466 1156/800/464 1144/801/465
f 1146/791/455 1158/803/467 1157/802/466
f 1147/792/456 1159/804/468 1158/803/467
f 1148/793/457 1160/805/469 1159/804/468
f 1149/794/458 1161/806/470 1160/805/469
f 1150/795/459 1162/817/481 1161/806/470
f 1164/807/471 1163/820/484 1151/808/472
f 1165/809/473 1164/807/471 1152/796/460
f 1166/810/474 1165/809/473 1153/797/461
f 1167/811/475 1166/810/474 1154/798/462
f 1168/812/476 1167/811/475 1155/799/463
f 1169/813/477 1168/812/476 1156/800/464
f 1158/803/467 1170/814/478 1169/813/477
f 1159/804/468 1171/815/479 1170/814/478
f 1160/805/469 1172/816/480 1171/815/479
f 1161/806/470 1173/818/482 1172/816/480
f 1162/817/481 1174/829/493 1173/818/482
f 1176/819/483 1175/832/496 1163/820/484
f 1177/821/485 1176/819/483 1164/807/471
f 1178/822/486 1177/821/485 1165/809/473
f 1179/823/487 1178/822/486 1166/810/474
f 1180/824/488 1179/823/487 1167/811/475
f 1181/825/489 1180/824/488 1168/812/476
f 1170/814/478 1182/826/490 1181/825/489
f 1171/815/479 1183/827/491 1182/826/490
f 1172/816/480 1184/828/492 1183/827/491
f 1173/818/482 1185/830/494 1184/828/492
f 1174/829/493 1186/841/505 1185/830/494
f 1188/831/495 1187/844/508 1175/832/496
f 1189/833/497 1188/831/495 1176/819/483
f 1190/834/498 1189/833/497 1177/821/485
f 1191/835/499 1190/834/498 1178/822/486
f 1192/836/500 1191/835/499 1179/823/487
f 1193/837/501 1192/836/500 1180/824/488
f 1182/826/490 1194/838/502 1193/837/501
f 1183/827/491 1195/839/503 1194/838/502
f 1184/828/492 1196/840/504 1195/839/503
f 1185/830/494 1197/842/506 1196/840/504
f 1186/841/505 1198/853/517 1197/842/506
f 1200/843/507 1199/856/520 1187/844/508
f 1201/845/509 1200/843/507 1188/831/495
f 1202/846/510 1201/845/509 1189/833/497
f 1203/847/511 1202/846/510 1190/834/498
f 1204/848/512 1203/847/511 1191/835/499
f 1205/849/513 1204/848/512 1192/836/500
f 1194/838/502 1206/850/514 1205/849/513
f 1195/839/503 1207/851/515 1206/850/514
f 1196/840/504 1208/852/516 1207/851/515
f 1197/842/506 1209/854/518 1208/852/516
f 1198/853/517 1210/865/529 1209/854/518
f 1212/855/519 1211/868/532 1199/856/520
f 1213/857/521 1212/855/519 1200/843/507
f 1214/858/522 1213/857/521 1201/845/509
f 1215/859/523 1214/858/522 1202/846/510
f 1216/860/524 1215/859/523 1203/847/511
f 1217/861/525 1216/860/524 1204/848/512
f 1206/850/514 1218/862/526 1217/861/525
f 1207/851/515 1219/863/527 1218/862/526
f 1208/852/516 1220/864/528 1219/863/527
f 1209/854/518 1221/866/530 1220/864/528
f 1210/865/529 1222/877/541 1221/866/530
f 1224/867/531 1223/880/544 1211/868/532
f 1225/869/533 1224/867/531 1212/855/519
f 1226/870/534 1225/869/533 1213/857/521
f 1227/871/535 1226/870/534 1214/858/522
f 1228/872/536 1227/871/535 1215/859/523
f 1229/873/537 1228/872/536 1216/860/524
f 1218/862/526 1230/874/538 1229/873/537
f 1219/863/527 1231/875/539 1230/874/538
f 1220/864/528 1232/876/540 1231/875/539
f 1221/866/530 1233/878/542 1232/876/540
f 1222/877/541 1234/889/553 1233/878/542
f 1236/879/543 1235/892/556 1223/880/544
f 1237/881/545 1236/879/543 1224/867/531
f 1238/882/546 1237/881/545 1225/869/533
f 1239/883/547 1238/882/546 1226/870/534
f 1240/884/548 1239/883/547 1227/871/535
f 1241/885/549 1240/884/548 1228/872/536
f 1230/874/538 1242/886/550 1241/885/549
f 1231/875/539 1243/887/551 1242/886/550
f 1232/876/540 1244/888/552 1243/887/551
f 1233/878/542 1245/890/554 1244/888/552
f 1234/889/553 1246/901/565 1245/890/554
f 1248/891/555 1247/904/568 1235/892/556
f 1249/893/557 1248/891/555 1236/879/543
f 1250/894/558 1249/893/557 1237/881/545
f 1251/895/559 1250/894/558 1238/882/546
f 1252/896/560 1251/895/559 1239/883/547
f 1253/897/561 1252/896/560 1240/884/548
f 1242/886/550 1254/898/562 1253/897/561
f 1243/887/551 1255/899/563 1254/898/562
f 1244/888/552 1256/900/564 1255/899/563
f 1245/890/554 1257/902/566 1256/900/564
f 1246/901/565 1258/913/577 1257/902/566
f 1260/903/567 1259/916/580 1247/904/568
f 1261/905/569 1260/903/567 1248/891/555
f 1262/906/570 1261/905/569 1249/893/557
f 1263/907/571 1262/906/570 1250/894/558
f 1264/908/572 1263/907/571 1251/895/559
f 1265/909/573 1264/908/572 1252/896/560
f 1254/898/562 1266/910/574 1265/909/573
f 1255/899/563 1267/911/575 1266/910/574
f 1256/900/564 1268/912/576 1267/911/575
f 1257/902/566 1269/914/578 1268/912/576
f 1258/913/577 1270/925/589 1269/914/578
f 1272/915/579 1271/928/592 1259/916/580
f 1273/917/581 1272/915/579 1260/903/567
f 1274/918/582 1273/917/581 1261/905/569
f 1275/919/583 1274/918/582 1262/906/570
f 1276/920/584 1275/919/583 1263/907/571
f 1277/921/585 1276/920/584 1264/908/572
f 1266/910/574 1278/922/586 1277/921/585
f 1267/911/575 1279/923/587 1278/922/586
f 1268/912/576 1280/924/588 1279/923/587
f 1269/914/578 1281/926/590 1280/924/588
f 1270/925/589 1282/937/601 1281/926/590
f 1284/927/591 1283/940/604 1271/928/592
f 1285/929/593 1284/927/591 1272/915/579
f 1286/930/594 1285/929/593 1273/917/581
f 1287/931/595 1286/930/594 1274/918/582
f 1288/932/596 1287/931/595 1275/919/583
f 1289/933/597 1288/932/596 1276/920/584
f 1278/922/586 1290/934/598 1289/933/597
f 1279/923/587 1291/935/599 1290/934/598
f 1280/924/588 1292/936/600 1291/935/599
f 1281/926/590 1293/938/602 1292/936/600
f 1282/937/601 1294/949/613 1293/938/602
f 1296/939/603 1295/952/616 1283/940/604
f 1297/941/605 1296/939/603 1284/927/591
f 1298/942/606 1297/941/605 1285/929/593
f 1299/943/607 1298/942/606 1286/930/594
f 1300/944/608 1299/943/607 1287/931/595
f 1301/945/609 1300/944/608 1288/932/596
f 1290/934/598 1302/946/610 1301/945/609
f 1291/935/599 1303/947/611 1302/946/610
f 1292/936/600 1304/948/612 1303/947/611
f 1293/938/602 1305/950/614 1304/948/612
f 1294/949/613 1306/958/622 1305/950/614
f 1308/951/615 1307/960/624 1295/952/616
f 1297/941/605 1309/962/626 1308/951/615
f 1310/953/617 1309/962/626 1297/941/605
f 1299/943/607 1311/964/628 1310/953/617
f 1312/954/618 1311/964/628 1299/943/607
f 1313/955/619 1312/954/618 1300/944/608
f 1302/946/610 1314/967/631 1313/955/619
f 1315/956/620 1314/967/631 1302/946/610
f 1304/948/612 1316/969/633 1315/956/620
f 1317/957/621 1316/969/633 1304/948/612
f 1306/958/622 1318/971/635 1317/957/621
f 1320/959/623 1319/974/638 1307/960/624
f 1321/961/625 1320/959/623 1308/951/615
f 1322/963/627 1321/961/625 1309/962/626
f 1311/964/628 1323/978/642 1322/963/627
f 1324/965/629 1323/978/642 1311/964/628
f 1325/966/630 1324/965/629 1312/954/618
f 1314/967/631 1326/981/645 1325/966/630
f 1327/968/632 1326/981/645 1314/967/631
f 1316/969/633 1328/970/634 1327/968/632
f 1317/957/621 1329/972/636 1328/970/634
f 1318/971/635 1330/985/649 1329/972/636
f 1332/973/637 1331/988/652 1319/974/638
f 1333/975/639 1332/973/637 1320/959/623
f 1334/976/640 1333/975/639 1321/961/625
f 1335/977/641 1334/976/640 1322/963/627
f 1336/979/643 1335/977/641 1323/978/642
f 1337/980/644 1336/979/643 1324/965/629
f 1326/981/645 1338/982/646 1337/980/644
f 1327/968/632 1339/983/647 1338/982/646
f 1328/970/634 1340/984/648 1339/983/647
f 1329/972/636 1341/986/650 1340/984/648
f 1330/985/649 1342/997/661 1341/986/650
f 1344/987/651 1343/1000/664 1331/988/652
f 1345/989/653 1344/987/651 1332/973/637
f 1346/990/654 1345/989/653 1333/975/639
f 1347/991/655 1346/990/654 1334/976/640
f 1348/992/656 1347/991/655 1335/977/641
f 1349/993/657 1348/992/656 1336/979/643
f 1338/982/646 1350/994/658 1349/993/657
f 1339/983/647 1351/995/659 1350/994/658
f 1340/984/648 1352/996/660 1351/995/659
f 1341/986/650 1353/998/662 1352/996/660
f 1342/997/661 1354/1009/673 1353/998/662
f 1356/999/663 1355/1012/676 1343/1000/664
f 1357/1001/665 1356/999/663 1344/987/651
f 1358/1002/666 1357/1001/665 1345/989/653
f 1359/1003/667 1358/1002/666 1346/990/654
f 1360/1004/668 1359/1003/667 1347/991/655
f 1361/1005/669 1360/1004/668 1348/992/656
f 1350/994/658 1362/1006/670 1361/1005/669
f 1351/995/659 1363/1007/671 1362/1006/670
f 1352/996/660 1364/1008/672 1363/1007/671
f 1353/998/662 1365/1010/674 1364/1008/672
f 1354/1009/673 1366/1021/685 1365/1010/674
f 1368/1011/675 1367/1024/688 1355/1012/676
f 1369/1013/677 1368/1011/675 1356/999/663
f 1370/1014/678 1369/1013/677 1357/1001/665
f 1371/1015/679 1370/1014/678 1358/1002/666
f 1372/1016/680 1371/1015/679 1359/1003/667
f 1373/1017/681 1372/1016/680 1360/1004/668
f 1362/1006/670 1374/1018/682 1373/1017/681
f 1363/1007/671 1375/1019/683 1374/1018/682
f 1364/1008/672 1376/1020/684 1375/1019/683
f 1365/1010/674 1377/1022/686 1376/1020/684
f 1366/1021/685 1378/1033/697 1377/1022/686
f 1380/1023/687 1379/1036/700 1367/1024/688
f 1381/1025/689 1380/1023/687 1368/1011/675
f 1382/1026/690 1381/1025/689 1369/1013/677
f 1383/1027/691 1382/1026/690 1370/1014/678
f 1384/1028/692 1383/1027/691 1371/1015/679
f 1385/1029/693 1384/1028/692 1372/1016/680
f 1374/1018/682 1386/1030/694 1385/1029/693
f 1375/1019/683 1387/1031/695 1386/1030/694
f 1376/1020/684 1388/1032/696 1387/1031/695
f 1377/1022/686 1389/1034/698 1388/1032/696
f 1378/1033/697 1390/1045/709 1389/1034/698
f 1392/1035/699 1391/1048/712 1379/1036/700
f 1393/1037/701 1392/1035/699 1380/1023/687
f 1394/1038/702 1393/1037/701 1381/1025/689
f 1395/1039/703 1394/1038/702 1382/1026/690
f 1396/1040/704 1395/1039/703 1383/1027/691
f 1397/1041/705 1396/1040/704 1384/1028/692
f 1386/1030/694 1398/1042/706 1397/1041/705
f 1387/1031/695 1399/1043/707 1398/1042/706
f 1388/1032/696 1400/1044/708 1399/1043/707
f 1389/1034/698 1401/1046/710 1400/1044/708
f 1390/1045/709 1402/1057/721 1401/1046/710
f 1404/1047/711 1403/1060/724 1391/1048/712
f 1405/1049/713 1404/1047/711 1392/1035/699
f 1406/1050/714 1405/1049/713 1393/1037/701
f 1407/1051/715 1406/1050/714 1394/1038/702
f 1408/1052/716 1407/1051/715 1395/1039/703
f 1409/1053/717 1408/1052/716 1396/1040/704
f 1398/1042/706 1410/1054/718 1409/1053/717
f 1399/1043/707 1411/1055/719 1410/1054/718
f 1400/1044/708 1412/1056/720 1411/1055/719
f 1401/1046/710 1413/1058/722 1412/1056/720
f 1402/1057/721 1414/1069/733 1413/1058/722
f 1416/1059/723 1415/1072/736 1403/1060/724
f 1417/1061/725 1416/1059/723 1404/1047/711
f 1418/1062/726 1417/1061/725 1405/1049/713
f 1419/1063/727 1418/1062/726 1406/1050/714
f 1420/1064/728 1419/1063/727 1407/1051/715
f 1421/1065/729 1420/1064/728 1408/1052/716
f 1410/1054/718 1422/1066/730 1421/1065/729
f 1411/1055/719 1423/1067/731 1422/1066/730
f 1412/1056/720 1424/1068/732 1423/1067/731
f 1413/1058/722 1425/1070/734 1424/1068/732
f 1414/1069/733 1426/1081/745 1425/1070/734
f 1428/1071/735 1427/1084/748 1415/1072/736
f 1429/1073/737 1428/1071/735 1416/1059/723
f 1430/1074/738 1429/1073/737 1417/1061/725
f 1431/1075/739 1430/1074/738 1418/1062/726
f 1432/1076/740 1431/1075/739 1419/1063/727
f 1433/1077/741 1432/1076/740 1420/1064/728
f 1422/1066/730 1434/1078/742 1433/1077/741
f 1423/1067/731 1435/1079/743 1434/1078/742
f 1424/1068/732 1436/1080/744 1435/1079/743
f 1425/1070/734 1437/1082/746 1436/1080/744
f 1426/1081/745 1438/1095/759 1437/1082/746
f 1428/1071/735 1440/1085/749 1439/1083/747
f 1429/1073/737 1441/1086/750 1440/1085/749
f 1430/1074/738 1442/1087/751 1441/1086/750
f 1431/1075/739 1443/1088/752 1442/1087/751
f 1432/1076/740 1444/1100/764 1443/1088/752
f 1445/1089/753 1444/1100/764 1432/1076/740
f 1446/1090/754 1445/1089/753 1433/1077/741
f 1447/1091/755 1446/1090/754 1434/1078/742
f 1448/1092/756 1447/1091/755 1435/1079/743
f 1449/1093/757 1448/1092/756 1436/1080/744
f 1450/1094/758 1449/1093/757 1437/1082/746
f 1440/1085/749 1452/1097/761 1451/1096/760
f 1441/1086/750 1453/1098/762 1452/1097/761
f 1442/1087/751 1454/1099/763 1453/1098/762
f 1443/1088/752 1455/1101/765 1454/1099/763
f 1444/1100/764 1456/1112/776 1455/1101/765
f 1457/1102/766 1456/1112/776 1444/1100/764
f 1458/1103/767 1457/1102/766 1445/1089/753
f 1459/1104/768 1458/1103/767 1446/1090/754
f 1460/1105/769 1459/1104/768 1447/1091/755
f 1461/1106/770 1460/1105/769 1448/1092/756
f 1462/1107/771 1461/1106/770 1449/1093/757
f 1452/1097/761 1464/1109/773 1463/1108/772
f 1453/1098/762 1465/1110/774 1464/1109/773
f 1454/1099/763 1466/1111/775 1465/1110/774
f 1455/1101/765 1467/1113/777 1466/1111/775
f 1456/1112/776 1468/1124/788 1467/1113/777
f 1469/1114/778 1468/1124/788 1456/1112/776
f 1470/1115/779 1469/1114/778 1457/1102/766
f 1471/1116/780 1470/1115/779 1458/1103/767
f 1472/1117/781 1471/1116/780 1459/1104/768
f 1473/1118/782 1472/1117/781 1460/1105/769
f 1474/1119/783 1473/1118/782 1461/1106/770
f 1464/1109/773 1476/1121/785 1475/1120/784
f 1465/1110/774 1477/1122/786 1476/1121/785
f 1466/1111/775 1478/1123/787 1477/1122/786
f 1467/1113/777 1479/1125/789 1478/1123/787
f 1468/1124/788 1480/1136/800 1479/1125/789
f 1481/1126/790 1480/1136/800 1468/1124/788
f 1482/1127/791 1481/1126/790 1469/1114/778
f 1483/1128/792 1482/1127/791 1470/1115/779
f 1484/1129/793 1483/1128/792 1471/1116/780
f 1485/1130/794 1484/1129/793 1472/1117/781
f 1486/1131/795 1485/1130/794 1473/1118/782
f 1476/1121/785 1488/1133/797 1487/1132/796
f 1477/1122/786 1489/1134/798 1488/1133/797
f 1478/1123/787 1490/1135/799 1489/1134/798
f 1479/1125/789 1491/1137/801 1490/1135/799
f 1480/1136/800 1492/1148/812 1491/1137/801
f 1493/1138/802 1492/1148/812 1480/1136/800
f 1494/1139/803 1493/1138/802 1481/1126/790
f 1495/1140/804 1494/1139/803 1482/1127/791
f 1496/1141/805 1495/1140/804 1483/1128/792
f 1497/1142/806 1496/1141/805 1484/1129/793
f 1498/1143/807 1497/1142/806 1485/1130/794
f 1488/1133/797 1500/1145/809 1499/1144/808
f 1489/1134/798 1501/1146/810 1500/1145/809
f 1490/1135/799 1502/1147/811 1501/1146/810
f 1491/1137/801 1503/1149/813 1502/1147/811
f 1492/1148/812 1504/1160/824 1503/1149/813
f 1505/1150/814 1504/1160/824 1492/1148/812
f 1506/1151/815 1505/1150/814 1493/1138/802
f 1507/1152/816 1506/1151/815 1494/1139/803
f 1508/1153/817 1507/1152/816 1495/1140/804
f 1509/1154/818 1508/1153/817 1496/1141/805
f 1510/1155/819 1509/1154/818 1497/1142/806
f 1500/1145/809 1512/1157/821 1511/1156/820
f 1501/1146/810 1513/1158/822 1512/1157/821
f 1502/1147/811 1514/1159/823 1513/1158/822
f 1503/1149/813 1515/1161/825 1514/1159/823
f 1504/1160/824 1516/1172/836 1515/1161/825
f 1517/1162/826 1516/1172/836 1504/1160/824
f 1518/1163/827 1517/1162/826 1505/1150/814
f 1519/1164/828 1518/1163/827 1506/1151/815
f 1520/1165/829 1519/1164/828 1507/1152/816
f 1521/1166/830 1520/1165/829 1508/1153/817
f 1522/1167/831 1521/1166/830 1509/1154/818
f 1512/1157/821 1524/1169/833 1523/1168/832
f 1513/1158/822 1525/1170/834 1524/1169/833
f 1514/1159/823 1526/1171/835 1525/1170/834
f 1515/1161/825 1527/1173/837 1526/1171/835
f 1516/1172/836 1528/1184/848 1527/1173/837
f 1529/1174/838 1528/1184/848 1516/1172/836
f 1530/1175/839 1529/1174/838 1517/1162/826
f 1531/1176/840 1530/1175/839 1518/1163/827
f 1532/1177/841 1531/1176/840 1519/1164/828
f 1533/1178/842 1532/1177/841 1520/1165/829
f 1534/1179/843 1533/1178/842 1521/1166/830
f 1524/1169/833 1536/1181/845 1535/1180/844
f 1525/1170/834 1537/1182/846 1536/1181/845
f 1526/1171/835 1538/1183/847 1537/1182/846
f 1527/1173/837 1539/1185/849 1538/1183/847
f 1528/1184/848 1540/1196/860 1539/1185/849
f 1541/1186/850 1540/1196/860 1528/1184/848
f 1542/1187/851 1541/1186/850 1529/1174/838
f 1543/1188/852 1542/1187/851 1530/1175/839
f 1544/1189/853 1543/1188/852 1531/1176/840
f 1545/1190/854 1544/1189/853 1532/1177/841
f 1546/1191/855 1545/1190/854 1533/1178/842
f 1536/1181/845 1548/1193/857 1547/1192/856
f 1537/1182/846 1549/1194/858 1548/1193/857
f 1538/1183/847 1550/1195/859 1549/1194/858
f 1539/1185/849 1551/1197/861 1550/1195/859
f 1540/1196/860 1552/1208/872 1551/1197/861
f 1553/1198/862 1552/1208/872 1540/1196/860
f 1554/1199/863 1553/1198/862 1541/1186/850
f 1555/1200/864 1554/1199/863 1542/1187/851
f 1556/1201/865 1555/1200/864 1543/1188/852
f 1557/1202/866 1556/1201/865 1544/1189/853
f 1558/1203/867 1557/1202/866 1545/1190/854
f 1548/1193/857 1560/1205/869 1559/1204/868
f 1549/1194/858 1561/1206/870 1560/1205/869
f 1550/1195/859 1562/1207/871 1561/1206/870
f 1551/1197/861 1563/1209/873 1562/1207/871
f 1552/1208/872 1564/1220/884 1563/1209/873
f 1565/1210/874 1564/1220/884 1552/1208/872
f 1566/1211/875 1565/1210/874 1553/1198/862
f 1567/1212/876 1566/1211/875 1554/1199/863
f 1568/1213/877 1567/1212/876 1555/1200/864
f 1569/1214/878 1568/1213/877 1556/1201/865
f 1570/1215/879 1569/1214/878 1557/1202/866
f 1560/1205/869 1572/1217/881 1571/1216/880
f 1561/1206/870 1573/1218/882 1572/1217/881
f 1562/1207/871 1574/1219/883 1573/1218/882
f 1563/1209/873 1575/1221/885 1574/1219/883
f 1564/1220/884 1576/1233/897 1575/1221/885
f 1577/1222/886 1576/1233/897 1564/1220/884
f 1578/1223/887 1577/1222/886 1565/1210/874
f 1579/1224/888 1578/1223/887 1566/1211/875
f 1580/1225/889 1579/1224/888 1567/1212/876
f 1581/1226/890 1580/1225/889 1568/1213/877
f 1582/1227/891 1581/1226/890 1569/1214/878
f 1584/1228/892 1583/1240/904 1571/1216/880
f 1585/1229/893 1584/1228/892 1572/1217/881
f 1586/1230/894 1585/1229/893 1573/1218/882
f 1587/1231/895 1586/1230/894 1574/1219/883
f 1588/1232/896 1587/1231/895 1575/1221/885
f 1589/1234/898 1588/1232/896 1576/1233/897
f 1578/1223/887 1590/1235/899 1589/1234/898
f 1579/1224/888 1591/1236/900 1590/1235/899
f 1580/1225/889 1592/1237/901 1591/1236/900
f 1581/1226/890 1593/1238/902 1592/1237/901
f 1582/1227/891 1594/1251/915 1593/1238/902
f 1584/1228/892 1596/1241/905 1595/1239/903
f 1585/1229/893 1597/1242/906 1596/1241/905
f 1586/1230/894 1598/1243/907 1597/1242/906
f 1587/1231/895 1599/1244/908 1598/1243/907
f 1588/1232/896 1600/1256/920 1599/1244/908
f 1601/1245/909 1600/1256/920 1588/1232/896
f 1602/1246/910 1601/1245/909 1589/1234/898
f 1603/1247/911 1602/1246/910 1590/1235/899
f 1604/1248/912 1603/1247/911 1591/1236/900
f 1605/1249/913 1604/1248/912 1592/1237/901
f 1606/1250/914 1605/1249/913 1593/1238/902
f 1596/1241/905 1608/1253/917 1607/1252/916
f 1597/1242/906 1609/1254/918 1608/1253/917
f 1598/1243/907 1610/1255/919 1609/1254/918
f 1599/1244/908 1611/1257/921 1610/1255/919
f 1600/1256/920 1612/1268/932 1611/1257/921
f 1613/1258/922 1612/1268/932 1600/1256/920
f 1614/1259/923 1613/1258/922 1601/1245/909
f 1615/1260/924 1614/1259/923 1602/1246/910
f 1616/1261/925 1615/1260/924 1603/1247/911
f 1617/1262/926 1616/1261/925 1604/1248/912
f 1618/1263/927 1617/1262/926 1605/1249/913
f 1608/1253/917 1620/1265/929 1619/1264/928
f 1609/1254/918 1621/1266/930 1620/1265/929
f 1610/1255/919 1622/1267/931 1621/1266/930
f 1611/1257/921 1623/1269/933 1622/1267/931
f 1612/1268/932 1624/1280/944 1623/1269/933
f 1625/1270/934 1624/1280/944 1612/1268/932
f 1626/1271/935 1625/1270/934 1613/1258/922
f 1627/1272/936 1626/1271/935 1614/1259/923
f 1628/1273/937 1627/1272/936 1615/1260/924
f 1629/1274/938 1628/1273/937 1616/1261/925
f 1630/1275/939 1629/1274/938 1617/1262/926
f 1620/1265/929 1632/1277/941 1631/1276/940
f 1621/1266/930 1633/1278/942 1632/1277/941
f 1622/1267/931 1634/1279/943 1633/1278/942
f 1623/1269/933 1635/1281/945 1634/1279/943
f 1624/1280/944 1636/1292/956 1635/1281/945
f 1637/1282/946 1636/1292/956 1624/1280/944
f 1638/1283/947 1637/1282/946 1625/1270/934
f 1639/1284/948 1638/1283/947 1626/1271/935
f 1640/1285/949 1639/1284/948 1627/1272/936
f 1641/1286/950 1640/1285/949 1628/1273/937
f 1642/1287/951 1641/1286/950 1629/1274/938
f 1632/1277/941 1644/1289/953 1643/1288/952
f 1633/1278/942 1645/1290/954 1644/1289/953
f 1634/1279/943 1646/1291/955 1645/1290/954
f 1635/1281/945 1647/1293/957 1646/1291/955
f 1636/1292/956 1648/1304/968 1647/1293/957
f 1649/1294/958 1648/1304/968 1636/1292/956
f 1650/1295/959 1649/1294/958 1637/1282/946
f 1651/1296/960 1650/1295/959 1638/1283/947
f 1652/1297/961 1651/1296/960 1639/1284/948
f 1653/1298/962 1652/1297/961 1640/1285/949
f 1654/1299/963 1653/1298/962 1641/1286/950
f 1644/1289/953 1656/1301/965 1655/1300/964
f 1645/1290/954 1657/1302/966 1656/1301/965
f 1646/1291/955 1658/1303/967 1657/1302/966
f 1647/1293/957 1659/1305/969 1658/1303/967
f 1648/1304/968 1660/1316/980 1659/1305/969
f 1661/1306/970 1660/1316/980 1648/1304/968
f 1662/1307/971 1661/1306/970 1649/1294/958
f 1663/1308/972 1662/1307/971 1650/1295/959
f 1664/1309/973 1663/1308/972 1651/1296/960
f 1665/1310/974 1664/1309/973 1652/1297/961
f 1666/1311/975 1665/1310/974 1653/1298/962
f 1656/1301/965 1668/1313/977 1667/1312/976
f 1657/1302/966 1669/1314/978 1668/1313/977
f 1658/1303/967 1670/1315/979 1669/1314/978
f 1659/1305/969 1671/1317/981 1670/1315/979
f 1660/1316/980 1672/1328/992 1671/1317/981
f 1673/1318/982 1672/1328/992 1660/1316/980
f 1674/1319/983 1673/1318/982 1661/1306/970
f 1675/1320/984 1674/1319/983 1662/1307/971
f 1676/1321/985 1675/1320/984 1663/1308/972
f 1677/1322/986 1676/1321/985 1664/1309/973
f 1678/1323/987 1677/1322/986 1665/1310/974
f 1668/1313/977 1680/1325/989 1679/1324/988
f 1669/1314/978 1681/1326/990 1680/1325/989
f 1670/1315/979 1682/1327/991 1681/1326/990
f 1671/1317/981 1683/1329/993 1682/1327/991
f 1672/1328/992 1684/1340/1004 1683/1329/993
f 1685/1330/994 1684/1340/1004 1672/1328/992
f 1686/1331/995 1685/1330/994 1673/1318/982
f 1687/1332/996 1686/1331/995 1674/1319/983
f 1688/1333/997 1687/1332/996 1675/1320/984
f 1689/1334/998 1688/1333/997 1676/1321/985
f 1690/1335/999 1689/1334/998 1677/1322/986
f 1680/1325/989 1692/1337/1001 1691/1336/1000
f 1681/1326/990 1693/1338/1002 1692/1337/1001
f 1682/1327/991 1694/1339/1003 1693/1338/1002
f 1683/1329/993 1695/1341/1005 1694/1339/1003
f 1684/1340/1004 1696/1352/1016 1695/1341/1005
f 1697/1342/1006 1696/1352/1016 1684/1340/1004
f 1698/1343/1007 1697/1342/1006 1685/1330/994
f 1699/1344/1008 1698/1343/1007 1686/1331/995
f 1700/1345/1009 1699/1344/1008 1687/1332/996
f 1701/1346/1010 1700/1345/1009 1688/1333/997
f 1702/1347/1011 1701/1346/1010 1689/1334/998
f 1692/1337/1001 1704/1349/1013 1703/1348/1012
f 1693/1338/1002 1705/1350/1014 1704/1349/1013
f 1694/1339/1003 1706/1351/1015 1705/1350/1014
f 1695/1341/1005 1707/1353/1017 1706/1351/1015
f 1696/1352/1016 1708/1365/1029 1707/1353/1017
f 1709/1354/1018 1708/1365/1029 1696/1352/1016
f 1710/1355/1019 1709/1354/1018 1697/1342/1006
f 1711/1356/1020 1710/1355/1019 1698/1343/1007
f 1712/1357/1021 1711/1356/1020 1699/1344/1008
f 1713/1358/1022 1712/1357/1021 1700/1345/1009
f 1714/1359/1023 1713/1358/1022 1701/1346/1010
f 1716/1360/1024 1715/1372/1036 1703/1348/1012
f 1717/1361/1025 1716/1360/1024 1704/1349/1013
f 1718/1362/1026 1717/1361/1025 1705/1350/1014
f 1719/1363/1027 1718/1362/1026 1706/1351/1015
f 1720/1364/1028 1719/1363/1027 1707/1353/1017
f 1721/1366/1030 1720/1364/1028 1708/1365/1029
f 1710/1355/1019 1722/1367/1031 1721/1366/1030
f 1711/1356/1020 1723/1368/1032 1722/1367/1031
f 1712/1357/1021 1724/1369/1033 1723/1368/1032
f 1713/1358/1022 1725/1370/1034 1724/1369/1033
f 1714/1359/1023 1726/1381/1045 1725/1370/1034
f 1728/1371/1035 1727/1384/1048 1715/1372/1036
f 1729/1373/1037 1728/1371/1035 1716/1360/1024
f 1730/1374/1038 1729/1373/1037 1717/1361/1025
f 1731/1375/1039 1730/1374/1038 1718/1362/1026
f 1732/1376/1040 1731/1375/1039 1719/1363/1027
f 1733/1377/1041 1732/1376/1040 1720/1364/1028
f 1722/1367/1031 1734/1378/1042 1733/1377/1041
f 1723/1368/1032 1735/1379/1043 1734/1378/1042
f 1724/1369/1033 1736/1380/1044 1735/1379/1043
f 1725/1370/1034 1737/1382/1046 1736/1380/1044
f 1726/1381/1045 1738/1395/1059 1737/1382/1046
f 1728/1371/1035 1740/1385/1049 1739/1383/1047
f 1729/1373/1037 1741/1386/1050 1740/1385/1049
f 1730/1374/1038 1742/1387/1051 1741/1386/1050
f 1731/1375/1039 1743/1388/1052 1742/1387/1051
f 1732/1376/1040 1744/1400/1064 1743/1388/1052
f 1745/1389/1053 1744/1400/1064 1732/1376/1040
f 1746/1390/1054 1745/1389/1053 1733/1377/1041
f 1747/1391/1055 1746/1390/1054 1734/1378/1042
f 1748/1392/1056 1747/1391/1055 1735/1379/1043
f 1749/1393/1057 1748/1392/1056 1736/1380/1044
f 1750/1394/1058 1749/1393/1057 1737/1382/1046
f 1740/1385/1049 1752/1397/1061 1751/1396/1060
f 1741/1386/1050 1753/1398/1062 1752/1397/1061
f 1742/1387/1051 1754/1399/1063 1753/1398/1062
f 1743/1388/1052 1755/1401/1065 1754/1399/1063
f 1744/1400/1064 1756/1412/1076 1755/1401/1065
f 1757/1402/1066 1756/1412/1076 1744/1400/1064
f 1758/1403/1067 1757/1402/1066 1745/1389/1053
f 1759/1404/1068 1758/1403/1067 1746/1390/1054
f 1760/1405/1069 1759/1404/1068 1747/1391/1055
f 1761/1406/1070 1760/1405/1069 1748/1392/1056
f 1762/1407/1071 1761/1406/1070 1749/1393/1057
f 1752/1397/1061 1764/1409/1073 1763/1408/1072
f 1753/1398/1062 1765/1410/1074 1764/1409/1073
f 1754/1399/1063 1766/1411/1075 1765/1410/1074
f 1755/1401/1065 1767/1413/1077 1766/1411/1075
f 1756/1412/1076 1768/1424/1088 1767/1413/1077
f 1769/1414/1078 1768/1424/1088 1756/1412/1076
f 1770/1415/1079 1769/1414/1078 1757/1402/1066
f 1771/1416/1080 1770/1415/1079 1758/1403/1067
f 1772/1417/1081 1771/1416/1080 1759/1404/1068
f 1773/1418/1082 1772/1417/1081 1760/1405/1069
f 1774/1419/1083 1773/1418/1082 1761/1406/1070
f 1764/1409/1073 1776/1421/1085 1775/1420/1084
f 1765/1410/1074 1777/1422/1086 1776/1421/1085
f 1766/1411/1075 1778/1423/1087 1777/1422/1086
f 1767/1413/1077 1779/1425/1089 1778/1423/1087
f 1768/1424/1088 1780/1436/1100 1779/1425/1089
f 1781/1426/1090 1780/1436/1100 1768/1424/1088
f 1782/1427/1091 1781/1426/1090 1769/1414/1078
f 1783/1428/1092 1782/1427/1091 1770/1415/1079
f 1784/1429/1093 1783/1428/1092 1771/1416/1080
f 1785/1430/1094 1784/1429/1093 1772/1417/1081
f 1786/1431/1095 1785/1430/1094 1773/1418/1082
f 1776/1421/1085 1788/1433/1097 1787/1432/1096
f 1777/1422/1086 1789/1434/1098 1788/1433/1097
f 1778/1423/1087 1790/1435/1099 1789/1434/1098
f 1779/1425/1089 1791/1437/1101 1790/1435/1099
f 1780/1436/1100 1792/1448/1112 1791/1437/1101
f 1793/1438/1102 1792/1448/1112 1780/1436/1100
f 1794/1439/1103 1793/1438/1102 1781/1426/1090
f 1795/1440/1104 1794/1439/1103 1782/1427/1091
f 1796/1441/1105 1795/1440/1104 1783/1428/1092
f 1797/1442/1106 1796/1441/1105 1784/1429/1093
f 1798/1443/1107 1797/1442/1106 1785/1430/1094
f 1788/1433/1097 1800/1445/1109 1799/1444/1108
f 1789/1434/1098 1801/1446/1110 1800/1445/1109
f 1790/1435/1099 1802/1447/1111 1801/1446/1110
f 1791/1437/1101 1803/1449/1113 1802/1447/1111
f 1792/1448/1112 1804/1460/1124 1803/1449/1113
f 1805/1450/1114 1804/1460/1124 1792/1448/1112
f 1806/1451/1115 1805/1450/1114 1793/1438/1102
f 1807/1452/1116 1806/1451/1115 1794/1439/1103
f 1808/1453/1117 1807/1452/1116 1795/1440/1104
f 1809/1454/1118 1808/1453/1117 1796/1441/1105
f 1810/1455/1119 1809/1454/1118 1797/1442/1106
f 1800/1445/1109 1812/1457/1121 1811/1456/1120
f 1801/1446/1110 1813/1458/1122 1812/1457/1121
f 1802/1447/1111 1814/1459/1123 1813/1458/1122
f 1803/1449/1113 1815/1461/1125 1814/1459/1123
f 1804/1460/1124 1816/1472/1136 1815/1461/1125
f 1817/1462/1126 1816/1472/1136 1804/1460/1124
f 1818/1463/1127 1817/1462/1126 1805/1450/1114
f 1819/1464/1128 1818/1463/1127 1806/1451/1115
f 1820/1465/1129 1819/1464/1128 1807/1452/1116
f 1821/1466/1130 1820/1465/1129 1808/1453/1117
f 1822/1467/1131 1821/1466/1130 1809/1454/1118
f 1812/1457/1121 1824/1469/1133 1823/1468/1132
f 1813/1458/1122 1825/1470/1134 1824/1469/1133
f 1814/1459/1123 1826/1471/1135 1825/1470/1134
f 1815/1461/1125 1827/1473/1137 1826/1471/1135
f 1816/1472/1136 1828/1484/1148 1827/1473/1137
f 1829/1474/1138 1828/1484/1148 1816/1472/1136
f 1830/1475/1139 1829/1474/1138 1817/1462/1126
f 1831/1476/1140 1830/1475/1139 1818/1463/1127
f 1832/1477/1141 1831/1476/1140 1819/1464/1128
f 1833/1478/1142 1832/1477/1141 1820/1465/1129
f 1834/1479/1143 1833/1478/1142 1821/1466/1130
f 1824/1469/1133 1836/1481/1145 1835/1480/1144
f 1825/1470/1134 1837/1482/1146 1836/1481/1145
f 1826/1471/1135 1838/1483/1147 1837/1482/1146
f 1827/1473/1137 1839/1485/1149 1838/1483/1147
f 1828/1484/1148 1840/1496/1160 1839/1485/1149
f 1841/1486/1150 1840/1496/1160 1828/1484/1148
f 1842/1487/1151 1841/1486/1150 1829/1474/1138
f 1843/1488/1152 1842/1487/1151 1830/1475/1139
f 1844/1489/1153 1843/1488/1152 1831/1476/1140
f 1845/1490/1154 1844/1489/1153 1832/1477/1141
f 1846/1491/1155 1845/1490/1154 1833/1478/1142
f 1836/1481/1145 1848/1493/1157 1847/1492/1156
f 1837/1482/1146 1849/1494/1158 1848/1493/1157
f 1838/1483/1147 1850/1495/1159 1849/1494/1158
f 1839/1485/1149 1851/1497/1161 1850/1495/1159
f 1840/1496/1160 1852/1509/1173 1851/1497/1161
f 1853/1498/1162 1852/1509/1173 1840/1496/1160
f 1854/1499/1163 1853/1498/1162 1841/1486/1150
f 1855/1500/1164 1854/1499/1163 1842/1487/1151
f 1856/1501/1165 1855/1500/1164 1843/1488/1152
f 1857/1502/1166 1856/1501/1165 1844/1489/1153
f 1858/1503/1167 1857/1502/1166 1845/1490/1154
f 1860/1504/1168 1859/1516/1180 1847/1492/1156
f 1861/1505/1169 1860/1504/1168 1848/1493/1157
f 1862/1506/1170 1861/1505/1169 1849/1494/1158
f 1863/1507/1171 1862/1506/1170 1850/1495/1159
f 1864/1508/1172 1863/1507/1171 1851/1497/1161
f 1865/1510/1174 1864/1508/1172 1852/1509/1173
f 1854/1499/1163 1866/1511/1175 1865/1510/1174
f 1855/1500/1164 1867/1512/1176 1866/1511/1175
f 1856/1501/1165 1868/1513/1177 1867/1512/1176
f 1857/1502/1166 1869/1514/1178 1868/1513/1177
f 1858/1503/1167 1870/1525/1189 1869/1514/1178
f 1872/1515/1179 1871/1528/1192 1859/1516/1180
f 1873/1517/1181 1872/1515/1179 1860/1504/1168
f 1874/1518/1182 1873/1517/1181 1861/1505/1169
f 1875/1519/1183 1874/1518/1182 1862/1506/1170
f 1876/1520/1184 1875/1519/1183 1863/1507/1171
f 1877/1521/1185 1876/1520/1184 1864/1508/1172
f 1866/1511/1175 1878/1522/1186 1877/1521/1185
f 1867/1512/1176 1879/1523/1187 1878/1522/1186
f 1868/1513/1177 1880/1524/1188 1879/1523/1187
f 1869/1514/1178 1881/1526/1190 1880/1524/1188
f 1870/1525/1189 1882/1537/1201 1881/1526/1190
f 1884/1527/1191 1883/1540/1204 1871/1528/1192
f 1885/1529/1193 1884/1527/1191 1872/1515/1179
f 1886/1530/1194 1885/1529/1193 1873/1517/1181
f 1887/1531/1195 1886/1530/1194 1874/1518/1182
f 1888/1532/1196 1887/1531/1195 1875/1519/1183
f 1889/1533/1197 1888/1532/1196 1876/1520/1184
f 1878/1522/1186 1890/1534/1198 1889/1533/1197
f 1879/1523/1187 1891/1535/1199 1890/1534/1198
f 1880/1524/1188 1892/1536/1200 1891/1535/1199
f 1881/1526/1190 1893/1538/1202 1892/1536/1200
f 1882/1537/1201 1894/1549/1213 1893/1538/1202
f 1896/1539/1203 1895/1552/1216 1883/1540/1204
f 1897/1541/1205 1896/1539/1203 1884/1527/1191
f 1898/1542/1206 1897/1541/1205 1885/1529/1193
f 1899/1543/1207 1898/1542/1206 1886/1530/1194
f 1900/1544/1208 1899/1543/1207 1887/1531/1195
f 1901/1545/1209 1900/1544/1208 1888/1532/1196
f 1890/1534/1198 1902/1546/1210 1901/1545/1209
f 1891/1535/1199 1903/1547/1211 1902/1546/1210
f 1892/1536/1200 1904/1548/1212 1903/1547/1211
f 1893/1538/1202 1905/1550/1214 1904/1548/1212
f 1894/1549/1213 1906/1561/1225 1905/1550/1214
f 1908/1551/1215 1907/1564/1228 1895/1552/1216
f 1909/1553/1217 1908/1551/1215 1896/1539/1203
f 1910/1554/1218 1909/1553/1217 1897/1541/1205
f 1911/1555/1219 1910/1554/1218 1898/1542/1206
f 1912/1556/1220 1911/1555/1219 1899/1543/1207
f 1913/1557/1221 1912/1556/1220 1900/1544/1208
f 1902/1546/1210 1914/1558/1222 1913/1557/1221
f 1903/1547/1211 1915/1559/1223 1914/1558/1222
f 1904/1548/1212 1916/1560/1224 1915/1559/1223
f 1905/1550/1214 1917/1562/1226 1916/1560/1224
f 1906/1561/1225 1918/1573/1237 1917/1562/1226
f 1920/1563/1227 1919/1576/1240 1907/1564/1228
f 1921/1565/1229 1920/1563/1227 1908/1551/1215
f 1922/1566/1230 1921/1565/1229 1909/1553/1217
f 1923/1567/1231 1922/1566/1230 1910/1554/1218
f 1924/1568/1232 1923/1567/1231 1911/1555/1219
f 1925/1569/1233 1924/1568/1232 1912/1556/1220
f 1914/1558/1222 1926/1570/1234 1925/1569/1233
f 1915/1559/1223 1927/1571/1235 1926/1570/1234
f 1916/1560/1224 1928/1572/1236 1927/1571/1235
f 1917/1562/1226 1929/1574/1238 1928/1572/1236
f 1918/1573/1237 1930/1585/1249 1929/1574/1238
f 1932/1575/1239 1931/1588/1252 1919/1576/1240
f 1933/1577/1241 1932/1575/1239 1920/1563/1227
f 1934/1578/1242 1933/1577/1241 1921/1565/1229
f 1935/1579/1243 1934/1578/1242 1922/1566/1230
f 1936/1580/1244 1935/1579/1243 1923/1567/1231
f 1937/1581/1245 1936/1580/1244 1924/1568/1232
f 1926/1570/1234 1938/1582/1246 1937/1581/1245
f 1927/1571/1235 1939/1583/1247 1938/1582/1246
f 1928/1572/1236 1940/1584/1248 1939/1583/1247
f 1929/1574/1238 1941/1586/1250 1940/1584/1248
f 1930/1585/1249 1942/1597/1261 1941/1586/1250
f 1944/1587/1251 1943/1600/1264 1931/1588/1252
f 1945/1589/1253 1944/1587/1251 1932/1575/1239
f 1946/1590/1254 1945/1589/1253 1933/1577/1241
f 1947/1591/1255 1946/1590/1254 1934/1578/1242
f 1948/1592/1256 1947/1591/1255 1935/1579/1243
f 1949/1593/1257 1948/1592/1256 1936/1580/1244
f 1938/1582/1246 1950/1594/1258 1949/1593/1257
f 1939/1583/1247 1951/1595/1259 1950/1594/1258
f 1940/1584/1248 1952/1596/1260 1951/1595/1259
f 1941/1586/1250 1953/1598/1262 1952/1596/1260
f 1942/1597/1261 1954/1609/1273 1953/1598/1262
f 1956/1599/1263 1955/1612/1276 1943/1600/1264
f 1957/1601/1265 1956/1599/1263 1944/1587/1251
f 1958/1602/1266 1957/1601/1265 1945/1589/1253
f 1959/1603/1267 1958/1602/1266 1946/1590/1254
f 1960/1604/1268 1959/1603/1267 1947/1591/1255
f 1961/1605/1269 1960/1604/1268 1948/1592/1256
f 1950/1594/1258 1962/1606/1270 1961/1605/1269
f 1951/1595/1259 1963/1607/1271 1962/1606/1270
f 1952/1596/1260 1964/1608/1272 1963/1607/1271
f 1953/1598/1262 1965/1610/1274 1964/1608/1272
f 1954/1609/1273 1966/1621/1285 1965/1610/1274
f 1968/1611/1275 1967/1624/1288 1955/1612/1276
f 1969/1613/1277 1968/1611/1275 1956/1599/1263
f 1970/1614/1278 1969/1613/1277 1957/1601/1265
f 1971/1615/1279 1970/1614/1278 1958/1602/1266
f 1972/1616/1280 1971/1615/1279 1959/1603/1267
f 1973/1617/1281 1972/1616/1280 1960/1604/1268
f 1962/1606/1270 1974/1618/1282 1973/1617/1281
f 1963/1607/1271 1975/1619/1283 1974/1618/1282
f 1964/1608/1272 1976/1620/1284 1975/1619/1283
f 1965/1610/1274 1977/1622/1286 1976/1620/1284
f 1966/1621/1285 1978/1633/1297 1977/1622/1286
f 1980/1623/1287 1979/1636/1300 1967/1624/1288
f 1981/1625/1289 1980/1623/1287 1968/1611/1275
f 1982/1626/1290 1981/1625/1289 1969/1613/1277
f 1983/1627/1291 1982/1626/1290 1970/1614/1278
f 1984/1628/1292 1983/1627/1291 1971/1615/1279
f 1985/1629/1293 1984/1628/1292 1972/1616/1280
f 1974/1618/1282 1986/1630/1294 1985/1629/1293
f 1975/1619/1283 1987/1631/1295 1986/1630/1294
f 1976/1620/1284 1988/1632/1296 1987/1631/1295
f 1977/1622/1286 1989/1634/1298 1988/1632/1296
f 1978/1633/1297 1990/1645/1309 1989/1634/1298
f 1992/1635/1299 1991/1648/1312 1979/1636/1300
f 1993/1637/1301 1992/1635/1299 1980/1623/1287
f 1994/1638/1302 1993/1637/1301 1981/1625/1289
f 1995/1639/1303 1994/1638/1302 1982/1626/1290
f 1996/1640/1304 1995/1639/1303 1983/1627/1291
f 1997/1641/1305 1996/1640/1304 1984/1628/1292
f 1986/1630/1294 1998/1642/1306 1997/1641/1305
f 1987/1631/1295 1999/1643/1307 1998/1642/1306
f 1988/1632/1296 2000/1644/1308 1999/1643/1307
f 1989/1634/1298 2001/1646/1310 2000/1644/1308
f 1990/1645/1309 2002/1659/1323 2001/1646/1310
f 1992/1635/1299 2004/1649/1313 2003/1647/1311
f 1993/1637/1301 2005/1650/1314 2004/1649/1313
f 1994/1638/1302 2006/1651/1315 2005/1650/1314
f 1995/1639/1303 2007/1652/1316 2006/1651/1315
f 1996/1640/1304 2008/1664/1328 2007/1652/1316
f 2009/1653/1317 2008/1664/1328 1996/1640/1304
f 2010/1654/1318 2009/1653/1317 1997/1641/1305
f 2011/1655/1319 2010/1654/1318 1998/1642/1306
f 2012/1656/1320 2011/1655/1319 1999/1643/1307
f 2013/1657/1321 2012/1656/1320 2000/1644/1308
f 2014/1658/1322 2013/1657/1321 2001/1646/1310
f 2004/1649/1313 2016/1661/1325 2015/1660/1324
f 2005/1650/1314 2017/1662/1326 2016/1661/1325
f 2006/1651/1315 2018/1663/1327 2017/1662/1326
f 2007/1652/1316 2019/1665/1329 2018/1663/1327
f 2008/1664/1328 2020/1676/1340 2019/1665/1329
f 2021/1666/1330 2020/1676/1340 2008/1664/1328
f 2022/1667/1331 2021/1666/1330 2009/1653/1317
f 2023/1668/1332 2022/1667/1331 2010/1654/1318
f 2024/1669/1333 2023/1668/1332 2011/1655/1319
f 2025/1670/1334 2024/1669/1333 2012/1656/1320
f 2026/1671/1335 2025/1670/1334 2013/1657/1321
f 2016/1661/1325 2028/1673/1337 2027/1672/1336
f 2017/1662/1326 2029/1674/1338 2028/1673/1337
f 2018/1663/1327 2030/1675/1339 2029/1674/1338
f 2019/1665/1329 2031/1677/1341 2030/1675/1339
f 2020/1676/1340 2032/1688/1352 2031/1677/1341
f 2033/1678/1342 2032/1688/1352 2020/1676/1340
f 2034/1679/1343 2033/1678/1342 2021/1666/1330
f 2035/1680/1344 2034/1679/1343 2022/1667/1331
f 2036/1681/1345 2035/1680/1344 2023/1668/1332
f 2037/1682/1346 2036/1681/1345 2024/1669/1333
f 2038/1683/1347 2037/1682/1346 2025/1670/1334
f 2028/1673/1337 2040/1685/1349 2039/1684/1348
f 2029/1674/1338 2041/1686/1350 2040/1685/1349
f 2030/1675/1339 2042/1687/1351 2041/1686/1350
f 2031/1677/1341 2043/1689/1353 2042/1687/1351
f 2032/1688/1352 2044/1700/1364 2043/1689/1353
f 2045/1690/1354 2044/1700/1364 2032/1688/1352
f 2046/1691/1355 2045/1690/1354 2033/1678/1342
f 2047/1692/1356 2046/1691/1355 2034/1679/1343
f 2048/1693/1357 2047/1692/1356 2035/1680/1344
f 2049/1694/1358 2048/1693/1357 2036/1681/1345
f 2050/1695/1359 2049/1694/1358 2037/1682/1346
f 2040/1685/1349 2052/1697/1361 2051/1696/1360
f 2041/1686/1350 2053/1698/1362 2052/1697/1361
f 2042/1687/1351 2054/1699/1363 2053/1698/1362
f 2043/1689/1353 2055/1701/1365 2054/1699/1363
f 2044/1700/1364 2056/1712/1376 2055/1701/1365
f 2057/1702/1366 2056/1712/1376 2044/1700/1364
f 2058/1703/1367 2057/1702/1366 2045/1690/1354
f 2059/1704/1368 2058/1703/1367 2046/1691/1355
f 2060/1705/1369 2059/1704/1368 2047/1692/1356
f 2061/1706/1370 2060/1705/1369 2048/1693/1357
f 2062/1707/1371 2061/1706/1370 2049/1694/1358
f 2052/1697/1361 2064/1709/1373 2063/1708/1372
f 2053/1698/1362 2065/1710/1374 2064/1709/1373
f 2054/1699/1363 2066/1711/1375 2065/1710/1374
f 2055/1701/1365 2067/1713/1377 2066/1711/1375
f 2056/1712/1376 2068/1724/1388 2067/1713/1377
f 2069/1714/1378 2068/1724/1388 2056/1712/1376
f 2070/1715/1379 2069/1714/1378 2057/1702/1366
f 2071/1716/1380 2070/1715/1379 2058/1703/1367
f 2072/1717/1381 2071/1716/1380 2059/1704/1368
f 2073/1718/1382 2072/1717/1381 2060/1705/1369
f 2074/1719/1383 2073/1718/1382 2061/1706/1370
f 2064/1709/1373 2076/1721/1385 2075/1720/1384
f 2065/1710/1374 2077/1722/1386 2076/1721/1385
f 2066/1711/1375 2078/1723/1387 2077/1722/1386
f 2067/1713/1377 2079/1725/1389 2078/1723/1387
f 2068/1724/1388 2080/1736/1400 2079/1725/1389
f 2081/1726/1390 2080/1736/1400 2068/1724/1388
f 2082/1727/1391 2081/1726/1390 2069/1714/1378
f 2083/1728/1392 2082/1727/1391 2070/1715/1379
f 2084/1729/1393 2083/1728/1392 2071/1716/1380
f 2085/1730/1394 2084/1729/1393 2072/1717/1381
f 2086/1731/1395 2085/1730/1394 2073/1718/1382
f 2076/1721/1385 2088/1733/1397 2087/1732/1396
f 2077/1722/1386 2089/1734/1398 2088/1733/1397
f 2078/1723/1387 2090/1735/1399 2089/1734/1398
f 2079/1725/1389 2091/1737/1401 2090/1735/1399
f 2080/1736/1400 2092/1747/1412 2091/1737/1401
f 2093/1738/1402 2092/1747/1412 2080/1736/1400
f 2094/1739/1403 2093/1738/1402 2081/1726/1390
f 2095/1740/1404 2094/1739/1403 2082/1727/1391
f 2096/1741/1405 2095/1740/1404 2083/1728/1392
f 2097/1742/1406 2096/1741/1405 2084/1729/1393
f 2098/1743/1407 2097/1742/1406 2085/1730/1394
f 2088/1733/1397 2100/1744/1409 2099/37/1408
f 2089/1734/1398 2101/1745/1410 2100/1744/1409
f 2090/1735/1399 2102/1746/1411 2101/1745/1410
f 2091/1737/1401 2103/1748/1413 2102/1746/1411
f 2092/1747/1412 2104/1759/1424 2103/1748/1413
f 2105/1749/1414 2104/1759/1424 2092/1747/1412
f 2106/1750/1415 2105/1749/1414 2093/1738/1402
f 2107/1751/1416 2106/1750/1415 2094/1739/1403
f 2108/1752/1417 2107/1751/1416 2095/1740/1404
f 2109/1753/1418 2108/1752/1417 2096/1741/1405
f 2110/1754/1419 2109/1753/1418 2097/1742/1406
f 2100/1744/1409 2112/1756/1421 2111/1755/1420
f 2101/1745/1410 2113/1757/1422 2112/1756/1421
f 2102/1746/1411 2114/1758/1423 2113/1757/1422
f 2103/1748/1413 2115/1760/1425 2114/1758/1423
f 2104/1759/1424 2116/1771/1436 2115/1760/1425
f 2117/1761/1426 2116/1771/1436 2104/1759/1424
f 2118/1762/1427 2117/1761/1426 2105/1749/1414
f 2119/1763/1428 2118/1762/1427 2106/1750/1415
f 2120/1764/1429 2119/1763/1428 2107/1751/1416
f 2121/1765/1430 2120/1764/1429 2108/1752/1417
f 2122/1766/1431 2121/1765/1430 2109/1753/1418
f 2112/1756/1421 2124/1768/1433 2123/1767/1432
f 2113/1757/1422 2125/1769/1434 2124/1768/1433
f 2114/1758/1423 2126/1770/1435 2125/1769/1434
f 2115/1760/1425 2127/1772/1437 2126/1770/1435
f 2116/1771/1436 2128/1783/1448 2127/1772/1437
f 2129/1773/1438 2128/1783/1448 2116/1771/1436
f 2130/1774/1439 2129/1773/1438 2117/1761/1426
f 2131/1775/1440 2130/1774/1439 2118/1762/1427
f 2132/1776/1441 2131/1775/1440 2119/1763/1428
f 2133/1777/1442 2132/1776/1441 2120/1764/1429
f 2134/1778/1443 2133/1777/1442 2121/1765/1430
f 2124/1768/1433 2136/1780/1445 2135/1779/1444
f 2125/1769/1434 2137/1781/1446 2136/1780/1445
f 2126/1770/1435 2138/1782/1447 2137/1781/1446
f 2127/1772/1437 2139/1784/1449 2138/1782/1447
f 2128/1783/1448 2140/1795/1460 2139/1784/1449
f 2141/1785/1450 2140/1795/1460 2128/1783/1448
f 2142/1786/1451 2141/1785/1450 2129/1773/1438
f 2143/1787/1452 2142/1786/1451 2130/1774/1439
f 2144/1788/1453 2143/1787/1452 2131/1775/1440
f 2145/1789/1454 2144/1788/1453 2132/1776/1441
f 2146/1790/1455 2145/1789/1454 2133/1777/1442
f 2136/1780/1445 2148/1792/1457 2147/1791/1456
f 2137/1781/1446 2149/1793/1458 2148/1792/1457
f 2138/1782/1447 2150/1794/1459 2149/1793/1458
f 2139/1784/1449 2151/1796/1461 2150/1794/1459
f 2140/1795/1460 2152/1807/1472 2151/1796/1461
f 2153/1797/1462 2152/1807/1472 2140/1795/1460
f 2154/1798/1463 2153/1797/1462 2141/1785/1450
f 2155/1799/1464 2154/1798/1463 2142/1786/1451
f 2156/1800/1465 2155/1799/1464 2143/1787/1452
f 2157/1801/1466 2156/1800/1465 2144/1788/1453
f 2158/1802/1467 2157/1801/1466 2145/1789/1454
f 2148/1792/1457 2160/1804/1469 2159/1803/1468
f 2149/1793/1458 2161/1805/1470 2160/1804/1469
f 2150/1794/1459 2162/1806/1471 2161/1805/1470
f 2151/1796/1461 2163/1808/1473 2162/1806/1471
f 2152/1807/1472 2164/1820/1485 2163/1808/1473
f 2165/1809/1474 2164/1820/1485 2152/1807/1472
f 2166/1810/1475 2165/1809/1474 2153/1797/1462
f 2167/1811/1476 2166/1810/1475 2154/1798/1463
f 2168/1812/1477 2167/1811/1476 2155/1799/1464
f 2169/1813/1478 2168/1812/1477 2156/1800/1465
f 2170/1814/1479 2169/1813/1478 2157/1801/1466
f 2172/1815/1480 2171/1827/1492 2159/1803/1468
f 2173/1816/1481 2172/1815/1480 2160/1804/1469
f 2174/1817/1482 2173/1816/1481 2161/1805/1470
f 2175/1818/1483 2174/1817/1482 2162/1806/1471
f 2176/1819/1484 2175/1818/1483 2163/1808/1473
f 2177/1821/1486 2176/1819/1484 2164/1820/1485
f 2166/1810/1475 2178/1822/1487 2177/1821/1486
f 2167/1811/1476 2179/1823/1488 2178/1822/1487
f 2168/1812/1477 2180/1824/1489 2179/1823/1488
f 2169/1813/1478 2181/1825/1490 2180/1824/1489
f 2170/1814/1479 2182/1836/1501 2181/1825/1490
f 2184/1826/1491 2183/1839/1504 2171/1827/1492
f 2185/1828/1493 2184/1826/1491 2172/1815/1480
f 2186/1829/1494 2185/1828/1493 2173/1816/1481
f 2187/1830/1495 2186/1829/1494 2174/1817/1482
f 2188/1831/1496 2187/1830/1495 2175/1818/1483
f 2189/1832/1497 2188/1831/1496 2176/1819/1484
f 2178/1822/1487 2190/1833/1498 2189/1832/1497
f 2179/1823/1488 2191/1834/1499 2190/1833/1498
f 2180/1824/1489 2192/1835/1500 2191/1834/1499
f 2181/1825/1490 2193/1837/1502 2192/1835/1500
f 2182/1836/1501 2194/1848/1513 2193/1837/1502
f 2196/1838/1503 2195/1851/1516 2183/1839/1504
f 2197/1840/1505 2196/1838/1503 2184/1826/1491
f 2198/1841/1506 2197/1840/1505 2185/1828/1493
f 2199/1842/1507 2198/1841/1506 2186/1829/1494
f 2200/1843/1508 2199/1842/1507 2187/1830/1495
f 2201/1844/1509 2200/1843/1508 2188/1831/1496
f 2190/1833/1498 2202/1845/1510 2201/1844/1509
f 2191/1834/1499 2203/1846/1511 2202/1845/1510
f 2192/1835/1500 2204/1847/1512 2203/1846/1511
f 2193/1837/1502 2205/1849/1514 2204/1847/1512
f 2194/1848/1513 2206/1860/1525 2205/1849/1514
f 2208/1850/1515 2207/1863/1528 2195/1851/1516
f 2209/1852/1517 2208/1850/1515 2196/1838/1503
f 2210/1853/1518 2209/1852/1517 2197/1840/1505
f 2211/1854/1519 2210/1853/1518 2198/1841/1506
f 2212/1855/1520 2211/1854/1519 2199/1842/1507
f 2213/1856/1521 2212/1855/1520 2200/1843/1508
f 2202/1845/1510 2214/1857/1522 2213/1856/1521
f 2203/1846/1511 2215/1858/1523 2214/1857/1522
f 2204/1847/1512 2216/1859/1524 2215/1858/1523
f 2205/1849/1514 2217/1861/1526 2216/1859/1524
f 2206/1860/1525 2218/1872/1537 2217/1861/1526
f 2220/1862/1527 2219/1875/1540 2207/1863/1528
f 2221/1864/1529 2220/1862/1527 2208/1850/1515
f 2222/1865/1530 2221/1864/1529 2209/1852/1517
f 2223/1866/1531 2222/1865/1530 2210/1853/1518
f 2224/1867/1532 2223/1866/1531 2211/1854/1519
f 2225/1868/1533 2224/1867/1532 2212/1855/1520
f 2214/1857/1522 2226/1869/1534 2225/1868/1533
f 2215/1858/1523 2227/1870/1535 2226/1869/1534
f 2216/1859/1524 2228/1871/1536 2227/1870/1535
f 2217/1861/1526 2229/1873/1538 2228/1871/1536
f 2218/1872/1537 2230/1884/1549 2229/1873/1538
f 2232/1874/1539 2231/1887/1552 2219/1875/1540
f 2233/1876/1541 2232/1874/1539 2220/1862/1527
f 2234/1877/1542 2233/1876/1541 2221/1864/1529
f 2235/1878/1543 2234/1877/1542 2222/1865/1530
f 2236/1879/1544 2235/1878/1543 2223/1866/1531
f 2237/1880/1545 2236/1879/1544 2224/1867/1532
f 2226/1869/1534 2238/1881/1546 2237/1880/1545
f 2227/1870/1535 2239/1882/1547 2238/1881/1546
f 2228/1871/1536 2240/1883/1548 2239/1882/1547
f 2229/1873/1538 2241/1885/1550 2240/1883/1548
f 2230/1884/1549 2242/1896/1561 2241/1885/1550
f 2244/1886/1551 2243/1899/1564 2231/1887/1552
f 2245/1888/1553 2244/1886/1551 2232/1874/1539
f 2246/1889/1554 2245/1888/1553 2233/1876/1541
f 2247/1890/1555 2246/1889/1554 2234/1877/1542
f 2248/1891/1556 2247/1890/1555 2235/1878/1543
f 2249/1892/1557 2248/1891/1556 2236/1879/1544
f 2238/1881/1546 2250/1893/1558 2249/1892/1557
f 2239/1882/1547 2251/1894/1559 2250/1893/1558
f 2240/1883/1548 2252/1895/1560 2251/1894/1559
f 2241/1885/1550 2253/1897/1562 2252/1895/1560
f 2242/1896/1561 2254/1908/1573 2253/1897/1562
f 2256/1898/1563 2255/1911/1576 2243/1899/1564
f 2257/1900/1565 2256/1898/1563 2244/1886/1551
f 2258/1901/1566 2257/1900/1565 2245/1888/1553
f 2259/1902/1567 2258/1901/1566 2246/1889/1554
f 2260/1903/1568 2259/1902/1567 2247/1890/1555
f 2261/1904/1569 2260/1903/1568 2248/1891/1556
f 2250/1893/1558 2262/1905/1570 2261/1904/1569
f 2251/1894/1559 2263/1906/1571 2262/1905/1570
f 2252/1895/1560 2264/1907/1572 2263/1906/1571
f 2253/1897/1562 2265/1909/1574 2264/1907/1572
f 2254/1908/1573 2266/1920/1585 2265/1909/1574
f 2268/1910/1575 2267/1923/1588 2255/1911/1576
f 2269/1912/1577 2268/1910/1575 2256/1898/1563
f 2270/1913/1578 2269/1912/1577 2257/1900/1565
f 2271/1914/1579 2270/1913/1578 2258/1901/1566
f 2272/1915/1580 2271/1914/1579 2259/1902/1567
f 2273/1916/1581 2272/1915/1580 2260/1903/1568
f 2262/1905/1570 2274/1917/1582 2273/1916/1581
f 2263/1906/1571 2275/1918/1583 2274/1917/1582
f 2264/1907/1572 2276/1919/1584 2275/1918/1583
f 2265/1909/1574 2277/1921/1586 2276/1919/1584
f 2266/1920/1585 2278/1934/1599 2277/1921/1586
f 2268/1910/1575 2280/1924/1589 2279/1922/1587
f 2269/1912/1577 2281/1925/1590 2280/1924/1589
f 2270/1913/1578 2282/1926/1591 2281/1925/1590
f 2271/1914/1579 2283/1927/1592 2282/1926/1591
f 2272/1915/1580 2284/1940/1605 2283/1927/1592
f 2285/1928/1593 2284/1940/1605 2272/1915/1580
f 2286/1929/1594 2285/1928/1593 2273/1916/1581
f 2287/1930/1595 2286/1929/1594 2274/1917/1582
f 2288/1931/1596 2287/1930/1595 2275/1918/1583
f 2289/1932/1597 2288/1931/1596 2276/1919/1584
f 2290/1933/1598 2289/1932/1597 2277/1921/1586
f 2292/1935/1600 2291/1947/1612 2279/1922/1587
f 2293/1936/1601 2292/1935/1600 2280/1924/1589
f 2294/1937/1602 2293/1936/1601 2281/1925/1590
f 2295/1938/1603 2294/1937/1602 2282/1926/1591
f 2296/1939/1604 2295/1938/1603 2283/1927/1592
f 2297/1941/1606 2296/1939/1604 2284/1940/1605
f 2286/1929/1594 2298/1942/1607 2297/1941/1606
f 2287/1930/1595 2299/1943/1608 2298/1942/1607
f 2288/1931/1596 2300/1944/1609 2299/1943/1608
f 2289/1932/1597 2301/1945/1610 2300/1944/1609
f 2290/1933/1598 2302/1956/1621 2301/1945/1610
f 2304/1946/1611 2303/1959/1624 2291/1947/1612
f 2305/1948/1613 2304/1946/1611 2292/1935/1600
f 2306/1949/1614 2305/1948/1613 2293/1936/1601
f 2307/1950/1615 2306/1949/1614 2294/1937/1602
f 2308/1951/1616 2307/1950/1615 2295/1938/1603
f 2309/1952/1617 2308/1951/1616 2296/1939/1604
f 2298/1942/1607 2310/1953/1618 2309/1952/1617
f 2299/1943/1608 2311/1954/1619 2310/1953/1618
f 2300/1944/1609 2312/1955/1620 2311/1954/1619
f 2301/1945/1610 2313/1957/1622 2312/1955/1620
f 2302/1956/1621 2314/1968/1633 2313/1957/1622
f 2316/1958/1623 2315/1971/1636 2303/1959/1624
f 2317/1960/1625 2316/1958/1623 2304/1946/1611
f 2318/1961/1626 2317/1960/1625 2305/1948/1613
f 2319/1962/1627 2318/1961/1626 2306/1949/1614
f 2320/1963/1628 2319/1962/1627 2307/1950/1615
f 2321/1964/1629 2320/1963/1628 2308/1951/1616
f 2310/1953/1618 2322/1965/1630 2321/1964/1629
f 2311/1954/1619 2323/1966/1631 2322/1965/1630
f 2312/1955/1620 2324/1967/1632 2323/1966/1631
f 2313/1957/1622 2325/1969/1634 2324/1967/1632
f 2314/1968/1633 2326/1980/1645 2325/1969/1634
f 2328/1970/1635 2327/1983/1648 2315/1971/1636
f 2329/1972/1637 2328/1970/1635 2316/1958/1623
f 2330/1973/1638 2329/1972/1637 2317/1960/1625
f 2331/1974/1639 2330/1973/1638 2318/1961/1626
f 2332/1975/1640 2331/1974/1639 2319/1962/1627
f 2333/1976/1641 2332/1975/1640 2320/1963/1628
f 2322/1965/1630 2334/1977/1642 2333/1976/1641
f 2323/1966/1631 2335/1978/1643 2334/1977/1642
f 2324/1967/1632 2336/1979/1644 2335/1978/1643
f 2325/1969/1634 2337/1981/1646 2336/1979/1644
f 2326/1980/1645 2338/1992/1657 2337/1981/1646
f 2340/1982/1647 2339/1995/1660 2327/1983/1648
f 2341/1984/1649 2340/1982/1647 2328/1970/1635
f 2342/1985/1650 2341/1984/1649 2329/1972/1637
f 2343/1986/1651 2342/1985/1650 2330/1973/1638
f 2344/1987/1652 2343/1986/1651 2331/1974/1639
f 2345/1988/1653 2344/1987/1652 2332/1975/1640
f 2334/1977/1642 2346/1989/1654 2345/1988/1653
f 2335/1978/1643 2347/1990/1655 2346/1989/1654
f 2336/1979/1644 2348/1991/1656 2347/1990/1655
f 2337/1981/1646 2349/1993/1658 2348/1991/1656
f 2338/1992/1657 2350/2004/1669 2349/1993/1658
f 2352/1994/1659 2351/2007/1672 2339/1995/1660
f 2353/1996/1661 2352/1994/1659 2340/1982/1647
f 2354/1997/1662 2353/1996/1661 2341/1984/1649
f 2355/1998/1663 2354/1997/1662 2342/1985/1650
f 2356/1999/1664 2355/1998/1663 2343/1986/1651
f 2357/2000/1665 2356/1999/1664 2344/1987/1652
f 2346/1989/1654 2358/2001/1666 2357/2000/1665
f 2347/1990/1655 2359/2002/1667 2358/2001/1666
f 2348/1991/1656 2360/2003/1668 2359/2002/1667
f 2349/1993/1658 2361/2005/1670 2360/2003/1668
f 2350/2004/1669 2362/2016/1681 2361/2005/1670
f 2364/2006/1671 2363/2019/1684 2351/2007/1672
f 2365/2008/1673 2364/2006/1671 2352/1994/1659
f 2366/2009/1674 2365/2008/1673 2353/1996/1661
f 2367/2010/1675 2366/2009/1674 2354/1997/1662
f 2368/2011/1676 2367/2010/1675 2355/1998/1663
f 2369/2012/1677 2368/2011/1676 2356/1999/1664
f 2358/2001/1666 2370/2013/1678 2369/2012/1677
f 2359/2002/1667 2371/2014/1679 2370/2013/1678
f 2360/2003/1668 2372/2015/1680 2371/2014/1679
f 2361/2005/1670 2373/2017/1682 2372/2015/1680
f 2362/2016/1681 2374/2028/1693 2373/2017/1682
f 2376/2018/1683 2375/2031/1696 2363/2019/1684
f 2377/2020/1685 2376/2018/1683 2364/2006/1671
f 2378/2021/1686 2377/2020/1685 2365/2008/1673
f 2379/2022/1687 2378/2021/1686 2366/2009/1674
f 2380/2023/1688 2379/2022/1687 2367/2010/1675
f 2381/2024/1689 2380/2023/1688 2368/2011/1676
f 2370/2013/1678 2382/2025/1690 2381/2024/1689
f 2371/2014/1679 2383/2026/1691 2382/2025/1690
f 2372/2015/1680 2384/2027/1692 2383/2026/1691
f 2373/2017/1682 2385/2029/1694 2384/2027/1692
f 2374/2028/1693 2386/2040/1705 2385/2029/1694
f 2388/2030/1695 2387/2043/1708 2375/2031/1696
f 2389/2032/1697 2388/2030/1695 2376/2018/1683
f 2390/2033/1698 2389/2032/1697 2377/2020/1685
f 2391/2034/1699 2390/2033/1698 2378/2021/1686
f 2392/2035/1700 2391/2034/1699 2379/2022/1687
f 2393/2036/1701 2392/2035/1700 2380/2023/1688
f 2382/2025/1690 2394/2037/1702 2393/2036/1701
f 2383/2026/1691 2395/2038/1703 2394/2037/1702
f 2384/2027/1692 2396/2039/1704 2395/2038/1703
f 2385/2029/1694 2397/2041/1706 2396/2039/1704
f 2386/2040/1705 2398/2052/1717 2397/2041/1706
f 2400/2042/1707 2399/2055/1720 2387/2043/1708
f 2401/2044/1709 2400/2042/1707 2388/2030/1695
f 2402/2045/1710 2401/2044/1709 2389/2032/1697
f 2403/2046/1711 2402/2045/1710 2390/2033/1698
f 2404/2047/1712 2403/2046/1711 2391/2034/1699
f 2405/2048/1713 2404/2047/1712 2392/2035/1700
f 2394/2037/1702 2406/2049/1714 2405/2048/1713
f 2395/2038/1703 2407/2050/1715 2406/2049/1714
f 2396/2039/1704 2408/2051/1716 2407/2050/1715
f 2397/2041/1706 2409/2053/1718 2408/2051/1716
f 2398/2052/1717 2410/2064/1729 2409/2053/1718
f 2412/2054/1719 2411/2067/1732 2399/2055/1720
f 2413/2056/1721 2412/2054/1719 2400/2042/1707
f 2414/2057/1722 2413/2056/1721 2401/2044/1709
f 2415/2058/1723 2414/2057/1722 2402/2045/1710
f 2416/2059/1724 2415/2058/1723 2403/2046/1711
f 2417/2060/1725 2416/2059/1724 2404/2047/1712
f 2406/2049/1714 2418/2061/1726 2417/2060/1725
f 2407/2050/1715 2419/2062/1727 2418/2061/1726
f 2408/2051/1716 2420/2063/1728 2419/2062/1727
f 2409/2053/1718 2421/2065/1730 2420/2063/1728
f 2410/2064/1729 2422/2076/1741 2421/2065/1730
f 2424/2066/1731 2423/2079/1744 2411/2067/1732
f 2425/2068/1733 2424/2066/1731 2412/2054/1719
f 2426/2069/1734 2425/2068/1733 2413/2056/1721
f 2427/2070/1735 2426/2069/1734 2414/2057/1722
f 2428/2071/1736 2427/2070/1735 2415/2058/1723
f 2429/2072/1737 2428/2071/1736 2416/2059/1724
f 2418/2061/1726 2430/2073/1738 2429/2072/1737
f 2419/2062/1727 2431/2074/1739 2430/2073/1738
f 2420/2063/1728 2432/2075/1740 2431/2074/1739
f 2421/2065/1730 2433/2077/1742 2432/2075/1740
f 2422/2076/1741 2434/2090/1755 2433/2077/1742
f 2424/2066/1731 2436/2080/1745 2435/2078/1743
f 2425/2068/1733 2437/2081/1746 2436/2080/1745
f 2426/2069/1734 2438/2082/1747 2437/2081/1746
f 2427/2070/1735 2439/2083/1748 2438/2082/1747
f 2428/2071/1736 2440/2096/1761 2439/2083/1748
f 2441/2084/1749 2440/2096/1761 2428/2071/1736
f 2442/2085/1750 2441/2084/1749 2429/2072/1737
f 2443/2086/1751 2442/2085/1750 2430/2073/1738
f 2444/2087/1752 2443/2086/1751 2431/2074/1739
f 2445/2088/1753 2444/2087/1752 2432/2075/1740
f 2446/2089/1754 2445/2088/1753 2433/2077/1742
f 2448/2091/1756 2447/2103/1768 2435/2078/1743
f 2449/2092/1757 2448/2091/1756 2436/2080/1745
f 2450/2093/1758 2449/2092/1757 2437/2081/1746
f 2451/2094/1759 2450/2093/1758 2438/2082/1747
f 2452/2095/1760 2451/2094/1759 2439/2083/1748
f 2453/2097/1762 2452/2095/1760 2440/2096/1761
f 2442/2085/1750 2454/2098/1763 2453/2097/1762
f 2443/2086/1751 2455/2099/1764 2454/2098/1763
f 2444/2087/1752 2456/2100/1765 2455/2099/1764
f 2445/2088/1753 2457/2101/1766 2456/2100/1765
f 2446/2089/1754 2458/2112/1777 2457/2101/1766
f 2460/2102/1767 2459/2115/1780 2447/2103/1768
f 2461/2104/1769 2460/2102/1767 2448/2091/1756
f 2462/2105/1770 2461/2104/1769 2449/2092/1757
f 2463/2106/1771 2462/2105/1770 2450/2093/1758
f 2464/2107/1772 2463/2106/1771 2451/2094/1759
f 2465/2108/1773 2464/2107/1772 2452/2095/1760
f 2454/2098/1763 2466/2109/1774 2465/2108/1773
f 2455/2099/1764 2467/2110/1775 2466/2109/1774
f 2456/2100/1765 2468/2111/1776 2467/2110/1775
f 2457/2101/1766 2469/2113/1778 2468/2111/1776
f 2458/2112/1777 2470/2126/1791 2469/2113/1778
f 2460/2102/1767 2472/2116/1781 2471/2114/1779
f 2461/2104/1769 2473/2117/1782 2472/2116/1781
f 2462/2105/1770 2474/2118/1783 2473/2117/1782
f 2463/2106/1771 2475/2119/1784 2474/2118/1783
f 2464/2107/1772 2476/2131/1796 2475/2119/1784
f 2477/2120/1785 2476/2131/1796 2464/2107/1772
f 2478/2121/1786 2477/2120/1785 2465/2108/1773
f 2479/2122/1787 2478/2121/1786 2466/2109/1774
f 2480/2123/1788 2479/2122/1787 2467/2110/1775
f 2481/2124/1789 2480/2123/1788 2468/2111/1776
f 2482/2125/1790 2481/2124/1789 2469/2113/1778
f 2472/2116/1781 2484/2128/1793 2483/2127/1792
f 2473/2117/1782 2485/2129/1794 2484/2128/1793
f 2474/2118/1783 2486/2130/1795 2485/2129/1794
f 2475/2119/1784 2487/2132/1797 2486/2130/1795
f 2476/2131/1796 2488/2143/1808 2487/2132/1797
f 2489/2133/1798 2488/2143/1808 2476/2131/1796
f 2490/2134/1799 2489/2133/1798 2477/2120/1785
f 2491/2135/1800 2490/2134/1799 2478/2121/1786
f 2492/2136/1801 2491/2135/1800 2479/2122/1787
f 2493/2137/1802 2492/2136/1801 2480/2123/1788
f 2494/2138/1803 2493/2137/1802 2481/2124/1789
f 2484/2128/1793 2496/2140/1805 2495/2139/1804
f 2485/2129/1794 2497/2141/1806 2496/2140/1805
f 2486/2130/1795 2498/2142/1807 2497/2141/1806
f 2487/2132/1797 2499/2144/1809 2498/2142/1807
f 2488/2143/1808 2500/2155/1820 2499/2144/1809
f 2501/2145/1810 2500/2155/1820 2488/2143/1808
f 2502/2146/1811 2501/2145/1810 2489/2133/1798
f 2503/2147/1812 2502/2146/1811 2490/2134/1799
f 2504/2148/1813 2503/2147/1812 2491/2135/1800
f 2505/2149/1814 2504/2148/1813 2492/2136/1801
f 2506/2150/1815 2505/2149/1814 2493/2137/1802
f 2496/2140/1805 2508/2152/1817 2507/2151/1816
f 2497/2141/1806 2509/2153/1818 2508/2152/1817
f 2498/2142/1807 2510/2154/1819 2509/2153/1818
f 2499/2144/1809 2511/2156/1821 2510/2154/1819
f 2500/2155/1820 2512/2167/1832 2511/2156/1821
f 2513/2157/1822 2512/2167/1832 2500/2155/1820
f 2514/2158/1823 2513/2157/1822 2501/2145/1810
f 2515/2159/1824 2514/2158/1823 2502/2146/1811
f 2516/2160/1825 2515/2159/1824 2503/2147/1812
f 2517/2161/1826 2516/2160/1825 2504/2148/1813
f 2518/2162/1827 2517/2161/1826 2505/2149/1814
f 2508/2152/1817 2520/2164/1829 2519/2163/1828
f 2509/2153/1818 2521/2165/1830 2520/2164/1829
f 2510/2154/1819 2522/2166/1831 2521/2165/1830
f 2511/2156/1821 2523/2168/1833 2522/2166/1831
f 2512/2167/1832 2524/2179/1844 2523/2168/1833
f 2525/2169/1834 2524/2179/1844 2512/2167/1832
f 2526/2170/1835 2525/2169/1834 2513/2157/1822
f 2527/2171/1836 2526/2170/1835 2514/2158/1823
f 2528/2172/1837 2527/2171/1836 2515/2159/1824
f 2529/2173/1838 2528/2172/1837 2516/2160/1825
f 2530/2174/1839 2529/2173/1838 2517/2161/1826
f 2520/2164/1829 2532/2176/1841 2531/2175/1840
f 2521/2165/1830 2533/2177/1842 2532/2176/1841
f 2522/2166/1831 2534/2178/1843 2533/2177/1842
f 2523/2168/1833 2535/2180/1845 2534/2178/1843
f 2524/2179/1844 2536/2191/1856 2535/2180/1845
f 2537/2181/1846 2536/2191/1856 2524/2179/1844
f 2538/2182/1847 2537/2181/1846 2525/2169/1834
f 2539/2183/1848 2538/2182/1847 2526/2170/1835
f 2540/2184/1849 2539/2183/1848 2527/2171/1836
f 2541/2185/1850 2540/2184/1849 2528/2172/1837
f 2542/2186/1851 2541/2185/1850 2529/2173/1838
f 2532/2176/1841 2544/2188/1853 2543/2187/1852
f 2533/2177/1842 2545/2189/1854 2544/2188/1853
f 2534/2178/1843 2546/2190/1855 2545/2189/1854
f 2535/2180/1845 2547/2192/1857 2546/2190/1855
f 2536/2191/1856 2548/2203/1868 2547/2192/1857
f 2549/2193/1858 2548/2203/1868 2536/2191/1856
f 2550/2194/1859 2549/2193/1858 2537/2181/1846
f 2551/2195/1860 2550/2194/1859 2538/2182/1847
f 2552/2196/1861 2551/2195/1860 2539/2183/1848
f 2553/2197/1862 2552/2196/1861 2540/2184/1849
f 2554/2198/1863 2553/2197/1862 2541/2185/1850
f 2544/2188/1853 2556/2200/1865 2555/2199/1864
f 2545/2189/1854 2557/2201/1866 2556/2200/1865
f 2546/2190/1855 2558/2202/1867 2557/2201/1866
f 2547/2192/1857 2559/2204/1869 2558/2202/1867
f 2548/2203/1868 2560/2215/1880 2559/2204/1869
f 2561/2205/1870 2560/2215/1880 2548/2203/1868
f 2562/2206/1871 2561/2205/1870 2549/2193/1858
f 2563/2207/1872 2562/2206/1871 2550/2194/1859
f 2564/2208/1873 2563/2207/1872 2551/2195/1860
f 2565/2209/1874 2564/2208/1873 2552/2196/1861
f 2566/2210/1875 2565/2209/1874 2553/2197/1862
f 2556/2200/1865 2568/2212/1877 2567/2211/1876
f 2557/2201/1866 2569/2213/1878 2568/2212/1877
f 2558/2202/1867 2570/2214/1879 2569/2213/1878
f 2559/2204/1869 2571/2216/1881 2570/2214/1879
f 2560/2215/1880 2572/2227/1892 2571/2216/1881
f 2573/2217/1882 2572/2227/1892 2560/2215/1880
f 2574/2218/1883 2573/2217/1882 2561/2205/1870
f 2575/2219/1884 2574/2218/1883 2562/2206/1871
f 2576/2220/1885 2575/2219/1884 2563/2207/1872
f 2577/2221/1886 2576/2220/1885 2564/2208/1873
f 2578/2222/1887 2577/2221/1886 2565/2209/1874
f 2568/2212/1877 2580/2224/1889 2579/2223/1888
f 2569/2213/1878 2581/2225/1890 2580/2224/1889
f 2570/2214/1879 2582/2226/1891 2581/2225/1890
f 2571/2216/1881 2583/2228/1893 2582/2226/1891
f 2572/2227/1892 2584/2239/1904 2583/2228/1893
f 2585/2229/1894 2584/2239/1904 2572/2227/1892
f 2586/2230/1895 2585/2229/1894 2573/2217/1882
f 2587/2231/1896 2586/2230/1895 2574/2218/1883
f 2588/2232/1897 2587/2231/1896 2575/2219/1884
f 2589/2233/1898 2588/2232/1897 2576/2220/1885
f 2590/2234/1899 2589/2233/1898 2577/2221/1886
f 2580/2224/1889 2592/2236/1901 2591/2235/1900
f 2581/2225/1890 2593/2237/1902 2592/2236/1901
f 2582/2226/1891 2594/2238/1903 2593/2237/1902
f 2583/2228/1893 2595/2240/1905 2594/2238/1903
f 2584/2239/1904 2596/2252/1917 2595/2240/1905
f 2597/2241/1906 2596/2252/1917 2584/2239/1904
f 2598/2242/1907 2597/2241/1906 2585/2229/1894
f 2599/2243/1908 2598/2242/1907 2586/2230/1895
f 2600/2244/1909 2599/2243/1908 2587/2231/1896
f 2601/2245/1910 2600/2244/1909 2588/2232/1897
f 2602/2246/1911 2601/2245/1910 2589/2233/1898
f 2604/2247/1912 2603/2259/1924 2591/2235/1900
f 2605/2248/1913 2604/2247/1912 2592/2236/1901
f 2606/2249/1914 2605/2248/1913 2593/2237/1902
f 2607/2250/1915 2606/2249/1914 2594/2238/1903
f 2608/2251/1916 2607/2250/1915 2595/2240/1905
f 2609/2253/1918 2608/2251/1916 2596/2252/1917
f 2598/2242/1907 2610/2254/1919 2609/2253/1918
f 2599/2243/1908 2611/2255/1920 2610/2254/1919
f 2600/2244/1909 2612/2256/1921 2611/2255/1920
f 2601/2245/1910 2613/2257/1922 2612/2256/1921
f 2602/2246/1911 2614/2268/1933 2613/2257/1922
f 2616/2258/1923 2615/2271/1936 2603/2259/1924
f 2617/2260/1925 2616/2258/1923 2604/2247/1912
f 2618/2261/1926 2617/2260/1925 2605/2248/1913
f 2619/2262/1927 2618/2261/1926 2606/2249/1914
f 2620/2263/1928 2619/2262/1927 2607/2250/1915
f 2621/2264/1929 2620/2263/1928 2608/2251/1916
f 2610/2254/1919 2622/2265/1930 2621/2264/1929
f 2611/2255/1920 2623/2266/1931 2622/2265/1930
f 2612/2256/1921 2624/2267/1932 2623/2266/1931
f 2613/2257/1922 2625/2269/1934 2624/2267/1932
f 2614/2268/1933 2626/2280/1945 2625/2269/1934
f 2628/2270/1935 2627/2283/1948 2615/2271/1936
f 2629/2272/1937 2628/2270/1935 2616/2258/1923
f 2630/2273/1938 2629/2272/1937 2617/2260/1925
f 2631/2274/1939 2630/2273/1938 2618/2261/1926
f 2632/2275/1940 2631/2274/1939 2619/2262/1927
f 2633/2276/1941 2632/2275/1940 2620/2263/1928
f 2622/2265/1930 2634/2277/1942 2633/2276/1941
f 2623/2266/1931 2635/2278/1943 2634/2277/1942
f 2624/2267/1932 2636/2279/1944 2635/2278/1943
f 2625/2269/1934 2637/2281/1946 2636/2279/1944
f 2626/2280/1945 2638/2292/1957 2637/2281/1946
f 2640/2282/1947 2639/2295/1960 2627/2283/1948
f 2641/2284/1949 2640/2282/1947 2628/2270/1935
f 2642/2285/1950 2641/2284/1949 2629/2272/1937
f 2643/2286/1951 2642/2285/1950 2630/2273/1938
f 2644/2287/1952 2643/2286/1951 2631/2274/1939
f 2645/2288/1953 2644/2287/1952 2632/2275/1940
f 2634/2277/1942 2646/2289/1954 2645/2288/1953
f 2635/2278/1943 2647/2290/1955 2646/2289/1954
f 2636/2279/1944 2648/2291/1956 2647/2290/1955
f 2637/2281/1946 2649/2293/1958 2648/2291/1956
f 2638/2292/1957 2650/2304/1969 2649/2293/1958
f 2652/2294/1959 2651/2307/1972 2639/2295/1960
f 2653/2296/1961 2652/2294/1959 2640/2282/1947
f 2654/2297/1962 2653/2296/1961 2641/2284/1949
f 2655/2298/1963 2654/2297/1962 2642/2285/1950
f 2656/2299/1964 2655/2298/1963 2643/2286/1951
f 2657/2300/1965 2656/2299/1964 2644/2287/1952
f 2646/2289/1954 2658/2301/1966 2657/2300/1965
f 2647/2290/1955 2659/2302/1967 2658/2301/1966
f 2648/2291/1956 2660/2303/1968 2659/2302/1967
f 2649/2293/1958 2661/2305/1970 2660/2303/1968
f 2650/2304/1969 2662/2316/1981 2661/2305/1970
f 2664/2306/1971 2663/2319/1984 2651/2307/1972
f 2665/2308/1973 2664/2306/1971 2652/2294/1959
f 2666/2309/1974 2665/2308/1973 2653/2296/1961
f 2667/2310/1975 2666/2309/1974 2654/2297/1962
f 2668/2311/1976 2667/2310/1975 2655/2298/1963
f 2669/2312/1977 2668/2311/1976 2656/2299/1964
f 2658/2301/1966 2670/2313/1978 2669/2312/1977
f 2659/2302/1967 2671/2314/1979 2670/2313/1978
f 2660/2303/1968 2672/2315/1980 2671/2314/1979
f 2661/2305/1970 2673/2317/1982 2672/2315/1980
f 2662/2316/1981 2674/2328/1993 2673/2317/1982
f 2676/2318/1983 2675/2331/1996 2663/2319/1984
f 2677/2320/1985 2676/2318/1983 2664/2306/1971
f 2678/2321/1986 2677/2320/1985 2665/2308/1973
f 2679/2322/1987 2678/2321/1986 2666/2309/1974
f 2680/2323/1988 2679/2322/1987 2667/2310/1975
f 2681/2324/1989 2680/2323/1988 2668/2311/1976
f 2670/2313/1978 2682/2325/1990 2681/2324/1989
f 2671/2314/1979 2683/2326/1991 2682/2325/1990
f 2672/2315/1980 2684/2327/1992 2683/2326/1991
f 2673/2317/1982 2685/2329/1994 2684/2327/1992
f 2674/2328/1993 2686/2340/2005 2685/2329/1994
f 2688/2330/1995 2687/2343/2008 2675/2331/1996
f 2689/2332/1997 2688/2330/1995 2676/2318/1983
f 2690/2333/1998 2689/2332/1997 2677/2320/1985
f 2691/2334/1999 2690/2333/1998 2678/2321/1986
f 2692/2335/2000 2691/2334/1999 2679/2322/1987
f 2693/2336/2001 2692/2335/2000 2680/2323/1988
f 2682/2325/1990 2694/2337/2002 2693/2336/2001
f 2683/2326/1991 2695/2338/2003 2694/2337/2002
f 2684/2327/1992 2696/2339/2004 2695/2338/2003
f 2685/2329/1994 2697/2341/2006 2696/2339/2004
f 2686/2340/2005 2698/2352/2017 2697/2341/2006
f 2700/2342/2007 2699/2355/2020 2687/2343/2008
f 2701/2344/2009 2700/2342/2007 2688/2330/1995
f 2702/2345/2010 2701/2344/2009 2689/2332/1997
f 2703/2346/2011 2702/2345/2010 2690/2333/1998
f 2704/2347/2012 2703/2346/2011 2691/2334/1999
f 2705/2348/2013 2704/2347/2012 2692/2335/2000
f 2694/2337/2002 2706/2349/2014 2705/2348/2013
f 2695/2338/2003 2707/2350/2015 2706/2349/2014
f 2696/2339/2004 2708/2351/2016 2707/2350/2015
f 2697/2341/2006 2709/2353/2018 2708/2351/2016
f 2698/2352/2017 2710/2364/2029 2709/2353/2018
f 2712/2354/2019 2711/2367/2032 2699/2355/2020
f 2713/2356/2021 2712/2354/2019 2700/2342/2007
f 2714/2357/2022 2713/2356/2021 2701/2344/2009
f 2715/2358/2023 2714/2357/2022 2702/2345/2010
f 2716/2359/2024 2715/2358/2023 2703/2346/2011
f 2717/2360/2025 2716/2359/2024 2704/2347/2012
f 2706/2349/2014 2718/2361/2026 2717/2360/2025
f 2707/2350/2015 2719/2362/2027 2718/2361/2026
f 2708/2351/2016 2720/2363/2028 2719/2362/2027
f 2709/2353/2018 2721/2365/2030 2720/2363/2028
f 2710/2364/2029 2722/2376/2041 2721/2365/2030
f 2724/2366/2031 2723/2379/2044 2711/2367/2032
f 2725/2368/2033 2724/2366/2031 2712/2354/2019
f 2726/2369/2034 2725/2368/2033 2713/2356/2021
f 2727/2370/2035 2726/2369/2034 2714/2357/2022
f 2728/2371/2036 2727/2370/2035 2715/2358/2023
f 2729/2372/2037 2728/2371/2036 2716/2359/2024
f 2718/2361/2026 2730/2373/2038 2729/2372/2037
f 2719/2362/2027 2731/2374/2039 2730/2373/2038
f 2720/2363/2028 2732/2375/2040 2731/2374/2039
f 2721/2365/2030 2733/2377/2042 2732/2375/2040
f 2722/2376/2041 2734/2390/2055 2733/2377/2042
f 2724/2366/2031 2736/2380/2045 2735/2378/2043
f 2725/2368/2033 2737/2381/2046 2736/2380/2045
f 2726/2369/2034 2738/2382/2047 2737/2381/2046
f 2727/2370/2035 2739/2383/2048 2738/2382/2047
f 2728/2371/2036 2740/2395/2060 2739/2383/2048
f 2741/2384/2049 2740/2395/2060 2728/2371/2036
f 2742/2385/2050 2741/2384/2049 2729/2372/2037
f 2743/2386/2051 2742/2385/2050 2730/2373/2038
f 2744/2387/2052 2743/2386/2051 2731/2374/2039
f 2745/2388/2053 2744/2387/2052 2732/2375/2040
f 2746/2389/2054 2745/2388/2053 2733/2377/2042
f 2736/2380/2045 2748/2392/2057 2747/2391/2056
f 2737/2381/2046 2749/2393/2058 2748/2392/2057
f 2738/2382/2047 2750/2394/2059 2749/2393/2058
f 2739/2383/2048 2751/2396/2061 2750/2394/2059
f 2740/2395/2060 2752/2407/2072 2751/2396/2061
f 2753/2397/2062 2752/2407/2072 2740/2395/2060
f 2754/2398/2063 2753/2397/2062 2741/2384/2049
f 2755/2399/2064 2754/2398/2063 2742/2385/2050
f 2756/2400/2065 2755/2399/2064 2743/2386/2051
f 2757/2401/2066 2756/2400/2065 2744/2387/2052
f 2758/2402/2067 2757/2401/2066 2745/2388/2053
f 2748/2392/2057 2760/2404/2069 2759/2403/2068
f 2749/2393/2058 2761/2405/2070 2760/2404/2069
f 2750/2394/2059 2762/2406/2071 2761/2405/2070
f 2751/2396/2061 2763/2408/2073 2762/2406/2071
f 2752/2407/2072 2764/2419/2084 2763/2408/2073
f 2765/2409/2074 2764/2419/2084 2752/2407/2072
f 2766/2410/2075 2765/2409/2074 2753/2397/2062
f 2767/2411/2076 2766/2410/2075 2754/2398/2063
f 2768/2412/2077 2767/2411/2076 2755/2399/2064
f 2769/2413/2078 2768/2412/2077 2756/2400/2065
f 2770/2414/2079 2769/2413/2078 2757/2401/2066
f 2760/2404/2069 2772/2416/2081 2771/2415/2080
f 2761/2405/2070 2773/2417/2082 2772/2416/2081
f 2762/2406/2071 2774/2418/2083 2773/2417/2082
f 2763/2408/2073 2775/2420/2085 2774/2418/2083
f 2764/2419/2084 2776/2431/2096 2775/2420/2085
f 2777/2421/2086 2776/2431/2096 2764/2419/2084
f 2778/2422/2087 2777/2421/2086 2765/2409/2074
f 2779/2423/2088 2778/2422/2087 2766/2410/2075
f 2780/2424/2089 2779/2423/2088 2767/2411/2076
f 2781/2425/2090 2780/2424/2089 2768/2412/2077
f 2782/2426/2091 2781/2425/2090 2769/2413/2078
f 2772/2416/2081 2784/2428/2093 2783/2427/2092
f 2773/2417/2082 2785/2429/2094 2784/2428/2093
f 2774/2418/2083 2786/2430/2095 2785/2429/2094
f 2775/2420/2085 2787/2432/2097 2786/2430/2095
f 2776/2431/2096 2788/2443/2108 2787/2432/2097
f 2789/2433/2098 2788/2443/2108 2776/2431/2096
f 2790/2434/2099 2789/2433/2098 2777/2421/2086
f 2791/2435/2100 2790/2434/2099 2778/2422/2087
f 2792/2436/2101 2791/2435/2100 2779/2423/2088
f 2793/2437/2102 2792/2436/2101 2780/2424/2089
f 2794/2438/2103 2793/2437/2102 2781/2425/2090
f 2784/2428/2093 2796/2440/2105 2795/2439/2104
f 2785/2429/2094 2797/2441/2106 2796/2440/2105
f 2786/2430/2095 2798/2442/2107 2797/2441/2106
f 2787/2432/2097 2799/2444/2109 2798/2442/2107
f 2788/2443/2108 2800/2455/2120 2799/2444/2109
f 2801/2445/2110 2800/2455/2120 2788/2443/2108
f 2802/2446/2111 2801/2445/2110 2789/2433/2098
f 2803/2447/2112 2802/2446/2111 2790/2434/2099
f 2804/2448/2113 2803/2447/2112 2791/2435/2100
f 2805/2449/2114 2804/2448/2113 2792/2436/2101
f 2806/2450/2115 2805/2449/2114 2793/2437/2102
f 2796/2440/2105 2808/2452/2117 2807/2451/2116
f 2797/2441/2106 2809/2453/2118 2808/2452/2117
f 2798/2442/2107 2810/2454/2119 2809/2453/2118
f 2799/2444/2109 2811/2456/2121 2810/2454/2119
f 2800/2455/2120 2812/2467/2132 2811/2456/2121
f 2813/2457/2122 2812/2467/2132 2800/2455/2120
f 2814/2458/2123 2813/2457/2122 2801/2445/2110
f 2815/2459/2124 2814/2458/2123 2802/2446/2111
f 2816/2460/2125 2815/2459/2124 2803/2447/2112
f 2817/2461/2126 2816/2460/2125 2804/2448/2113
f 2818/2462/2127 2817/2461/2126 2805/2449/2114
f 2808/2452/2117 2820/2464/2129 2819/2463/2128
f 2809/2453/2118 2821/2465/2130 2820/2464/2129
f 2810/2454/2119 2822/2466/2131 2821/2465/2130
f 2811/2456/2121 2823/2468/2133 2822/2466/2131
f 2812/2467/2132 2824/2479/2144 2823/2468/2133
f 2825/2469/2134 2824/2479/2144 2812/2467/2132
f 2826/2470/2135 2825/2469/2134 2813/2457/2122
f 2827/2471/2136 2826/2470/2135 2814/2458/2123
f 2828/2472/2137 2827/2471/2136 2815/2459/2124
f 2829/2473/2138 2828/2472/2137 2816/2460/2125
f 2830/2474/2139 2829/2473/2138 2817/2461/2126
f 2820/2464/2129 2832/2476/2141 2831/2475/2140
f 2821/2465/2130 2833/2477/2142 2832/2476/2141
f 2822/2466/2131 2834/2478/2143 2833/2477/2142
f 2823/2468/2133 2835/2480/2145 2834/2478/2143
f 2824/2479/2144 2836/2491/2156 2835/2480/2145
f 2837/2481/2146 2836/2491/2156 2824/2479/2144
f 2838/2482/2147 2837/2481/2146 2825/2469/2134
f 2839/2483/2148 2838/2482/2147 2826/2470/2135
f 2840/2484/2149 2839/2483/2148 2827/2471/2136
f 2841/2485/2150 2840/2484/2149 2828/2472/2137
f 2842/2486/2151 2841/2485/2150 2829/2473/2138
f 2832/2476/2141 2844/2488/2153 2843/2487/2152
f 2833/2477/2142 2845/2489/2154 2844/2488/2153
f 2834/2478/2143 2846/2490/2155 2845/2489/2154
f 2835/2480/2145 2847/2492/2157 2846/2490/2155
f 2836/2491/2156 2848/2503/2168 2847/2492/2157
f 2849/2493/2158 2848/2503/2168 2836/2491/2156
f 2850/2494/2159 2849/2493/2158 2837/2481/2146
f 2851/2495/2160 2850/2494/2159 2838/2482/2147
f 2852/2496/2161 2851/2495/2160 2839/2483/2148
f 2853/2497/2162 2852/2496/2161 2840/2484/2149
f 2854/2498/2163 2853/2497/2162 2841/2485/2150
f 2844/2488/2153 2856/2500/2165 2855/2499/2164
f 2845/2489/2154 2857/2501/2166 2856/2500/2165
f 2846/2490/2155 2858/2502/2167 2857/2501/2166
f 2847/2492/2157 2859/2504/2169 2858/2502/2167
f 2848/2503/2168 2860/2515/2180 2859/2504/2169
f 2861/2505/2170 2860/2515/2180 2848/2503/2168
f 2862/2506/2171 2861/2505/2170 2849/2493/2158
f 2863/2507/2172 2862/2506/2171 2850/2494/2159
f 2864/2508/2173 2863/2507/2172 2851/2495/2160
f 2865/2509/2174 2864/2508/2173 2852/2496/2161
f 2866/2510/2175 2865/2509/2174 2853/2497/2162
f 2856/2500/2165 2868/2512/2177 2867/2511/2176
f 2857/2501/2166 2869/2513/2178 2868/2512/2177
f 2858/2502/2167 2870/2514/2179 2869/2513/2178
f 2859/2504/2169 2871/2516/2181 2870/2514/2179
f 2860/2515/2180 2872/2528/2193 2871/2516/2181
f 2873/2517/2182 2872/2528/2193 2860/2515/2180
f 2874/2518/2183 2873/2517/2182 2861/2505/2170
f 2875/2519/2184 2874/2518/2183 2862/2506/2171
f 2876/2520/2185 2875/2519/2184 2863/2507/2172
f 2877/2521/2186 2876/2520/2185 2864/2508/2173
f 2878/2522/2187 2877/2521/2186 2865/2509/2174
f 2880/2523/2188 2879/2535/2200 2867/2511/2176
f 2881/2524/2189 2880/2523/2188 2868/2512/2177
f 2882/2525/2190 2881/2524/2189 2869/2513/2178
f 2883/2526/2191 2882/2525/2190 2870/2514/2179
f 2884/2527/2192 2883/2526/2191 2871/2516/2181
f 2885/2529/2194 2884/2527/2192 2872/2528/2193
f 2874/2518/2183 2886/2530/2195 2885/2529/2194
f 2875/2519/2184 2887/2531/2196 2886/2530/2195
f 2876/2520/2185 2888/2532/2197 2887/2531/2196
f 2877/2521/2186 2889/2533/2198 2888/2532/2197
f 2878/2522/2187 2890/2546/2211 2889/2533/2198
f 2880/2523/2188 2892/2536/2201 2891/2534/2199
f 2881/2524/2189 2893/2537/2202 2892/2536/2201
f 2882/2525/2190 2894/2538/2203 2893/2537/2202
f 2883/2526/2191 2895/2539/2204 2894/2538/2203
f 2884/2527/2192 2896/2552/2217 2895/2539/2204
f 2897/2540/2205 2896/2552/2217 2884/2527/2192
f 2898/2541/2206 2897/2540/2205 2885/2529/2194
f 2899/2542/2207 2898/2541/2206 2886/2530/2195
f 2900/2543/2208 2899/2542/2207 2887/2531/2196
f 2901/2544/2209 2900/2543/2208 2888/2532/2197
f 2902/2545/2210 2901/2544/2209 2889/2533/2198
f 2904/2547/2212 2903/2559/2224 2891/2534/2199
f 2905/2548/2213 2904/2547/2212 2892/2536/2201
f 2906/2549/2214 2905/2548/2213 2893/2537/2202
f 2907/2550/2215 2906/2549/2214 2894/2538/2203
f 2908/2551/2216 2907/2550/2215 2895/2539/2204
f 2909/2553/2218 2908/2551/2216 2896/2552/2217
f 2898/2541/2206 2910/2554/2219 2909/2553/2218
f 2899/2542/2207 2911/2555/2220 2910/2554/2219
f 2900/2543/2208 2912/2556/2221 2911/2555/2220
f 2901/2544/2209 2913/2557/2222 2912/2556/2221
f 2902/2545/2210 2914/2570/2235 2913/2557/2222
f 2904/2547/2212 2916/2560/2225 2915/2558/2223
f 2905/2548/2213 2917/2561/2226 2916/2560/2225
f 2906/2549/2214 2918/2562/2227 2917/2561/2226
f 2907/2550/2215 2919/2563/2228 2918/2562/2227
f 2908/2551/2216 2920/2576/2241 2919/2563/2228
f 2921/2564/2229 2920/2576/2241 2908/2551/2216
f 2922/2565/2230 2921/2564/2229 2909/2553/2218
f 2923/2566/2231 2922/2565/2230 2910/2554/2219
f 2924/2567/2232 2923/2566/2231 2911/2555/2220
f 2925/2568/2233 2924/2567/2232 2912/2556/2221
f 2926/2569/2234 2925/2568/2233 2913/2557/2222
f 2928/2571/2236 2927/2583/2248 2915/2558/2223
f 2929/2572/2237 2928/2571/2236 2916/2560/2225
f 2930/2573/2238 2929/2572/2237 2917/2561/2226
f 2931/2574/2239 2930/2573/2238 2918/2562/2227
f 2932/2575/2240 2931/2574/2239 2919/2563/2228
f 2933/2577/2242 2932/2575/2240 2920/2576/2241
f 2922/2565/2230 2934/2578/2243 2933/2577/2242
f 2923/2566/2231 2935/2579/2244 2934/2578/2243
f 2924/2567/2232 2936/2580/2245 2935/2579/2244
f 2925/2568/2233 2937/2581/2246 2936/2580/2245
f 2926/2569/2234 2938/2594/2259 2937/2581/2246
f 2928/2571/2236 2940/2584/2249 2939/2582/2247
f 2929/2572/2237 2941/2585/2250 2940/2584/2249
f 2930/2573/2238 2942/2586/2251 2941/2585/2250
f 2931/2574/2239 2943/2587/2252 2942/2586/2251
f 2932/2575/2240 2944/2599/2264 2943/2587/2252
f 2945/2588/2253 2944/2599/2264 2932/2575/2240
f 2946/2589/2254 2945/2588/2253 2933/2577/2242
f 2947/2590/2255 2946/2589/2254 2934/2578/2243
f 2948/2591/2256 2947/2590/2255 2935/2579/2244
f 2949/2592/2257 2948/2591/2256 2936/2580/2245
f 2950/2593/2258 2949/2592/2257 2937/2581/2246
f 2940/2584/2249 2952/2596/2261 2951/2595/2260
f 2941/2585/2250 2953/2597/2262 2952/2596/2261
f 2942/2586/2251 2954/2598/2263 2953/2597/2262
f 2943/2587/2252 2955/2600/2265 2954/2598/2263
f 2944/2599/2264 2956/2611/2276 2955/2600/2265
f 2957/2601/2266 2956/2611/2276 2944/2599/2264
f 2958/2602/2267 2957/2601/2266 2945/2588/2253
f 2959/2603/2268 2958/2602/2267 2946/2589/2254
f 2960/2604/2269 2959/2603/2268 2947/2590/2255
f 2961/2605/2270 2960/2604/2269 2948/2591/2256
f 2962/2606/2271 2961/2605/2270 2949/2592/2257
f 2952/2596/2261 2964/2608/2273 2963/2607/2272
f 2953/2597/2262 2965/2609/2274 2964/2608/2273
f 2954/2598/2263 2966/2610/2275 2965/2609/2274
f 2955/2600/2265 2967/2612/2277 2966/2610/2275
f 2956/2611/2276 2968/2623/2288 2967/2612/2277
f 2969/2613/2278 2968/2623/2288 2956/2611/2276
f 2970/2614/2279 2969/2613/2278 2957/2601/2266
f 2971/2615/2280 2970/2614/2279 2958/2602/2267
f 2972/2616/2281 2971/2615/2280 2959/2603/2268
f 2973/2617/2282 2972/2616/2281 2960/2604/2269
f 2974/2618/2283 2973/2617/2282 2961/2605/2270
f 2964/2608/2273 2976/2620/2285 2975/2619/2284
f 2965/2609/2274 2977/2621/2286 2976/2620/2285
f 2966/2610/2275 2978/2622/2287 2977/2621/2286
f 2967/2612/2277 2979/2624/2289 2978/2622/2287
f 2968/2623/2288 2980/2635/2300 2979/2624/2289
f 2981/2625/2290 2980/2635/2300 2968/2623/2288
f 2982/2626/2291 2981/2625/2290 2969/2613/2278
f 2983/2627/2292 2982/2626/2291 2970/2614/2279
f 2984/2628/2293 2983/2627/2292 2971/2615/2280
f 2985/2629/2294 2984/2628/2293 2972/2616/2281
f 2986/2630/2295 2985/2629/2294 2973/2617/2282
f 2976/2620/2285 2988/2632/2297 2987/2631/2296
f 2977/2621/2286 2989/2633/2298 2988/2632/2297
f 2978/2622/2287 2990/2634/2299 2989/2633/2298
f 2979/2624/2289 2991/2636/2301 2990/2634/2299
f 2980/2635/2300 2992/2647/2312 2991/2636/2301
f 2993/2637/2302 2992/2647/2312 2980/2635/2300
f 2994/2638/2303 2993/2637/2302 2981/2625/2290
f 2995/2639/2304 2994/2638/2303 2982/2626/2291
f 2996/2640/2305 2995/2639/2304 2983/2627/2292
f 2997/2641/2306 2996/2640/2305 2984/2628/2293
f 2998/2642/2307 2997/2641/2306 2985/2629/2294
f 2988/2632/2297 3000/2644/2309 2999/2643/2308
f 2989/2633/2298 3001/2645/2310 3000/2644/2309
f 2990/2634/2299 3002/2646/2311 3001/2645/2310
f 2991/2636/2301 3003/2648/2313 3002/2646/2311
f 2992/2647/2312 3004/2659/2324 3003/2648/2313
f 3005/2649/2314 3004/2659/2324 2992/2647/2312
f 3006/2650/2315 3005/2649/2314 2993/2637/2302
f 3007/2651/2316 3006/2650/2315 2994/2638/2303
f 3008/2652/2317 3007/2651/2316 2995/2639/2304
f 3009/2653/2318 3008/2652/2317 2996/2640/2305
f 3010/2654/2319 3009/2653/2318 2997/2641/2306
f 3000/2644/2309 3012/2656/2321 3011/2655/2320
f 3001/2645/2310 3013/2657/2322 3012/2656/2321
f 3002/2646/2311 3014/2658/2323 3013/2657/2322
f 3003/2648/2313 3015/2660/2325 3014/2658/2323
f 3004/2659/2324 3016/2671/2336 3015/2660/2325
f 3017/2661/2326 3016/2671/2336 3004/2659/2324
f 3018/2662/2327 3017/2661/2326 3005/2649/2314
f 3019/2663/2328 3018/2662/2327 3006/2650/2315
f 3020/2664/2329 3019/2663/2328 3007/2651/2316
f 3021/2665/2330 3020/2664/2329 3008/2652/2317
f 3022/2666/2331 3021/2665/2330 3009/2653/2318
f 3012/2656/2321 3024/2668/2333 3023/2667/2332
f 3013/2657/2322 3025/2669/2334 3024/2668/2333
f 3014/2658/2323 3026/2670/2335 3025/2669/2334
f 3015/2660/2325 3027/2672/2337 3026/2670/2335
f 3016/2671/2336 3028/2683/2348 3027/2672/2337
f 3029/2673/2338 3028/2683/2348 3016/2671/2336
f 3030/2674/2339 3029/2673/2338 3017/2661/2326
f 3031/2675/2340 3030/2674/2339 3018/2662/2327
f 3032/2676/2341 3031/2675/2340 3019/2663/2328
f 3033/2677/2342 3032/2676/2341 3020/2664/2329
f 3034/2678/2343 3033/2677/2342 3021/2665/2330
f 3024/2668/2333 3036/2680/2345 3035/2679/2344
f 3025/2669/2334 3037/2681/2346 3036/2680/2345
f 3026/2670/2335 3038/2682/2347 3037/2681/2346
f 3027/2672/2337 3039/2684/2349 3038/2682/2347
f 3028/2683/2348 3040/2695/2360 3039/2684/2349
f 3041/2685/2350 3040/2695/2360 3028/2683/2348
f 3042/2686/2351 3041/2685/2350 3029/2673/2338
f 3043/2687/2352 3042/2686/2351 3030/2674/2339
f 3044/2688/2353 3043/2687/2352 3031/2675/2340
f 3045/2689/2354 3044/2688/2353 3032/2676/2341
f 3046/2690/2355 3045/2689/2354 3033/2677/2342
f 3036/2680/2345 3048/2692/2357 3047/2691/2356
f 3037/2681/2346 3049/2693/2358 3048/2692/2357
f 3038/2682/2347 3050/2694/2359 3049/2693/2358
f 3039/2684/2349 3051/2696/2361 3050/2694/2359
f 3040/2695/2360 3052/2707/2372 3051/2696/2361
f 3053/2697/2362 3052/2707/2372 3040/2695/2360
f 3054/2698/2363 3053/2697/2362 3041/2685/2350
f 3055/2699/2364 3054/2698/2363 3042/2686/2351
f 3056/2700/2365 3055/2699/2364 3043/2687/2352
f 3057/2701/2366 3056/2700/2365 3044/2688/2353
f 3058/2702/2367 3057/2701/2366 3045/2689/2354
f 3048/2692/2357 3060/2704/2369 3059/2703/2368
f 3049/2693/2358 3061/2705/2370 3060/2704/2369
f 3050/2694/2359 3062/2706/2371 3061/2705/2370
f 3051/2696/2361 3063/2708/2373 3062/2706/2371
f 3052/2707/2372 3064/2720/2385 3063/2708/2373
f 3065/2709/2374 3064/2720/2385 3052/2707/2372
f 3066/2710/2375 3065/2709/2374 3053/2697/2362
f 3067/2711/2376 3066/2710/2375 3054/2698/2363
f 3068/2712/2377 3067/2711/2376 3055/2699/2364
f 3069/2713/2378 3068/2712/2377 3056/2700/2365
f 3070/2714/2379 3069/2713/2378 3057/2701/2366
f 3072/2715/2380 3071/2727/2392 3059/2703/2368
f 3073/2716/2381 3072/2715/2380 3060/2704/2369
f 3074/2717/2382 3073/2716/2381 3061/2705/2370
f 3075/2718/2383 3074/2717/2382 3062/2706/2371
f 3076/2719/2384 3075/2718/2383 3063/2708/2373
f 3077/2721/2386 3076/2719/2384 3064/2720/2385
f 3066/2710/2375 3078/2722/2387 3077/2721/2386
f 3067/2711/2376 3079/2723/2388 3078/2722/2387
f 3068/2712/2377 3080/2724/2389 3079/2723/2388
f 3069/2713/2378 3081/2725/2390 3080/2724/2389
f 3070/2714/2379 3082/2736/2401 3081/2725/2390
f 3084/2726/2391 3083/2739/2404 3071/2727/2392
f 3085/2728/2393 3084/2726/2391 3072/2715/2380
f 3086/2729/2394 3085/2728/2393 3073/2716/2381
f 3087/2730/2395 3086/2729/2394 3074/2717/2382
f 3088/2731/2396 3087/2730/2395 3075/2718/2383
f 3089/2732/2397 3088/2731/2396 3076/2719/2384
f 3078/2722/2387 3090/2733/2398 3089/2732/2397
f 3079/2723/2388 3091/2734/2399 3090/2733/2398
f 3080/2724/2389 3092/2735/2400 3091/2734/2399
f 3081/2725/2390 3093/2737/2402 3092/2735/2400
f 3082/2736/2401 3094/2750/2415 3093/2737/2402
f 3084/2726/2391 3096/2740/2405 3095/2738/2403
f 3085/2728/2393 3097/2741/2406 3096/2740/2405
f 3086/2729/2394 3098/2742/2407 3097/2741/2406
f 3087/2730/2395 3099/2743/2408 3098/2742/2407
f 3088/2731/2396 3100/2756/2421 3099/2743/2408
f 3101/2744/2409 3100/2756/2421 3088/2731/2396
f 3102/2745/2410 3101/2744/2409 3089/2732/2397
f 3103/2746/2411 3102/2745/2410 3090/2733/2398
f 3104/2747/2412 3103/2746/2411 3091/2734/2399
f 3105/2748/2413 3104/2747/2412 3092/2735/2400
f 3106/2749/2414 3105/2748/2413 3093/2737/2402
f 3108/2751/2416 3107/2763/2428 3095/2738/2403
f 3109/2752/2417 3108/2751/2416 3096/2740/2405
f 3110/2753/2418 3109/2752/2417 3097/2741/2406
f 3111/2754/2419 3110/2753/2418 3098/2742/2407
f 3112/2755/2420 3111/2754/2419 3099/2743/2408
f 3113/2757/2422 3112/2755/2420 3100/2756/2421
f 3102/2745/2410 3114/2758/2423 3113/2757/2422
f 3103/2746/2411 3115/2759/2424 3114/2758/2423
f 3104/2747/2412 3116/2760/2425 3115/2759/2424
f 3105/2748/2413 3117/2761/2426 3116/2760/2425
f 3106/2749/2414 3118/2772/2437 3117/2761/2426
f 3120/2762/2427 3119/2775/2440 3107/2763/2428
f 3121/2764/2429 3120/2762/2427 3108/2751/2416
f 3122/2765/2430 3121/2764/2429 3109/2752/2417
f 3123/2766/2431 3122/2765/2430 3110/2753/2418
f 3124/2767/2432 3123/2766/2431 3111/2754/2419
f 3125/2768/2433 3124/2767/2432 3112/2755/2420
f 3114/2758/2423 3126/2769/2434 3125/2768/2433
f 3115/2759/2424 3127/2770/2435 3126/2769/2434
f 3116/2760/2425 3128/2771/2436 3127/2770/2435
f 3117/2761/2426 3129/2773/2438 3128/2771/2436
f 3118/2772/2437 3130/2784/2449 3129/2773/2438
f 3132/2774/2439 3131/2787/2452 3119/2775/2440
f 3133/2776/2441 3132/2774/2439 3120/2762/2427
f 3134/2777/2442 3133/2776/2441 3121/2764/2429
f 3135/2778/2443 3134/2777/2442 3122/2765/2430
f 3136/2779/2444 3135/2778/2443 3123/2766/2431
f 3137/2780/2445 3136/2779/2444 3124/2767/2432
f 3126/2769/2434 3138/2781/2446 3137/2780/2445
f 3127/2770/2435 3139/2782/2447 3138/2781/2446
f 3128/2771/2436 3140/2783/2448 3139/2782/2447
f 3129/2773/2438 3141/2785/2450 3140/2783/2448
f 3130/2784/2449 3142/2796/2461 3141/2785/2450
f 3144/2786/2451 3143/2799/2464 3131/2787/2452
f 3145/2788/2453 3144/2786/2451 3132/2774/2439
f 3146/2789/2454 3145/2788/2453 3133/2776/2441
f 3147/2790/2455 3146/2789/2454 3134/2777/2442
f 3148/2791/2456 3147/2790/2455 3135/2778/2443
f 3149/2792/2457 3148/2791/2456 3136/2779/2444
f 3138/2781/2446 3150/2793/2458 3149/2792/2457
f 3139/2782/2447 3151/2794/2459 3150/2793/2458
f 3140/2783/2448 3152/2795/2460 3151/2794/2459
f 3141/2785/2450 3153/2797/2462 3152/2795/2460
f 3142/2796/2461 3154/2808/2473 3153/2797/2462
f 3156/2798/2463 3155/2811/2476 3143/2799/2464
f 3157/2800/2465 3156/2798/2463 3144/2786/2451
f 3158/2801/2466 3157/2800/2465 3145/2788/2453
f 3159/2802/2467 3158/2801/2466 3146/2789/2454
f 3160/2803/2468 3159/2802/2467 3147/2790/2455
f 3161/2804/2469 3160/2803/2468 3148/2791/2456
f 3150/2793/2458 3162/2805/2470 3161/2804/2469
f 3151/2794/2459 3163/2806/2471 3162/2805/2470
f 3152/2795/2460 3164/2807/2472 3163/2806/2471
f 3153/2797/2462 3165/2809/2474 3164/2807/2472
f 3154/2808/2473 3166/2820/2485 3165/2809/2474
f 3168/2810/2475 3167/2823/2488 3155/2811/2476
f 3169/2812/2477 3168/2810/2475 3156/2798/2463
f 3170/2813/2478 3169/2812/2477 3157/2800/2465
f 3171/2814/2479 3170/2813/2478 3158/2801/2466
f 3172/2815/2480 3171/2814/2479 3159/2802/2467
f 3173/2816/2481 3172/2815/2480 3160/2803/2468
f 3162/2805/2470 3174/2817/2482 3173/2816/2481
f 3163/2806/2471 3175/2818/2483 3174/2817/2482
f 3164/2807/2472 3176/2819/2484 3175/2818/2483
f 3165/2809/2474 3177/2821/2486 3176/2819/2484
f 3166/2820/2485 3178/2832/2497 3177/2821/2486
f 3180/2822/2487 3179/2835/2500 3167/2823/2488
f 3181/2824/2489 3180/2822/2487 3168/2810/2475
f 3182/2825/2490 3181/2824/2489 3169/2812/2477
f 3183/2826/2491 3182/2825/2490 3170/2813/2478
f 3184/2827/2492 3183/2826/2491 3171/2814/2479
f 3185/2828/2493 3184/2827/2492 3172/2815/2480
f 3174/2817/2482 3186/2829/2494 3185/2828/2493
f 3175/2818/2483 3187/2830/2495 3186/2829/2494
f 3176/2819/2484 3188/2831/2496 3187/2830/2495
f 3177/2821/2486 3189/2833/2498 3188/2831/2496
f 3178/2832/2497 3190/2844/2509 3189/2833/2498
f 3192/2834/2499 3191/2847/2512 3179/2835/2500
f 3193/2836/2501 3192/2834/2499 3180/2822/2487
f 3194/2837/2502 3193/2836/2501 3181/2824/2489
f 3195/2838/2503 3194/2837/2502 3182/2825/2490
f 3196/2839/2504 3195/2838/2503 3183/2826/2491
f 3197/2840/2505 3196/2839/2504 3184/2827/2492
f 3186/2829/2494 3198/2841/2506 3197/2840/2505
f 3187/2830/2495 3199/2842/2507 3198/2841/2506
f 3188/2831/2496 3200/2843/2508 3199/2842/2507
f 3189/2833/2498 3201/2845/2510 3200/2843/2508
f 3190/2844/2509 3202/2856/2521 3201/2845/2510
f 3204/2846/2511 3203/2859/2524 3191/2847/2512
f 3205/2848/2513 3204/2846/2511 3192/2834/2499
f 3206/2849/2514 3205/2848/2513 3193/2836/2501
f 3207/2850/2515 3206/2849/2514 3194/2837/2502
f 3208/2851/2516 3207/2850/2515 3195/2838/2503
f 3209/2852/2517 3208/2851/2516 3196/2839/2504
f 3198/2841/2506 3210/2853/2518 3209/2852/2517
f 3199/2842/2507 3211/2854/2519 3210/2853/2518
f 3200/2843/2508 3212/2855/2520 3211/2854/2519
f 3201/2845/2510 3213/2857/2522 3212/2855/2520
f 3202/2856/2521 3214/2868/2533 3213/2857/2522
f 3216/2858/2523 3215/2871/2536 3203/2859/2524
f 3217/2860/2525 3216/2858/2523 3204/2846/2511
f 3218/2861/2526 3217/2860/2525 3205/2848/2513
f 3219/2862/2527 3218/2861/2526 3206/2849/2514
f 3220/2863/2528 3219/2862/2527 3207/2850/2515
f 3221/2864/2529 3220/2863/2528 3208/2851/2516
f 3210/2853/2518 3222/2865/2530 3221/2864/2529
f 3211/2854/2519 3223/2866/2531 3222/2865/2530
f 3212/2855/2520 3224/2867/2532 3223/2866/2531
f 3213/2857/2522 3225/2869/2534 3224/2867/2532
f 3214/2868/2533 3226/2880/2545 3225/2869/2534
f 3228/2870/2535 3227/2883/2548 3215/2871/2536
f 3229/2872/2537 3228/2870/2535 3216/2858/2523
f 3230/2873/2538 3229/2872/2537 3217/2860/2525
f 3231/2874/2539 3230/2873/2538 3218/2861/2526
f 3232/2875/2540 3231/2874/2539 3219/2862/2527
f 3233/2876/2541 3232/2875/2540 3220/2863/2528
f 3222/2865/2530 3234/2877/2542 3233/2876/2541
f 3223/2866/2531 3235/2878/2543 3234/2877/2542
f 3224/2867/2532 3236/2879/2544 3235/2878/2543
f 3225/2869/2534 3237/2881/2546 3236/2879/2544
f 3226/2880/2545 3238/2894/2559 3237/2881/2546
f 3228/2870/2535 3240/2884/2549 3239/2882/2547
f 3229/2872/2537 3241/2885/2550 3240/2884/2549
f 3230/2873/2538 3242/2886/2551 3241/2885/2550
f 3231/2874/2539 3243/2887/2552 3242/2886/2551
f 3232/2875/2540 3244/2899/2564 3243/2887/2552
f 3245/2888/2553 3244/2899/2564 3232/2875/2540
f 3246/2889/2554 3245/2888/2553 3233/2876/2541
f 3247/2890/2555 3246/2889/2554 3234/2877/2542
f 3248/2891/2556 3247/2890/2555 3235/2878/2543
f 3249/2892/2557 3248/2891/2556 3236/2879/2544
f 3250/2893/2558 3249/2892/2557 3237/2881/2546
f 3240/2884/2549 3252/2896/2561 3251/2895/2560
f 3241/2885/2550 3253/2897/2562 3252/2896/2561
f 3242/2886/2551 3254/2898/2563 3253/2897/2562
f 3243/2887/2552 3255/2900/2565 3254/2898/2563
f 3244/2899/2564 3256/2911/2576 3255/2900/2565
f 3257/2901/2566 3256/2911/2576 3244/2899/2564
f 3258/2902/2567 3257/2901/2566 3245/2888/2553
f 3259/2903/2568 3258/2902/2567 3246/2889/2554
f 3260/2904/2569 3259/2903/2568 3247/2890/2555
f 3261/2905/2570 3260/2904/2569 3248/2891/2556
f 3262/2906/2571 3261/2905/2570 3249/2892/2557
f 3252/2896/2561 3264/2908/2573 3263/2907/2572
f 3253/2897/2562 3265/2909/2574 3264/2908/2573
f 3254/2898/2563 3266/2910/2575 3265/2909/2574
f 3255/2900/2565 3267/2912/2577 3266/2910/2575
f 3256/2911/2576 3268/2923/2588 3267/2912/2577
f 3269/2913/2578 3268/2923/2588 3256/2911/2576
f 3270/2914/2579 3269/2913/2578 3257/2901/2566
f 3271/2915/2580 3270/2914/2579 3258/2902/2567
f 3272/2916/2581 3271/2915/2580 3259/2903/2568
f 3273/2917/2582 3272/2916/2581 3260/2904/2569
f 3274/2918/2583 3273/2917/2582 3261/2905/2570
f 3264/2908/2573 3276/2920/2585 3275/2919/2584
f 3265/2909/2574 3277/2921/2586 3276/2920/2585
f 3266/2910/2575 3278/2922/2587 3277/2921/2586
f 3267/2912/2577 3279/2924/2589 3278/2922/2587
f 3268/2923/2588 3280/2935/2600 3279/2924/2589
f 3281/2925/2590 3280/2935/2600 3268/2923/2588
f 3282/2926/2591 3281/2925/2590 3269/2913/2578
f 3283/2927/2592 3282/2926/2591 3270/2914/2579
f 3284/2928/2593 3283/2927/2592 3271/2915/2580
f 3285/2929/2594 3284/2928/2593 3272/2916/2581
f 3286/2930/2595 3285/2929/2594 3273/2917/2582
f 3276/2920/2585 3288/2932/2597 3287/2931/2596
f 3277/2921/2586 3289/2933/2598 3288/2932/2597
f 3278/2922/2587 3290/2934/2599 3289/2933/2598
f 3279/2924/2589 3291/2936/2601 3290/2934/2599
f 3280/2935/2600 3292/2947/2612 3291/2936/2601
f 3293/2937/2602 3292/2947/2612 3280/2935/2600
f 3294/2938/2603 3293/2937/2602 3281/2925/2590
f 3295/2939/2604 3294/2938/2603 3282/2926/2591
f 3296/2940/2605 3295/2939/2604 3283/2927/2592
f 3297/2941/2606 3296/2940/2605 3284/2928/2593
f 3298/2942/2607 3297/2941/2606 3285/2929/2594
f 3288/2932/2597 3300/2944/2609 3299/2943/2608
f 3289/2933/2598 3301/2945/2610 3300/2944/2609
f 3290/2934/2599 3302/2946/2611 3301/2945/2610
f 3291/2936/2601 3303/2948/2613 3302/2946/2611
f 3292/2947/2612 3304/2959/2624 3303/2948/2613
f 3305/2949/2614 3304/2959/2624 3292/2947/2612
f 3306/2950/2615 3305/2949/2614 3293/2937/2602
f 3307/2951/2616 3306/2950/2615 3294/2938/2603
f 3308/2952/2617 3307/2951/2616 3295/2939/2604
f 3309/2953/2618 3308/2952/2617 3296/2940/2605
f 3310/2954/2619 3309/2953/2618 3297/2941/2606
f 3300/2944/2609 3312/2956/2621 3311/2955/2620
f 3301/2945/2610 3313/2957/2622 3312/2956/2621
f 3302/2946/2611 3314/2958/2623 3313/2957/2622
f 3303/2948/2613 3315/2960/2625 3314/2958/2623
f 3304/2959/2624 3316/2971/2636 3315/2960/2625
f 3317/2961/2626 3316/2971/2636 3304/2959/2624
f 3318/2962/2627 3317/2961/2626 3305/2949/2614
f 3319/2963/2628 3318/2962/2627 3306/2950/2615
f 3320/2964/2629 3319/2963/2628 3307/2951/2616
f 3321/2965/2630 3320/2964/2629 3308/2952/2617
f 3322/2966/2631 3321/2965/2630 3309/2953/2618
f 3312/2956/2621 3324/2968/2633 3323/2967/2632
f 3313/2957/2622 3325/2969/2634 3324/2968/2633
f 3314/2958/2623 3326/2970/2635 3325/2969/2634
f 3315/2960/2625 3327/2972/2637 3326/2970/2635
f 3316/2971/2636 3328/2983/2648 3327/2972/2637
f 3329/2973/2638 3328/2983/2648 3316/2971/2636
f 3330/2974/2639 3329/2973/2638 3317/2961/2626
f 3331/2975/2640 3330/2974/2639 3318/2962/2627
f 3332/2976/2641 3331/2975/2640 3319/2963/2628
f 3333/2977/2642 3332/2976/2641 3320/2964/2629
f 3334/2978/2643 3333/2977/2642 3321/2965/2630
f 3324/2968/2633 3336/2980/2645 3335/2979/2644
f 3325/2969/2634 3337/2981/2646 3336/2980/2645
f 3326/2970/2635 3338/2982/2647 3337/2981/2646
f 3327/2972/2637 3339/2984/2649 3338/2982/2647
f 3328/2983/2648 3340/2995/2660 3339/2984/2649
f 3341/2985/2650 3340/2995/2660 3328/2983/2648
f 3342/2986/2651 3341/2985/2650 3329/2973/2638
f 3343/2987/2652 3342/2986/2651 3330/2974/2639
f 3344/2988/2653 3343/2987/2652 3331/2975/2640
f 3345/2989/2654 3344/2988/2653 3332/2976/2641
f 3346/2990/2655 3345/2989/2654 3333/2977/2642
f 3336/2980/2645 3348/2992/2657 3347/2991/2656
f 3337/2981/2646 3349/2993/2658 3348/2992/2657
f 3338/2982/2647 3350/2994/2659 3349/2993/2658
f 3339/2984/2649 3351/2996/2661 3350/2994/2659
f 3340/2995/2660 3352/3007/2672 3351/2996/2661
f 3353/2997/2662 3352/3007/2672 3340/2995/2660
f 3354/2998/2663 3353/2997/2662 3341/2985/2650
f 3355/2999/2664 3354/2998/2663 3342/2986/2651
f 3356/3000/2665 3355/2999/2664 3343/2987/2652
f 3357/3001/2666 3356/3000/2665 3344/2988/2653
f 3358/3002/2667 3357/3001/2666 3345/2989/2654
f 3348/2992/2657 3360/3004/2669 3359/3003/2668
f 3349/2993/2658 3361/3005/2670 3360/3004/2669
f 3350/2994/2659 3362/3006/2671 3361/3005/2670
f 3351/2996/2661 3363/3008/2673 3362/3006/2671
f 3352/3007/2672 3364/3019/2684 3363/3008/2673
f 3365/3009/2674 3364/3019/2684 3352/3007/2672
f 3366/3010/2675 3365/3009/2674 3353/2997/2662
f 3367/3011/2676 3366/3010/2675 3354/2998/2663
f 3368/3012/2677 3367/3011/2676 3355/2999/2664
f 3369/3013/2678 3368/3012/2677 3356/3000/2665
f 3370/3014/2679 3369/3013/2678 3357/3001/2666
f 3360/3004/2669 3372/3016/2681 3371/3015/2680
f 3361/3005/2670 3373/3017/2682 3372/3016/2681
f 3362/3006/2671 3374/3018/2683 3373/3017/2682
f 3363/3008/2673 3375/3020/2685 3374/3018/2683
f 3364/3019/2684 3376/3031/2696 3375/3020/2685
f 3377/3021/2686 3376/3031/2696 3364/3019/2684
f 3378/3022/2687 3377/3021/2686 3365/3009/2674
f 3379/3023/2688 3378/3022/2687 3366/3010/2675
f 3380/3024/2689 3379/3023/2688 3367/3011/2676
f 3381/3025/2690 3380/3024/2689 3368/3012/2677
f 3382/3026/2691 3381/3025/2690 3369/3013/2678
f 3372/3016/2681 3384/3028/2693 3383/3027/2692
f 3373/3017/2682 3385/3029/2694 3384/3028/2693
f 3374/3018/2683 3386/3030/2695 3385/3029/2694
f 3375/3020/2685 3387/3032/2697 3386/3030/2695
f 3376/3031/2696 3388/3043/2708 3387/3032/2697
f 3389/3033/2698 3388/3043/2708 3376/3031/2696
f 3390/3034/2699 3389/3033/2698 3377/3021/2686
f 3391/3035/2700 3390/3034/2699 3378/3022/2687
f 3392/3036/2701 3391/3035/2700 3379/3023/2688
f 3393/3037/2702 3392/3036/2701 3380/3024/2689
f 3394/3038/2703 3393/3037/2702 3381/3025/2690
f 3384/3028/2693 3396/3040/2705 3395/3039/2704
f 3385/3029/2694 3397/3041/2706 3396/3040/2705
f 3386/3030/2695 3398/3042/2707 3397/3041/2706
f 3387/3032/2697 3399/3044/2709 3398/3042/2707
f 3388/3043/2708 3400/3055/2720 3399/3044/2709
f 3401/3045/2710 3400/3055/2720 3388/3043/2708
f 3402/3046/2711 3401/3045/2710 3389/3033/2698
f 3403/3047/2712 3402/3046/2711 3390/3034/2699
f 3404/3048/2713 3403/3047/2712 3391/3035/2700
f 3405/3049/2714 3404/3048/2713 3392/3036/2701
f 3406/3050/2715 3405/3049/2714 3393/3037/2702
f 3396/3040/2705 3408/3052/2717 3407/3051/2716
f 3397/3041/2706 3409/3053/2718 3408/3052/2717
f 3398/3042/2707 3410/3054/2719 3409/3053/2718
f 3399/3044/2709 3411/3056/2721 3410/3054/2719
f 3400/3055/2720 3412/3067/2732 3411/3056/2721
f 3413/3057/2722 3412/3067/2732 3400/3055/2720
f 3414/3058/2723 3413/3057/2722 3401/3045/2710
f 3415/3059/2724 3414/3058/2723 3402/3046/2711
f 3416/3060/2725 3415/3059/2724 3403/3047/2712
f 3417/3061/2726 3416/3060/2725 3404/3048/2713
f 3418/3062/2727 3417/3061/2726 3405/3049/2714
f 3420/3063/2728 3419/3073/2738 3407/3051/2716
f 3421/3064/2729 3420/3063/2728 3408/3052/2717
f 3410/3054/2719 3422/3076/2741 3421/3064/2729
f 3423/3065/2730 3422/3076/2741 3410/3054/2719
f 3424/3066/2731 3423/3065/2730 3411/3056/2721
f 3425/3068/2733 3424/3066/2731 3412/3067/2732
f 3414/3058/2723 3426/3069/2734 3425/3068/2733
f 3415/3059/2724 3427/3080/2745 3426/3069/2734
f 3428/3070/2735 3427/3080/2745 3415/3059/2724
f 3417/3061/2726 3429/3071/2736 3428/3070/2735
f 3418/3062/2727 3430/3084/2749 3429/3071/2736
f 3432/3072/2737 3431/3087/2752 3419/3073/2738
f 3433/3074/2739 3432/3072/2737 3420/3063/2728
f 3434/3075/2740 3433/3074/2739 3421/3064/2729
f 3435/3077/2742 3434/3075/2740 3422/3076/2741
f 3436/3078/2743 3435/3077/2742 3423/3065/2730
f 3437/3079/2744 3436/3078/2743 3424/3066/2731
f 3426/3069/2734 3438/3081/2746 3437/3079/2744
f 3427/3080/2745 3439/3082/2747 3438/3081/2746
f 3428/3070/2735 3440/3083/2748 3439/3082/2747
f 3429/3071/2736 3441/3085/2750 3440/3083/2748
f 3430/3084/2749 3442/3096/2761 3441/3085/2750
f 3444/3086/2751 3443/3099/2764 3431/3087/2752
f 3445/3088/2753 3444/3086/2751 3432/3072/2737
f 3446/3089/2754 3445/3088/2753 3433/3074/2739
f 3447/3090/2755 3446/3089/2754 3434/3075/2740
f 3448/3091/2756 3447/3090/2755 3435/3077/2742
f 3449/3092/2757 3448/3091/2756 3436/3078/2743
f 3438/3081/2746 3450/3093/2758 3449/3092/2757
f 3439/3082/2747 3451/3094/2759 3450/3093/2758
f 3440/3083/2748 3452/3095/2760 3451/3094/2759
f 3441/3085/2750 3453/3097/2762 3452/3095/2760
f 3442/3096/2761 3454/3108/2773 3453/3097/2762
f 3456/3098/2763 3455/3111/2776 3443/3099/2764
f 3457/3100/2765 3456/3098/2763 3444/3086/2751
f 3458/3101/2766 3457/3100/2765 3445/3088/2753
f 3459/3102/2767 3458/3101/2766 3446/3089/2754
f 3460/3103/2768 3459/3102/2767 3447/3090/2755
f 3461/3104/2769 3460/3103/2768 3448/3091/2756
f 3450/3093/2758 3462/3105/2770 3461/3104/2769
f 3451/3094/2759 3463/3106/2771 3462/3105/2770
f 3452/3095/2760 3464/3107/2772 3463/3106/2771
f 3453/3097/2762 3465/3109/2774 3464/3107/2772
f 3454/3108/2773 3466/3120/2785 3465/3109/2774
f 3468/3110/2775 3467/3123/2788 3455/3111/2776
f 3469/3112/2777 3468/3110/2775 3456/3098/2763
f 3470/3113/2778 3469/3112/2777 3457/3100/2765
f 3471/3114/2779 3470/3113/2778 3458/3101/2766
f 3472/3115/2780 3471/3114/2779 3459/3102/2767
f 3473/3116/2781 3472/3115/2780 3460/3103/2768
f 3462/3105/2770 3474/3117/2782 3473/3116/2781
f 3463/3106/2771 3475/3118/2783 3474/3117/2782
f 3464/3107/2772 3476/3119/2784 3475/3118/2783
f 3465/3109/2774 3477/3121/2786 3476/3119/2784
f 3466/3120/2785 3478/3132/2797 3477/3121/2786
f 3480/3122/2787 3479/3135/2800 3467/3123/2788
f 3481/3124/2789 3480/3122/2787 3468/3110/2775
f 3482/3125/2790 3481/3124/2789 3469/3112/2777
f 3483/3126/2791 3482/3125/2790 3470/3113/2778
f 3484/3127/2792 3483/3126/2791 3471/3114/2779
f 3485/3128/2793 3484/3127/2792 3472/3115/2780
f 3474/3117/2782 3486/3129/2794 3485/3128/2793
f 3475/3118/2783 3487/3130/2795 3486/3129/2794
f 3476/3119/2784 3488/3131/2796 3487/3130/2795
f 3477/3121/2786 3489/3133/2798 3488/3131/2796
f 3478/3132/2797 3490/3144/2809 3489/3133/2798
f 3492/3134/2799 3491/3146/2811 3479/3135/2800
f 3493/3136/2801 3492/3134/2799 3480/3122/2787
f 3494/3137/2802 3493/3136/2801 3481/3124/2789
f 3495/3138/2803 3494/3137/2802 3482/3125/2790
f 3496/3139/2804 3495/3138/2803 3483/3126/2791
f 3497/3140/2805 3496/3139/2804 3484/3127/2792
f 3486/3129/2794 3498/3141/2806 3497/3140/2805
f 3487/3130/2795 3499/3142/2807 3498/3141/2806
f 3488/3131/2796 3500/3143/2808 3499/3142/2807
f 3489/3133/2798 3501/3145/2810 3500/3143/2808
f 3490/3144/2809 3502/3157/2812 3501/3145/2810
f 3492/3134/2799 696/3147/5 695/11/7
f 3493/3136/2801 697/3148/8 696/3147/5
f 3494/3137/2802 698/3149/10 697/3148/8
f 3495/3138/2803 699/3150/12 698/3149/10
f 3496/3139/2804 700/3323/14 699/3150/12
f 701/3151/17 700/3323/14 3496/3139/2804
f 702/3152/19 701/3151/17 3497/3140/2805
f 703/3153/21 702/3152/19 3498/3141/2806
f 704/3154/23 703/3153/21 3499/3142/2807
f 705/3155/25 704/3154/23 3500/3143/2808
f 706/3156/27 705/3155/25 3501/3145/2810
f 3504/342/2813 3516/3159/2817 3515/3158/2814
f 3505/344/2816 3517/3160/2819 3516/3159/2817
f 3506/346/2818 3518/3161/2821 3517/3160/2819
f 3507/348/2820 3519/3162/2823 3518/3161/2821
f 3508/350/2822 3520/3174/2841 3519/3162/2823
f 3521/3163/2824 3520/3174/2841 3508/350/2822
f 3522/3164/2826 3521/3163/2824 3509/353/2825
f 3523/3165/2828 3522/3164/2826 3510/355/2827
f 3524/3166/2830 3523/3165/2828 3511/357/2829
f 3525/3167/2832 3524/3166/2830 3512/359/2831
f 3526/3168/2834 3525/3167/2832 3513/361/2833
f 3528/3169/2836 3527/22/2848 3515/3158/2814
f 3529/3170/2837 3528/3169/2836 3516/3159/2817
f 3530/3171/2838 3529/3170/2837 3517/3160/2819
f 3531/3172/2839 3530/3171/2838 3518/3161/2821
f 3532/3173/2840 3531/3172/2839 3519/3162/2823
f 3533/3175/2842 3532/3173/2840 3520/3174/2841
f 3522/3164/2826 3534/3176/2843 3533/3175/2842
f 3523/3165/2828 3535/3177/2844 3534/3176/2843
f 3524/3166/2830 3536/3178/2845 3535/3177/2844
f 3525/3167/2832 3537/3179/2846 3536/3178/2845
f 3526/3168/2834 3538/3191/2859 3537/3179/2846
f 3528/3169/2836 3540/3181/2849 3539/3180/2847
f 3529/3170/2837 3541/3182/2850 3540/3181/2849
f 3530/3171/2838 3542/3183/2851 3541/3182/2850
f 3531/3172/2839 3543/3184/2852 3542/3183/2851
f 3532/3173/2840 3544/3192/2864 3543/3184/2852
f 3545/3185/2853 3544/3192/2864 3532/3173/2840
f 3546/3186/2854 3545/3185/2853 3533/3175/2842
f 3547/3187/2855 3546/3186/2854 3534/3176/2843
f 3548/3188/2856 3547/3187/2855 3535/3177/2844
f 3549/3189/2857 3548/3188/2856 3536/3178/2845
f 3550/3190/2858 3549/3189/2857 3537/3179/2846
f 3540/3181/2849 3552/1744/2861 3551/37/2860
f 3541/3182/2850 3553/1745/2862 3552/1744/2861
f 3542/3183/2851 3554/1746/2863 3553/1745/2862
f 3543/3184/2852 3555/1748/2865 3554/1746/2863
f 3544/3192/2864 3556/1759/2877 3555/1748/2865
f 3557/1749/2866 3556/1759/2877 3544/3192/2864
f 3558/1750/2867 3557/1749/2866 3545/3185/2853
f 3559/1751/2868 3558/1750/2867 3546/3186/2854
f 3560/1752/2869 3559/1751/2868 3547/3187/2855
f 3561/1753/2870 3560/1752/2869 3548/3188/2856
f 3562/1754/2871 3561/1753/2870 3549/3189/2857
f 3564/3193/2872 3563/3204/2884 3551/37/2860
f 3565/3194/2873 3564/3193/2872 3552/1744/2861
f 3566/3195/2874 3565/3194/2873 3553/1745/2862
f 3567/3196/2875 3566/3195/2874 3554/1746/2863
f 3568/3197/2876 3567/3196/2875 3555/1748/2865
f 3569/3198/2878 3568/3197/2876 3556/1759/2877
f 3558/1750/2867 3570/3199/2879 3569/3198/2878
f 3559/1751/2868 3571/3200/2880 3570/3199/2879
f 3560/1752/2869 3572/3201/2881 3571/3200/2880
f 3561/1753/2870 3573/3202/2882 3572/3201/2881
f 3562/1754/2871 3574/3213/2893 3573/3202/2882
f 3576/3203/2883 3575/31/2884 3563/3204/2884
f 3577/3205/2885 3576/3203/2883 3564/3193/2872
f 3578/3206/2886 3577/3205/2885 3565/3194/2873
f 3579/3207/2887 3578/3206/2886 3566/3195/2874
f 3580/3208/2888 3579/3207/2887 3567/3196/2875
f 3581/3209/2889 3580/3208/2888 3568/3197/2876
f 3570/3199/2879 3582/3210/2890 3581/3209/2889
f 3571/3200/2880 3583/3211/2891 3582/3210/2890
f 3572/3201/2881 3584/3212/2892 3583/3211/2891
f 3573/3202/2882 3585/3214/2894 3584/3212/2892
f 3574/3213/2893 3586/3226/2893 3585/3214/2894
f 3576/3203/2883 3588/3216/2895 3587/3215/2815
f 3577/3205/2885 3589/3217/2896 3588/3216/2895
f 3578/3206/2886 3590/3218/2897 3589/3217/2896
f 3579/3207/2887 3591/3219/2898 3590/3218/2897
f 3580/3208/2888 3592/3227/2904 3591/3219/2898
f 3593/3220/2899 3592/3227/2904 3580/3208/2888
f 3594/3221/2900 3593/3220/2899 3581/3209/2889
f 3595/3222/2901 3594/3221/2900 3582/3210/2890
f 3596/3223/2902 3595/3222/2901 3583/3211/2891
f 3597/3224/2903 3596/3223/2902 3584/3212/2892
f 3598/3225/2835 3597/3224/2903 3585/3214/2894
f 3588/3216/2895 3504/3147/2813 3503/11/2815
f 3589/3217/2896 3505/3148/2816 3504/3147/2813
f 3590/3218/2897 3506/3149/2818 3505/3148/2816
f 3591/3219/2898 3507/3150/2820 3506/3149/2818
f 3592/3227/2904 3508/3323/2822 3507/3150/2820
f 3509/3151/2825 3508/3323/2822 3592/3227/2904
f 3510/3152/2827 3509/3151/2825 3593/3220/2899
f 3511/3153/2829 3510/3152/2827 3594/3221/2900
f 3512/3154/2831 3511/3153/2829 3595/3222/2901
f 3513/3155/2833 3512/3154/2831 3596/3223/2902
f 3514/3156/2835 3513/3155/2833 3597/3224/2903
f 3600/342/2905 3612/3229/2909 3611/3228/2906
f 3601/344/2908 3613/3230/2911 3612/3229/2909
f 3602/346/2910 3614/3231/2913 3613/3230/2911
f 3603/348/2912 3615/3232/2915 3614/3231/2913
f 3604/350/2914 3616/3239/2932 3615/3232/2915
f 3617/3233/2916 3616/3239/2932 3604/350/2914
f 3618/3234/2918 3617/3233/2916 3605/353/2917
f 3619/3235/2920 3618/3234/2918 3606/355/2919
f 3620/3236/2922 3619/3235/2920 3607/357/2921
f 3621/3237/2924 3620/3236/2922 3608/359/2923
f 3622/3238/2926 3621/3237/2924 3609/361/2925
f 3612/3229/2909 3624/3159/2929 3623/3158/2928
f 3613/3230/2911 3625/3160/2930 3624/3159/2929
f 3614/3231/2913 3626/3161/2931 3625/3160/2930
f 3615/3232/2915 3627/3162/2933 3626/3161/2931
f 3616/3239/2932 3628/3174/2945 3627/3162/2933
f 3629/3163/2934 3628/3174/2945 3616/3239/2932
f 3630/3164/2935 3629/3163/2934 3617/3233/2916
f 3631/3165/2936 3630/3164/2935 3618/3234/2918
f 3632/3166/2937 3631/3165/2936 3619/3235/2920
f 3633/3167/2938 3632/3166/2937 3620/3236/2922
f 3634/3168/2939 3633/3167/2938 3621/3237/2924
f 3636/3240/2940 3635/3250/2952 3623/3158/2928
f 3637/3241/2941 3636/3240/2940 3624/3159/2929
f 3638/3242/2942 3637/3241/2941 3625/3160/2930
f 3639/3243/2943 3638/3242/2942 3626/3161/2931
f 3640/3244/2944 3639/3243/2943 3627/3162/2933
f 3641/3245/2946 3640/3244/2944 3628/3174/2945
f 3630/3164/2935 3642/3246/2947 3641/3245/2946
f 3631/3165/2936 3643/3247/2948 3642/3246/2947
f 3632/3166/2937 3644/3248/2949 3643/3247/2948
f 3633/3167/2938 3645/3249/2950 3644/3248/2949
f 3634/3168/2939 3646/3251/2962 3645/3249/2950
f 3636/3240/2940 3648/3169/2953 3647/22/2951
f 3637/3241/2941 3649/3170/2965 3648/3169/2953
f 3650/3171/2954 3649/3170/2965 3637/3241/2941
f 3651/3172/2955 3650/3171/2954 3638/3242/2942
f 3652/3173/2956 3651/3172/2955 3639/3243/2943
f 3653/3175/2957 3652/3173/2956 3640/3244/2944
f 3642/3246/2947 3654/3176/2958 3653/3175/2957
f 3643/3247/2948 3655/3177/2959 3654/3176/2958
f 3644/3248/2949 3656/3178/2971 3655/3177/2959
f 3657/3179/2960 3656/3178/2971 3644/3248/2949
f 3658/3191/2961 3657/3179/2960 3645/3249/2950
f 3660/3252/2963 3659/3262/2976 3647/22/2951
f 3661/3253/2964 3660/3252/2963 3648/3169/2953
f 3662/3254/2966 3661/3253/2964 3649/3170/2965
f 3663/3255/2967 3662/3254/2966 3650/3171/2954
f 3664/3256/2968 3663/3255/2967 3651/3172/2955
f 3665/3257/2969 3664/3256/2968 3652/3173/2956
f 3654/3176/2958 3666/3258/2970 3665/3257/2969
f 3655/3177/2959 3667/3259/2972 3666/3258/2970
f 3656/3178/2971 3668/3260/2973 3667/3259/2972
f 3657/3179/2960 3669/3261/2974 3668/3260/2973
f 3658/3191/2961 3670/3263/2985 3669/3261/2974
f 3672/3181/2975 3671/3180/2988 3659/3262/2976
f 3673/3182/2977 3672/3181/2975 3660/3252/2963
f 3674/3183/2978 3673/3182/2977 3661/3253/2964
f 3675/3184/2979 3674/3183/2978 3662/3254/2966
f 3676/3192/2980 3675/3184/2979 3663/3255/2967
f 3677/3185/2981 3676/3192/2980 3664/3256/2968
f 3666/3258/2970 3678/3186/2982 3677/3185/2981
f 3667/3259/2972 3679/3187/2983 3678/3186/2982
f 3668/3260/2973 3680/3188/2984 3679/3187/2983
f 3669/3261/2974 3681/3189/2986 3680/3188/2984
f 3670/3263/2985 3682/3190/2997 3681/3189/2986
f 3684/3264/2987 3683/3274/3000 3671/3180/2988
f 3685/3265/2989 3684/3264/2987 3672/3181/2975
f 3686/3266/2990 3685/3265/2989 3673/3182/2977
f 3687/3267/2991 3686/3266/2990 3674/3183/2978
f 3688/3268/2992 3687/3267/2991 3675/3184/2979
f 3689/3269/2993 3688/3268/2992 3676/3192/2980
f 3678/3186/2982 3690/3270/2994 3689/3269/2993
f 3679/3187/2983 3691/3271/2995 3690/3270/2994
f 3680/3188/2984 3692/3272/2996 3691/3271/2995
f 3681/3189/2986 3693/3273/2998 3692/3272/2996
f 3682/3190/2997 3694/3275/3009 3693/3273/2998
f 3696/1744/2999 3695/37/3012 3683/3274/3000
f 3697/1745/3001 3696/1744/2999 3684/3264/2987
f 3698/1746/3002 3697/1745/3001 3685/3265/2989
f 3699/1748/3003 3698/1746/3002 3686/3266/2990
f 3700/1759/3004 3699/1748/3003 3687/3267/2991
f 3701/1749/3005 3700/1759/3004 3688/3268/2992
f 3690/3270/2994 3702/1750/3006 3701/1749/3005
f 3691/3271/2995 3703/1751/3007 3702/1750/3006
f 3692/3272/2996 3704/1752/3008 3703/1751/3007
f 3693/3273/2998 3705/1753/3010 3704/1752/3008
f 3694/3275/3009 3706/1754/3021 3705/1753/3010
f 3708/3276/3011 3707/3286/3024 3695/37/3012
f 3709/3277/3013 3708/3276/3011 3696/1744/2999
f 3710/3278/3014 3709/3277/3013 3697/1745/3001
f 3711/3279/3015 3710/3278/3014 3698/1746/3002
f 3712/3280/3016 3711/3279/3015 3699/1748/3003
f 3713/3281/3017 3712/3280/3016 3700/1759/3004
f 3702/1750/3006 3714/3282/3018 3713/3281/3017
f 3703/1751/3007 3715/3283/3019 3714/3282/3018
f 3704/1752/3008 3716/3284/3020 3715/3283/3019
f 3705/1753/3010 3717/3285/3022 3716/3284/3020
f 3706/1754/3021 3718/3287/3033 3717/3285/3022
f 3720/3193/3023 3719/3204/3036 3707/3286/3024
f 3721/3194/3025 3720/3193/3023 3708/3276/3011
f 3722/3195/3026 3721/3194/3025 3709/3277/3013
f 3723/3196/3027 3722/3195/3026 3710/3278/3014
f 3724/3197/3028 3723/3196/3027 3711/3279/3015
f 3725/3198/3029 3724/3197/3028 3712/3280/3016
f 3714/3282/3018 3726/3199/3030 3725/3198/3029
f 3715/3283/3019 3727/3200/3031 3726/3199/3030
f 3716/3284/3020 3728/3201/3032 3727/3200/3031
f 3717/3285/3022 3729/3202/3034 3728/3201/3032
f 3718/3287/3033 3730/3213/3045 3729/3202/3034
f 3732/3288/3035 3731/3298/3048 3719/3204/3036
f 3733/3289/3037 3732/3288/3035 3720/3193/3023
f 3734/3290/3038 3733/3289/3037 3721/3194/3025
f 3735/3291/3039 3734/3290/3038 3722/3195/3026
f 3736/3292/3040 3735/3291/3039 3723/3196/3027
f 3737/3293/3041 3736/3292/3040 3724/3197/3028
f 3726/3199/3030 3738/3294/3042 3737/3293/3041
f 3727/3200/3031 3739/3295/3043 3738/3294/3042
f 3728/3201/3032 3740/3296/3044 3739/3295/3043
f 3729/3202/3034 3741/3297/3046 3740/3296/3044
f 3730/3213/3045 3742/3299/3057 3741/3297/3046
f 3744/3203/3047 3743/31/1444 3731/3298/3048
f 3745/3205/3049 3744/3203/3047 3732/3288/3035
f 3746/3206/3050 3745/3205/3049 3733/3289/3037
f 3747/3207/3051 3746/3206/3050 3734/3290/3038
f 3748/3208/3052 3747/3207/3051 3735/3291/3039
f 3749/3209/3053 3748/3208/3052 3736/3292/3040
f 3738/3294/3042 3750/3210/3054 3749/3209/3053
f 3739/3295/3043 3751/3211/3055 3750/3210/3054
f 3740/3296/3044 3752/3212/3056 3751/3211/3055
f 3741/3297/3046 3753/3214/3058 3752/3212/3056
f 3742/3299/3057 3754/3226/1455 3753/3214/3058
f 3756/3300/3059 3755/3310/3070 3743/31/1444
f 3757/3301/3060 3756/3300/3059 3744/3203/3047
f 3758/3302/3061 3757/3301/3060 3745/3205/3049
f 3759/3303/3062 3758/3302/3061 3746/3206/3050
f 3760/3304/3063 3759/3303/3062 3747/3207/3051
f 3761/3305/3064 3760/3304/3063 3748/3208/3052
f 3750/3210/3054 3762/3306/3065 3761/3305/3064
f 3751/3211/3055 3763/3307/3066 3762/3306/3065
f 3752/3212/3056 3764/3308/3067 3763/3307/3066
f 3753/3214/3058 3765/3309/3068 3764/3308/3067
f 3754/3226/1455 3766/3311/3079 3765/3309/3068
f 3768/3216/3069 3767/3215/3082 3755/3310/3070
f 3769/3217/3071 3768/3216/3069 3756/3300/3059
f 3770/3218/3072 3769/3217/3071 3757/3301/3060
f 3771/3219/3073 3770/3218/3072 3758/3302/3061
f 3772/3227/3074 3771/3219/3073 3759/3303/3062
f 3773/3220/3075 3772/3227/3074 3760/3304/3063
f 3762/3306/3065 3774/3221/3076 3773/3220/3075
f 3763/3307/3066 3775/3222/3077 3774/3221/3076
f 3764/3308/3067 3776/3223/3078 3775/3222/3077
f 3765/3309/3068 3777/3224/3080 3776/3223/3078
f 3766/3311/3079 3778/3225/3093 3777/3224/3080
f 3768/3216/3069 3780/3313/3083 3779/3312/3081
f 3769/3217/3071 3781/3314/3084 3780/3313/3083
f 3770/3218/3072 3782/3315/3085 3781/3314/3084
f 3771/3219/3073 3783/3316/3086 3782/3315/3085
f 3772/3227/3074 3784/3324/3094 3783/3316/3086
f 3785/3317/3087 3784/3324/3094 3772/3227/3074
f 3786/3318/3088 3785/3317/3087 3773/3220/3075
f 3787/3319/3089 3786/3318/3088 3774/3221/3076
f 3788/3320/3090 3787/3319/3089 3775/3222/3077
f 3789/3321/3091 3788/3320/3090 3776/3223/3078
f 3790/3322/3092 3789/3321/3091 3777/3224/3080
f 3600/3147/2905 3599/11/2907 3779/3312/3081
f 3601/3148/2908 3600/3147/2905 3780/3313/3083
f 3602/3149/2910 3601/3148/2908 3781/3314/3084
f 3603/3150/2912 3602/3149/2910 3782/3315/3085
f 3604/3323/2914 3603/3150/2912 3783/3316/3086
f 3605/3151/2917 3604/3323/2914 3784/3324/3094
f 3786/3318/3088 3606/3152/2919 3605/3151/2917
f 3787/3319/3089 3607/3153/2921 3606/3152/2919
f 3788/3320/3090 3608/3154/2923 3607/3153/2921
f 3789/3321/3091 3609/3155/2925 3608/3154/2923
f 3790/3322/3092 3610/3156/2927 3609/3155/2925
f 3792/342/3095 3804/3326/3099 3803/3325/3096
f 3793/344/3098 3805/3327/3101 3804/3326/3099
f 3794/346/3100 3806/3328/3103 3805/3327/3101
f 3795/348/3102 3807/3329/3105 3806/3328/3103
f 3796/350/3104 3808/3341/3123 3807/3329/3105
f 3809/3330/3106 3808/3341/3123 3796/350/3104
f 3810/3331/3108 3809/3330/3106 3797/353/3107
f 3811/3332/3110 3810/3331/3108 3798/355/3109
f 3812/3333/3112 3811/3332/3110 3799/357/3111
f 3813/3334/3114 3812/3333/3112 3800/359/3113
f 3814/3335/3116 3813/3334/3114 3801/361/3115
f 3816/3336/3118 3815/3348/3130 3803/3325/3096
f 3817/3337/3119 3816/3336/3118 3804/3326/3099
f 3818/3338/3120 3817/3337/3119 3805/3327/3101
f 3819/3339/3121 3818/3338/3120 3806/3328/3103
f 3820/3340/3122 3819/3339/3121 3807/3329/3105
f 3821/3342/3124 3820/3340/3122 3808/3341/3123
f 3810/3331/3108 3822/3343/3125 3821/3342/3124
f 3811/3332/3110 3823/3344/3126 3822/3343/3125
f 3812/3333/3112 3824/3345/3127 3823/3344/3126
f 3813/3334/3114 3825/3346/3128 3824/3345/3127
f 3814/3335/3116 3826/3359/3141 3825/3346/3128
f 3816/3336/3118 3828/3349/3131 3827/3347/3129
f 3817/3337/3119 3829/3350/3132 3828/3349/3131
f 3818/3338/3120 3830/3351/3133 3829/3350/3132
f 3819/3339/3121 3831/3352/3134 3830/3351/3133
f 3820/3340/3122 3832/3364/3146 3831/3352/3134
f 3833/3353/3135 3832/3364/3146 3820/3340/3122
f 3834/3354/3136 3833/3353/3135 3821/3342/3124
f 3835/3355/3137 3834/3354/3136 3822/3343/3125
f 3836/3356/3138 3835/3355/3137 3823/3344/3126
f 3837/3357/3139 3836/3356/3138 3824/3345/3127
f 3838/3358/3140 3837/3357/3139 3825/3346/3128
f 3828/3349/3131 3840/3361/3143 3839/3360/3142
f 3829/3350/3132 3841/3362/3144 3840/3361/3143
f 3830/3351/3133 3842/3363/3145 3841/3362/3144
f 3831/3352/3134 3843/3365/3147 3842/3363/3145
f 3832/3364/3146 3844/3376/3158 3843/3365/3147
f 3845/3366/3148 3844/3376/3158 3832/3364/3146
f 3846/3367/3149 3845/3366/3148 3833/3353/3135
f 3847/3368/3150 3846/3367/3149 3834/3354/3136
f 3848/3369/3151 3847/3368/3150 3835/3355/3137
f 3849/3370/3152 3848/3369/3151 3836/3356/3138
f 3850/3371/3153 3849/3370/3152 3837/3357/3139
f 3840/3361/3143 3852/3373/3155 3851/3372/3154
f 3841/3362/3144 3853/3374/3156 3852/3373/3155
f 3842/3363/3145 3854/3375/3157 3853/3374/3156
f 3843/3365/3147 3855/3377/3159 3854/3375/3157
f 3844/3376/3158 3856/3388/3170 3855/3377/3159
f 3857/3378/3160 3856/3388/3170 3844/3376/3158
f 3858/3379/3161 3857/3378/3160 3845/3366/3148
f 3859/3380/3162 3858/3379/3161 3846/3367/3149
f 3860/3381/3163 3859/3380/3162 3847/3368/3150
f 3861/3382/3164 3860/3381/3163 3848/3369/3151
f 3862/3383/3165 3861/3382/3164 3849/3370/3152
f 3852/3373/3155 3864/3385/3167 3863/3384/3166
f 3853/3374/3156 3865/3386/3168 3864/3385/3167
f 3854/3375/3157 3866/3387/3169 3865/3386/3168
f 3855/3377/3159 3867/3389/3171 3866/3387/3169
f 3856/3388/3170 3868/3399/3182 3867/3389/3171
f 3869/3390/3172 3868/3399/3182 3856/3388/3170
f 3870/3391/3173 3869/3390/3172 3857/3378/3160
f 3871/3392/3174 3870/3391/3173 3858/3379/3161
f 3872/3393/3175 3871/3392/3174 3859/3380/3162
f 3873/3394/3176 3872/3393/3175 3860/3381/3163
f 3874/3395/3177 3873/3394/3176 3861/3382/3164
f 3864/3385/3167 3876/3396/3179 3875/1/3178
f 3865/3386/3168 3877/3397/3180 3876/3396/3179
f 3866/3387/3169 3878/3398/3181 3877/3397/3180
f 3867/3389/3171 3879/3400/3183 3878/3398/3181
f 3868/3399/3182 3880/3411/3194 3879/3400/3183
f 3881/3401/3184 3880/3411/3194 3868/3399/3182
f 3882/3402/3185 3881/3401/3184 3869/3390/3172
f 3883/3403/3186 3882/3402/3185 3870/3391/3173
f 3884/3404/3187 3883/3403/3186 3871/3392/3174
f 3885/3405/3188 3884/3404/3187 3872/3393/3175
f 3886/3406/3189 3885/3405/3188 3873/3394/3176
f 3876/3396/3179 3888/3408/3191 3887/3407/3190
f 3877/3397/3180 3889/3409/3192 3888/3408/3191
f 3878/3398/3181 3890/3410/3193 3889/3409/3192
f 3879/3400/3183 3891/3412/3195 3890/3410/3193
f 3880/3411/3194 3892/3423/3206 3891/3412/3195
f 3893/3413/3196 3892/3423/3206 3880/3411/3194
f 3894/3414/3197 3893/3413/3196 3881/3401/3184
f 3895/3415/3198 3894/3414/3197 3882/3402/3185
f 3896/3416/3199 3895/3415/3198 3883/3403/3186
f 3897/3417/3200 3896/3416/3199 3884/3404/3187
f 3898/3418/3201 3897/3417/3200 3885/3405/3188
f 3888/3408/3191 3900/3420/3203 3899/3419/3202
f 3889/3409/3192 3901/3421/3204 3900/3420/3203
f 3890/3410/3193 3902/3422/3205 3901/3421/3204
f 3891/3412/3195 3903/3424/3207 3902/3422/3205
f 3892/3423/3206 3904/3435/3218 3903/3424/3207
f 3905/3425/3208 3904/3435/3218 3892/3423/3206
f 3906/3426/3209 3905/3425/3208 3893/3413/3196
f 3907/3427/3210 3906/3426/3209 3894/3414/3197
f 3908/3428/3211 3907/3427/3210 3895/3415/3198
f 3909/3429/3212 3908/3428/3211 3896/3416/3199
f 3910/3430/3213 3909/3429/3212 3897/3417/3200
f 3900/3420/3203 3912/3432/3215 3911/3431/3214
f 3901/3421/3204 3913/3433/3216 3912/3432/3215
f 3902/3422/3205 3914/3434/3217 3913/3433/3216
f 3903/3424/3207 3915/3436/3219 3914/3434/3217
f 3904/3435/3218 3916/3447/3230 3915/3436/3219
f 3917/3437/3220 3916/3447/3230 3904/3435/3218
f 3918/3438/3221 3917/3437/3220 3905/3425/3208
f 3919/3439/3222 3918/3438/3221 3906/3426/3209
f 3920/3440/3223 3919/3439/3222 3907/3427/3210
f 3921/3441/3224 3920/3440/3223 3908/3428/3211
f 3922/3442/3225 3921/3441/3224 3909/3429/3212
f 3912/3432/3215 3924/3444/3227 3923/3443/3226
f 3913/3433/3216 3925/3445/3228 3924/3444/3227
f 3914/3434/3217 3926/3446/3229 3925/3445/3228
f 3915/3436/3219 3927/3448/3231 3926/3446/3229
f 3916/3447/3230 3928/3459/3242 3927/3448/3231
f 3929/3449/3232 3928/3459/3242 3916/3447/3230
f 3930/3450/3233 3929/3449/3232 3917/3437/3220
f 3931/3451/3234 3930/3450/3233 3918/3438/3221
f 3932/3452/3235 3931/3451/3234 3919/3439/3222
f 3933/3453/3236 3932/3452/3235 3920/3440/3223
f 3934/3454/3237 3933/3453/3236 3921/3441/3224
f 3924/3444/3227 3936/3456/3239 3935/3455/3238
f 3925/3445/3228 3937/3457/3240 3936/3456/3239
f 3926/3446/3229 3938/3458/3241 3937/3457/3240
f 3927/3448/3231 3939/3460/3243 3938/3458/3241
f 3928/3459/3242 3940/3471/3254 3939/3460/3243
f 3941/3461/3244 3940/3471/3254 3928/3459/3242
f 3942/3462/3245 3941/3461/3244 3929/3449/3232
f 3943/3463/3246 3942/3462/3245 3930/3450/3233
f 3944/3464/3247 3943/3463/3246 3931/3451/3234
f 3945/3465/3248 3944/3464/3247 3932/3452/3235
f 3946/3466/3249 3945/3465/3248 3933/3453/3236
f 3936/3456/3239 3948/3468/3251 3947/3467/3250
f 3937/3457/3240 3949/3469/3252 3948/3468/3251
f 3938/3458/3241 3950/3470/3253 3949/3469/3252
f 3939/3460/3243 3951/3472/3255 3950/3470/3253
f 3940/3471/3254 3952/3482/3265 3951/3472/3255
f 3953/3473/3256 3952/3482/3265 3940/3471/3254
f 3954/3474/3257 3953/3473/3256 3941/3461/3244
f 3955/3475/3258 3954/3474/3257 3942/3462/3245
f 3956/3476/3259 3955/3475/3258 3943/3463/3246
f 3957/3477/3260 3956/3476/3259 3944/3464/3247
f 3958/3478/3261 3957/3477/3260 3945/3465/3248
f 3960/3479/3262 3959/3/3273 3947/3467/3250
f 3961/3480/3263 3960/3479/3262 3948/3468/3251
f 3950/3470/3253 3962/3481/3264 3961/3480/3263
f 3951/3472/3255 3963/3483/3266 3962/3481/3264
f 3952/3482/3265 3964/3494/3278 3963/3483/3266
f 3965/3484/3267 3964/3494/3278 3952/3482/3265
f 3966/3485/3268 3965/3484/3267 3953/3473/3256
f 3967/3486/3269 3966/3485/3268 3954/3474/3257
f 3968/3487/3270 3967/3486/3269 3955/3475/3258
f 3957/3477/3260 3969/3488/3271 3968/3487/3270
f 3958/3478/3261 3970/3499/3283 3969/3488/3271
f 3972/3489/3272 3971/3502/3286 3959/3/3273
f 3973/3490/3274 3972/3489/3272 3960/3479/3262
f 3974/3491/3275 3973/3490/3274 3961/3480/3263
f 3975/3492/3276 3974/3491/3275 3962/3481/3264
f 3976/3493/3277 3975/3492/3276 3963/3483/3266
f 3977/3495/3279 3976/3493/3277 3964/3494/3278
f 3966/3485/3268 3978/3496/3280 3977/3495/3279
f 3967/3486/3269 3979/3497/3281 3978/3496/3280
f 3968/3487/3270 3980/3498/3282 3979/3497/3281
f 3969/3488/3271 3981/3500/3284 3980/3498/3282
f 3970/3499/3283 3982/3513/3297 3981/3500/3284
f 3972/3489/3272 3984/3503/3287 3983/3501/3285
f 3973/3490/3274 3985/3504/3288 3984/3503/3287
f 3974/3491/3275 3986/3505/3289 3985/3504/3288
f 3975/3492/3276 3987/3506/3290 3986/3505/3289
f 3976/3493/3277 3988/3518/3302 3987/3506/3290
f 3989/3507/3291 3988/3518/3302 3976/3493/3277
f 3990/3508/3292 3989/3507/3291 3977/3495/3279
f 3991/3509/3293 3990/3508/3292 3978/3496/3280
f 3992/3510/3294 3991/3509/3293 3979/3497/3281
f 3993/3511/3295 3992/3510/3294 3980/3498/3282
f 3994/3512/3296 3993/3511/3295 3981/3500/3284
f 3984/3503/3287 3996/3515/3299 3995/3514/3298
f 3985/3504/3288 3997/3516/3300 3996/3515/3299
f 3986/3505/3289 3998/3517/3301 3997/3516/3300
f 3987/3506/3290 3999/3519/3303 3998/3517/3301
f 3988/3518/3302 4000/3530/3314 3999/3519/3303
f 4001/3520/3304 4000/3530/3314 3988/3518/3302
f 4002/3521/3305 4001/3520/3304 3989/3507/3291
f 4003/3522/3306 4002/3521/3305 3990/3508/3292
f 4004/3523/3307 4003/3522/3306 3991/3509/3293
f 4005/3524/3308 4004/3523/3307 3992/3510/3294
f 4006/3525/3309 4005/3524/3308 3993/3511/3295
f 3996/3515/3299 4008/3527/3311 4007/3526/3310
f 3997/3516/3300 4009/3528/3312 4008/3527/3311
f 3998/3517/3301 4010/3529/3313 4009/3528/3312
f 3999/3519/3303 4011/3531/3315 4010/3529/3313
f 4000/3530/3314 4012/3543/3327 4011/3531/3315
f 4013/3532/3316 4012/3543/3327 4000/3530/3314
f 4014/3533/3317 4013/3532/3316 4001/3520/3304
f 4015/3534/3318 4014/3533/3317 4002/3521/3305
f 4016/3535/3319 4015/3534/3318 4003/3522/3306
f 4017/3536/3320 4016/3535/3319 4004/3523/3307
f 4018/3537/3321 4017/3536/3320 4005/3524/3308
f 4020/3538/3322 4019/3550/3334 4007/3526/3310
f 4021/3539/3323 4020/3538/3322 4008/3527/3311
f 4022/3540/3324 4021/3539/3323 4009/3528/3312
f 4023/3541/3325 4022/3540/3324 4010/3529/3313
f 4024/3542/3326 4023/3541/3325 4011/3531/3315
f 4025/3544/3328 4024/3542/3326 4012/3543/3327
f 4014/3533/3317 4026/3545/3329 4025/3544/3328
f 4015/3534/3318 4027/3546/3330 4026/3545/3329
f 4016/3535/3319 4028/3547/3331 4027/3546/3330
f 4017/3536/3320 4029/3548/3332 4028/3547/3331
f 4018/3537/3321 4030/3561/3345 4029/3548/3332
f 4020/3538/3322 4032/3551/3335 4031/3549/3333
f 4021/3539/3323 4033/3552/3336 4032/3551/3335
f 4022/3540/3324 4034/3553/3337 4033/3552/3336
f 4023/3541/3325 4035/3554/3338 4034/3553/3337
f 4024/3542/3326 4036/3567/3351 4035/3554/3338
f 4037/3555/3339 4036/3567/3351 4024/3542/3326
f 4038/3556/3340 4037/3555/3339 4025/3544/3328
f 4039/3557/3341 4038/3556/3340 4026/3545/3329
f 4040/3558/3342 4039/3557/3341 4027/3546/3330
f 4041/3559/3343 4040/3558/3342 4028/3547/3331
f 4042/3560/3344 4041/3559/3343 4029/3548/3332
f 4044/3562/3346 4043/4/3358 4031/3549/3333
f 4045/3563/3347 4044/3562/3346 4032/3551/3335
f 4046/3564/3348 4045/3563/3347 4033/3552/3336
f 4047/3565/3349 4046/3564/3348 4034/3553/3337
f 4048/3566/3350 4047/3565/3349 4035/3554/3338
f 4049/3568/3352 4048/3566/3350 4036/3567/3351
f 4038/3556/3340 4050/3569/3353 4049/3568/3352
f 4039/3557/3341 4051/3570/3354 4050/3569/3353
f 4040/3558/3342 4052/3571/3355 4051/3570/3354
f 4041/3559/3343 4053/3572/3356 4052/3571/3355
f 4042/3560/3344 4054/3584/3366 4053/3572/3356
f 4044/3562/3346 4056/3574/3346 4055/3573/3357
f 4045/3563/3347 4057/3575/3359 4056/3574/3346
f 4046/3564/3348 4058/3576/3360 4057/3575/3359
f 4047/3565/3349 4059/3577/3361 4058/3576/3360
f 4048/3566/3350 4060/3589/3370 4059/3577/3361
f 4061/3578/3362 4060/3589/3370 4048/3566/3350
f 4062/3579/3363 4061/3578/3362 4049/3568/3352
f 4063/3580/3364 4062/3579/3363 4050/3569/3353
f 4064/3581/3365 4063/3580/3364 4051/3570/3354
f 4065/3582/3356 4064/3581/3365 4052/3571/3355
f 4066/3583/3366 4065/3582/3356 4053/3572/3356
f 4056/3574/3346 4068/3586/3367 4067/3585/3357
f 4057/3575/3359 4069/3587/3368 4068/3586/3367
f 4058/3576/3360 4070/3588/3369 4069/3587/3368
f 4059/3577/3361 4071/3590/3371 4070/3588/3369
f 4060/3589/3370 4072/3601/3379 4071/3590/3371
f 4073/3591/3372 4072/3601/3379 4060/3589/3370
f 4074/3592/3373 4073/3591/3372 4061/3578/3362
f 4075/3593/3374 4074/3592/3373 4062/3579/3363
f 4076/3594/3375 4075/3593/3374 4063/3580/3364
f 4077/3595/3376 4076/3594/3375 4064/3581/3365
f 4078/3596/3366 4077/3595/3376 4065/3582/3356
f 4068/3586/3367 4080/3598/3367 4079/3597/3357
f 4069/3587/3368 4081/3599/3377 4080/3598/3367
f 4070/3588/3369 4082/3600/3378 4081/3599/3377
f 4071/3590/3371 4083/3602/3380 4082/3600/3378
f 4072/3601/3379 4084/3613/3389 4083/3602/3380
f 4085/3603/3381 4084/3613/3389 4072/3601/3379
f 4086/3604/3382 4085/3603/3381 4073/3591/3372
f 4087/3605/3383 4086/3604/3382 4074/3592/3373
f 4088/3606/3384 4087/3605/3383 4075/3593/3374
f 4089/3607/3376 4088/3606/3384 4076/3594/3375
f 4090/3608/3385 4089/3607/3376 4077/3595/3376
f 4080/3598/3367 4092/3610/3386 4091/3609/3357
f 4081/3599/3377 4093/3611/3387 4092/3610/3386
f 4082/3600/3378 4094/3612/3388 4093/3611/3387
f 4083/3602/3380 4095/3614/3390 4094/3612/3388
f 4084/3613/3389 4096/3625/3399 4095/3614/3390
f 4097/3615/3391 4096/3625/3399 4084/3613/3389
f 4098/3616/3392 4097/3615/3391 4085/3603/3381
f 4099/3617/3393 4098/3616/3392 4086/3604/3382
f 4100/3618/3394 4099/3617/3393 4087/3605/3383
f 4101/3619/3395 4100/3618/3394 4088/3606/3384
f 4102/3620/3385 4101/3619/3395 4089/3607/3376
f 4092/3610/3386 4104/3622/3386 4103/3621/3396
f 4093/3611/3387 4105/3623/3397 4104/3622/3386
f 4094/3612/3388 4106/3624/3398 4105/3623/3397
f 4095/3614/3390 4107/3626/3400 4106/3624/3398
f 4096/3625/3399 4108/3637/3409 4107/3626/3400
f 4109/3627/3401 4108/3637/3409 4096/3625/3399
f 4110/3628/3402 4109/3627/3401 4097/3615/3391
f 4111/3629/3403 4110/3628/3402 4098/3616/3392
f 4112/3630/3404 4111/3629/3403 4099/3617/3393
f 4113/3631/3405 4112/3630/3404 4100/3618/3394
f 4114/3632/3385 4113/3631/3405 4101/3619/3395
f 4104/3622/3386 4116/3634/3406 4115/3633/3396
f 4105/3623/3397 4117/3635/3407 4116/3634/3406
f 4106/3624/3398 4118/3636/3408 4117/3635/3407
f 4107/3626/3400 4119/3638/3410 4118/3636/3408
f 4108/3637/3409 4120/3648/3421 4119/3638/3410
f 4121/3639/3411 4120/3648/3421 4108/3637/3409
f 4122/3640/3412 4121/3639/3411 4109/3627/3401
f 4123/3641/3413 4122/3640/3412 4110/3628/3402
f 4124/3642/3414 4123/3641/3413 4111/3629/3403
f 4125/3643/3415 4124/3642/3414 4112/3630/3404
f 4126/3644/3416 4125/3643/3415 4113/3631/3405
f 4116/3634/3406 4128/3645/3418 4127/5/3417
f 4117/3635/3407 4129/3646/3419 4128/3645/3418
f 4118/3636/3408 4130/3647/3420 4129/3646/3419
f 4119/3638/3410 4131/3649/3422 4130/3647/3420
f 4120/3648/3421 4132/3660/3433 4131/3649/3422
f 4133/3650/3423 4132/3660/3433 4120/3648/3421
f 4134/3651/3424 4133/3650/3423 4121/3639/3411
f 4135/3652/3425 4134/3651/3424 4122/3640/3412
f 4136/3653/3426 4135/3652/3425 4123/3641/3413
f 4137/3654/3427 4136/3653/3426 4124/3642/3414
f 4138/3655/3428 4137/3654/3427 4125/3643/3415
f 4128/3645/3418 4140/3657/3430 4139/3656/3429
f 4129/3646/3419 4141/3658/3431 4140/3657/3430
f 4130/3647/3420 4142/3659/3432 4141/3658/3431
f 4131/3649/3422 4143/3661/3434 4142/3659/3432
f 4132/3660/3433 4144/3672/3445 4143/3661/3434
f 4145/3662/3435 4144/3672/3445 4132/3660/3433
f 4146/3663/3436 4145/3662/3435 4133/3650/3423
f 4147/3664/3437 4146/3663/3436 4134/3651/3424
f 4148/3665/3438 4147/3664/3437 4135/3652/3425
f 4149/3666/3439 4148/3665/3438 4136/3653/3426
f 4150/3667/3440 4149/3666/3439 4137/3654/3427
f 4140/3657/3430 4152/3669/3442 4151/3668/3441
f 4141/3658/3431 4153/3670/3443 4152/3669/3442
f 4142/3659/3432 4154/3671/3444 4153/3670/3443
f 4143/3661/3434 4155/3673/3446 4154/3671/3444
f 4144/3672/3445 4156/3684/3457 4155/3673/3446
f 4157/3674/3447 4156/3684/3457 4144/3672/3445
f 4158/3675/3448 4157/3674/3447 4145/3662/3435
f 4159/3676/3449 4158/3675/3448 4146/3663/3436
f 4160/3677/3450 4159/3676/3449 4147/3664/3437
f 4161/3678/3451 4160/3677/3450 4148/3665/3438
f 4162/3679/3452 4161/3678/3451 4149/3666/3439
f 4152/3669/3442 4164/3681/3454 4163/3680/3453
f 4153/3670/3443 4165/3682/3455 4164/3681/3454
f 4154/3671/3444 4166/3683/3456 4165/3682/3455
f 4155/3673/3446 4167/3685/3458 4166/3683/3456
f 4156/3684/3457 4168/3696/3469 4167/3685/3458
f 4169/3686/3459 4168/3696/3469 4156/3684/3457
f 4170/3687/3460 4169/3686/3459 4157/3674/3447
f 4171/3688/3461 4170/3687/3460 4158/3675/3448
f 4172/3689/3462 4171/3688/3461 4159/3676/3449
f 4173/3690/3463 4172/3689/3462 4160/3677/3450
f 4174/3691/3464 4173/3690/3463 4161/3678/3451
f 4164/3681/3454 4176/3693/3466 4175/3692/3465
f 4165/3682/3455 4177/3694/3467 4176/3693/3466
f 4166/3683/3456 4178/3695/3468 4177/3694/3467
f 4167/3685/3458 4179/3697/3470 4178/3695/3468
f 4168/3696/3469 4180/3709/3482 4179/3697/3470
f 4181/3698/3471 4180/3709/3482 4168/3696/3469
f 4182/3699/3472 4181/3698/3471 4169/3686/3459
f 4183/3700/3473 4182/3699/3472 4170/3687/3460
f 4184/3701/3474 4183/3700/3473 4171/3688/3461
f 4185/3702/3475 4184/3701/3474 4172/3689/3462
f 4186/3703/3476 4185/3702/3475 4173/3690/3463
f 4188/3704/3477 4187/3716/3489 4175/3692/3465
f 4189/3705/3478 4188/3704/3477 4176/3693/3466
f 4190/3706/3479 4189/3705/3478 4177/3694/3467
f 4191/3707/3480 4190/3706/3479 4178/3695/3468
f 4192/3708/3481 4191/3707/3480 4179/3697/3470
f 4193/3710/3483 4192/3708/3481 4180/3709/3482
f 4182/3699/3472 4194/3711/3484 4193/3710/3483
f 4183/3700/3473 4195/3712/3485 4194/3711/3484
f 4184/3701/3474 4196/3713/3486 4195/3712/3485
f 4185/3702/3475 4197/3714/3487 4196/3713/3486
f 4186/3703/3476 4198/3724/3497 4197/3714/3487
f 4200/3715/3488 4199/3727/3500 4187/3716/3489
f 4201/3717/3490 4200/3715/3488 4188/3704/3477
f 4202/3718/3491 4201/3717/3490 4189/3705/3478
f 4203/3719/3492 4202/3718/3491 4190/3706/3479
f 4192/3708/3481 4204/3732/3505 4203/3719/3492
f 4205/3720/3493 4204/3732/3505 4192/3708/3481
f 4206/3721/3494 4205/3720/3493 4193/3710/3483
f 4195/3712/3485 4207/3722/3495 4206/3721/3494
f 4196/3713/3486 4208/3723/3496 4207/3722/3495
f 4197/3714/3487 4209/3725/3498 4208/3723/3496
f 4198/3724/3497 4210/3737/3510 4209/3725/3498
f 4212/3726/3499 4211/2/3513 4199/3727/3500
f 4213/3728/3501 4212/3726/3499 4200/3715/3488
f 4214/3729/3502 4213/3728/3501 4201/3717/3490
f 4215/3730/3503 4214/3729/3502 4202/3718/3491
f 4216/3731/3504 4215/3730/3503 4203/3719/3492
f 4217/3733/3506 4216/3731/3504 4204/3732/3505
f 4206/3721/3494 4218/3734/3507 4217/3733/3506
f 4207/3722/3495 4219/3735/3508 4218/3734/3507
f 4208/3723/3496 4220/3736/3509 4219/3735/3508
f 4209/3725/3498 4221/3738/3511 4220/3736/3509
f 4210/3737/3510 4222/3746/3520 4221/3738/3511
f 4224/3739/3512 4223/3749/3523 4211/2/3513
f 4225/3740/3514 4224/3739/3512 4212/3726/3499
f 4226/3741/3515 4225/3740/3514 4213/3728/3501
f 4215/3730/3503 4227/3752/3526 4226/3741/3515
f 4228/3742/3516 4227/3752/3526 4215/3730/3503
f 4229/3743/3517 4228/3742/3516 4216/3731/3504
f 4218/3734/3507 4230/3755/3529 4229/3743/3517
f 4231/3744/3518 4230/3755/3529 4218/3734/3507
f 4220/3736/3509 4232/3745/3519 4231/3744/3518
f 4221/3738/3511 4233/3747/3521 4232/3745/3519
f 4222/3746/3520 4234/3759/3533 4233/3747/3521
f 4236/3748/3522 4235/3761/3535 4223/3749/3523
f 4225/3740/3514 4237/3762/3536 4236/3748/3522
f 4238/3750/3524 4237/3762/3536 4225/3740/3514
f 4239/3751/3525 4238/3750/3524 4226/3741/3515
f 4240/3753/3527 4239/3751/3525 4227/3752/3526
f 4241/3754/3528 4240/3753/3527 4228/3742/3516
f 4230/3755/3529 4242/3756/3530 4241/3754/3528
f 4231/3744/3518 4243/3757/3531 4242/3756/3530
f 4232/3745/3519 4244/3767/3541 4243/3757/3531
f 4245/3758/3532 4244/3767/3541 4232/3745/3519
f 4234/3759/3533 4246/3770/3544 4245/3758/3532
f 4248/3760/3534 4247/3772/3546 4235/3761/3535
f 4237/3762/3536 4249/3774/3548 4248/3760/3534
f 4250/3763/3537 4249/3774/3548 4237/3762/3536
f 4251/3764/3538 4250/3763/3537 4238/3750/3524
f 4240/3753/3527 4252/3777/3551 4251/3764/3538
f 4253/3765/3539 4252/3777/3551 4240/3753/3527
f 4254/3766/3540 4253/3765/3539 4241/3754/3528
f 4243/3757/3531 4255/3768/3542 4254/3766/3540
f 4244/3767/3541 4256/3780/3554 4255/3768/3542
f 4257/3769/3543 4256/3780/3554 4244/3767/3541
f 4246/3770/3544 4258/3783/3557 4257/3769/3543
f 4260/3771/3545 4259/3786/3560 4247/3772/3546
f 4261/3773/3547 4260/3771/3545 4248/3760/3534
f 4262/3775/3549 4261/3773/3547 4249/3774/3548
f 4263/3776/3550 4262/3775/3549 4250/3763/3537
f 4252/3777/3551 4264/3789/3563 4263/3776/3550
f 4265/3778/3552 4264/3789/3563 4252/3777/3551
f 4266/3779/3553 4265/3778/3552 4253/3765/3539
f 4255/3768/3542 4267/3781/3555 4266/3779/3553
f 4256/3780/3554 4268/3782/3556 4267/3781/3555
f 4257/3769/3543 4269/3784/3558 4268/3782/3556
f 4258/3783/3557 4270/3794/3568 4269/3784/3558
f 4272/3785/3559 4271/3796/3570 4259/3786/3560
f 4261/3773/3547 4273/3798/3572 4272/3785/3559
f 4274/3787/3561 4273/3798/3572 4261/3773/3547
f 4275/3788/3562 4274/3787/3561 4262/3775/3549
f 4264/3789/3563 4276/3801/3575 4275/3788/3562
f 4277/3790/3564 4276/3801/3575 4264/3789/3563
f 4278/3791/3565 4277/3790/3564 4265/3778/3552
f 4267/3781/3555 4279/3792/3566 4278/3791/3565
f 4268/3782/3556 4280/3804/3578 4279/3792/3566
f 4281/3793/3567 4280/3804/3578 4268/3782/3556
f 4270/3794/3568 4282/3808/3582 4281/3793/3567
f 4284/3795/3569 4283/3810/3584 4271/3796/3570
f 4285/3797/3571 4284/3795/3569 4272/3785/3559
f 4286/3799/3573 4285/3797/3571 4273/3798/3572
f 4287/3800/3574 4286/3799/3573 4274/3787/3561
f 4276/3801/3575 4288/3815/3589 4287/3800/3574
f 4289/3802/3576 4288/3815/3589 4276/3801/3575
f 4290/3803/3577 4289/3802/3576 4277/3790/3564
f 4279/3792/3566 4291/3805/3579 4290/3803/3577
f 4280/3804/3578 4292/3806/3580 4291/3805/3579
f 4281/3793/3567 4293/3819/3593 4292/3806/3580
f 4294/3807/3581 4293/3819/3593 4281/3793/3567
f 4296/3809/3583 4295/6/3597 4283/3810/3584
f 4297/3811/3585 4296/3809/3583 4284/3795/3569
f 4298/3812/3586 4297/3811/3585 4285/3797/3571
f 4299/3813/3587 4298/3812/3586 4286/3799/3573
f 4300/3814/3588 4299/3813/3587 4287/3800/3574
f 4301/3816/3590 4300/3814/3588 4288/3815/3589
f 4290/3803/3577 4302/3817/3591 4301/3816/3590
f 4291/3805/3579 4303/3818/3592 4302/3817/3591
f 4292/3806/3580 4304/3820/3594 4303/3818/3592
f 4293/3819/3593 4305/3821/3595 4304/3820/3594
f 4294/3807/3581 4306/3831/3606 4305/3821/3595
f 4308/3822/3596 4307/3834/3609 4295/6/3597
f 4309/3823/3598 4308/3822/3596 4296/3809/3583
f 4310/3824/3599 4309/3823/3598 4297/3811/3585
f 4311/3825/3600 4310/3824/3599 4298/3812/3586
f 4312/3826/3601 4311/3825/3600 4299/3813/3587
f 4313/3827/3602 4312/3826/3601 4300/3814/3588
f 4302/3817/3591 4314/3828/3603 4313/3827/3602
f 4303/3818/3592 4315/3829/3604 4314/3828/3603
f 4304/3820/3594 4316/3830/3605 4315/3829/3604
f 4305/3821/3595 4317/3832/3607 4316/3830/3605
f 4306/3831/3606 4318/3843/3618 4317/3832/3607
f 4320/3833/3608 4319/3845/3620 4307/3834/3609
f 4309/3823/3598 4321/3835/3610 4320/3833/3608
f 4310/3824/3599 4322/3836/3611 4321/3835/3610
f 4311/3825/3600 4323/3837/3612 4322/3836/3611
f 4312/3826/3601 4324/3850/3625 4323/3837/3612
f 4325/3838/3613 4324/3850/3625 4312/3826/3601
f 4326/3839/3614 4325/3838/3613 4313/3827/3602
f 4327/3840/3615 4326/3839/3614 4314/3828/3603
f 4328/3841/3616 4327/3840/3615 4315/3829/3604
f 4329/3842/3617 4328/3841/3616 4316/3830/3605
f 4318/3843/3618 4330/3855/3630 4329/3842/3617
f 4332/3844/3619 4331/3858/3633 4319/3845/3620
f 4333/3846/3621 4332/3844/3619 4320/3833/3608
f 4334/3847/3622 4333/3846/3621 4321/3835/3610
f 4335/3848/3623 4334/3847/3622 4322/3836/3611
f 4336/3849/3624 4335/3848/3623 4323/3837/3612
f 4337/3851/3626 4336/3849/3624 4324/3850/3625
f 4326/3839/3614 4338/3852/3627 4337/3851/3626
f 4327/3840/3615 4339/3853/3628 4338/3852/3627
f 4328/3841/3616 4340/3854/3629 4339/3853/3628
f 4329/3842/3617 4341/3856/3631 4340/3854/3629
f 4330/3855/3630 4342/3869/3644 4341/3856/3631
f 4332/3844/3619 4344/3859/3634 4343/3857/3632
f 4333/3846/3621 4345/3860/3635 4344/3859/3634
f 4334/3847/3622 4346/3861/3636 4345/3860/3635
f 4335/3848/3623 4347/3862/3637 4346/3861/3636
f 4336/3849/3624 4348/3874/3649 4347/3862/3637
f 4349/3863/3638 4348/3874/3649 4336/3849/3624
f 4350/3864/3639 4349/3863/3638 4337/3851/3626
f 4351/3865/3640 4350/3864/3639 4338/3852/3627
f 4352/3866/3641 4351/3865/3640 4339/3853/3628
f 4353/3867/3642 4352/3866/3641 4340/3854/3629
f 4354/3868/3643 4353/3867/3642 4341/3856/3631
f 4344/3859/3634 4356/3871/3646 4355/3870/3645
f 4345/3860/3635 4357/3872/3647 4356/3871/3646
f 4346/3861/3636 4358/3873/3648 4357/3872/3647
f 4347/3862/3637 4359/3875/3650 4358/3873/3648
f 4348/3874/3649 4360/3886/3661 4359/3875/3650
f 4361/3876/3651 4360/3886/3661 4348/3874/3649
f 4362/3877/3652 4361/3876/3651 4349/3863/3638
f 4363/3878/3653 4362/3877/3652 4350/3864/3639
f 4364/3879/3654 4363/3878/3653 4351/3865/3640
f 4365/3880/3655 4364/3879/3654 4352/3866/3641
f 4366/3881/3656 4365/3880/3655 4353/3867/3642
f 4356/3871/3646 4368/3883/3658 4367/3882/3657
f 4357/3872/3647 4369/3884/3659 4368/3883/3658
f 4358/3873/3648 4370/3885/3660 4369/3884/3659
f 4359/3875/3650 4371/3887/3662 4370/3885/3660
f 4360/3886/3661 4372/3899/3674 4371/3887/3662
f 4373/3888/3663 4372/3899/3674 4360/3886/3661
f 4374/3889/3664 4373/3888/3663 4361/3876/3651
f 4375/3890/3665 4374/3889/3664 4362/3877/3652
f 4376/3891/3666 4375/3890/3665 4363/3878/3653
f 4377/3892/3667 4376/3891/3666 4364/3879/3654
f 4378/3893/3668 4377/3892/3667 4365/3880/3655
f 4380/3894/3669 4379/8/3681 4367/3882/3657
f 4381/3895/3670 4380/3894/3669 4368/3883/3658
f 4382/3896/3671 4381/3895/3670 4369/3884/3659
f 4383/3897/3672 4382/3896/3671 4370/3885/3660
f 4384/3898/3673 4383/3897/3672 4371/3887/3662
f 4385/3900/3675 4384/3898/3673 4372/3899/3674
f 4374/3889/3664 4386/3901/3676 4385/3900/3675
f 4375/3890/3665 4387/3902/3677 4386/3901/3676
f 4376/3891/3666 4388/3903/3678 4387/3902/3677
f 4377/3892/3667 4389/3904/3679 4388/3903/3678
f 4378/3893/3668 4390/3914/3690 4389/3904/3679
f 4392/3905/3680 4391/3917/3693 4379/8/3681
f 4393/3906/3682 4392/3905/3680 4380/3894/3669
f 4394/3907/3683 4393/3906/3682 4381/3895/3670
f 4395/3908/3684 4394/3907/3683 4382/3896/3671
f 4396/3909/3685 4395/3908/3684 4383/3897/3672
f 4397/3910/3686 4396/3909/3685 4384/3898/3673
f 4386/3901/3676 4398/3911/3687 4397/3910/3686
f 4387/3902/3677 4399/3912/3688 4398/3911/3687
f 4388/3903/3678 4400/3913/3689 4399/3912/3688
f 4389/3904/3679 4401/3915/3691 4400/3913/3689
f 4390/3914/3690 4402/3926/3702 4401/3915/3691
f 4404/3916/3692 4403/3929/3705 4391/3917/3693
f 4405/3918/3694 4404/3916/3692 4392/3905/3680
f 4406/3919/3695 4405/3918/3694 4393/3906/3682
f 4407/3920/3696 4406/3919/3695 4394/3907/3683
f 4408/3921/3697 4407/3920/3696 4395/3908/3684
f 4409/3922/3698 4408/3921/3697 4396/3909/3685
f 4398/3911/3687 4410/3923/3699 4409/3922/3698
f 4399/3912/3688 4411/3924/3700 4410/3923/3699
f 4400/3913/3689 4412/3925/3701 4411/3924/3700
f 4401/3915/3691 4413/3927/3703 4412/3925/3701
f 4402/3926/3702 4414/3938/3714 4413/3927/3703
f 4416/3928/3704 4415/3941/3717 4403/3929/3705
f 4417/3930/3706 4416/3928/3704 4404/3916/3692
f 4418/3931/3707 4417/3930/3706 4405/3918/3694
f 4419/3932/3708 4418/3931/3707 4406/3919/3695
f 4420/3933/3709 4419/3932/3708 4407/3920/3696
f 4421/3934/3710 4420/3933/3709 4408/3921/3697
f 4410/3923/3699 4422/3935/3711 4421/3934/3710
f 4411/3924/3700 4423/3936/3712 4422/3935/3711
f 4412/3925/3701 4424/3937/3713 4423/3936/3712
f 4413/3927/3703 4425/3939/3715 4424/3937/3713
f 4414/3938/3714 4426/3950/3726 4425/3939/3715
f 4428/3940/3716 4427/3953/3729 4415/3941/3717
f 4429/3942/3718 4428/3940/3716 4416/3928/3704
f 4430/3943/3719 4429/3942/3718 4417/3930/3706
f 4431/3944/3720 4430/3943/3719 4418/3931/3707
f 4432/3945/3721 4431/3944/3720 4419/3932/3708
f 4433/3946/3722 4432/3945/3721 4420/3933/3709
f 4422/3935/3711 4434/3947/3723 4433/3946/3722
f 4423/3936/3712 4435/3948/3724 4434/3947/3723
f 4424/3937/3713 4436/3949/3725 4435/3948/3724
f 4425/3939/3715 4437/3951/3727 4436/3949/3725
f 4426/3950/3726 4438/3962/3738 4437/3951/3727
f 4440/3952/3728 4439/3965/3741 4427/3953/3729
f 4441/3954/3730 4440/3952/3728 4428/3940/3716
f 4442/3955/3731 4441/3954/3730 4429/3942/3718
f 4443/3956/3732 4442/3955/3731 4430/3943/3719
f 4444/3957/3733 4443/3956/3732 4431/3944/3720
f 4445/3958/3734 4444/3957/3733 4432/3945/3721
f 4434/3947/3723 4446/3959/3735 4445/3958/3734
f 4435/3948/3724 4447/3960/3736 4446/3959/3735
f 4436/3949/3725 4448/3961/3737 4447/3960/3736
f 4437/3951/3727 4449/3963/3739 4448/3961/3737
f 4438/3962/3738 4450/3974/3750 4449/3963/3739
f 4452/3964/3740 4451/3977/3753 4439/3965/3741
f 4453/3966/3742 4452/3964/3740 4440/3952/3728
f 4454/3967/3743 4453/3966/3742 4441/3954/3730
f 4455/3968/3744 4454/3967/3743 4442/3955/3731
f 4456/3969/3745 4455/3968/3744 4443/3956/3732
f 4457/3970/3746 4456/3969/3745 4444/3957/3733
f 4446/3959/3735 4458/3971/3747 4457/3970/3746
f 4447/3960/3736 4459/3972/3748 4458/3971/3747
f 4448/3961/3737 4460/3973/3749 4459/3972/3748
f 4449/3963/3739 4461/3975/3751 4460/3973/3749
f 4450/3974/3750 4462/3986/3762 4461/3975/3751
f 4464/3976/3752 4463/9/3765 4451/3977/3753
f 4465/3978/3754 4464/3976/3752 4452/3964/3740
f 4466/3979/3755 4465/3978/3754 4453/3966/3742
f 4467/3980/3756 4466/3979/3755 4454/3967/3743
f 4468/3981/3757 4467/3980/3756 4455/3968/3744
f 4469/3982/3758 4468/3981/3757 4456/3969/3745
f 4458/3971/3747 4470/3983/3759 4469/3982/3758
f 4459/3972/3748 4471/3984/3760 4470/3983/3759
f 4460/3973/3749 4472/3985/3761 4471/3984/3760
f 4461/3975/3751 4473/3987/3763 4472/3985/3761
f 4462/3986/3762 4474/3997/3774 4473/3987/3763
f 4476/3988/3764 4475/4000/3777 4463/9/3765
f 4477/3989/3766 4476/3988/3764 4464/3976/3752
f 4478/3990/3767 4477/3989/3766 4465/3978/3754
f 4479/3991/3768 4478/3990/3767 4466/3979/3755
f 4480/3992/3769 4479/3991/3768 4467/3980/3756
f 4481/3993/3770 4480/3992/3769 4468/3981/3757
f 4470/3983/3759 4482/3994/3771 4481/3993/3770
f 4471/3984/3760 4483/3995/3772 4482/3994/3771
f 4472/3985/3761 4484/3996/3773 4483/3995/3772
f 4473/3987/3763 4485/3998/3775 4484/3996/3773
f 4474/3997/3774 4486/4009/3786 4485/3998/3775
f 4488/3999/3776 4487/4012/3789 4475/4000/3777
f 4489/4001/3778 4488/3999/3776 4476/3988/3764
f 4490/4002/3779 4489/4001/3778 4477/3989/3766
f 4491/4003/3780 4490/4002/3779 4478/3990/3767
f 4492/4004/3781 4491/4003/3780 4479/3991/3768
f 4493/4005/3782 4492/4004/3781 4480/3992/3769
f 4482/3994/3771 4494/4006/3783 4493/4005/3782
f 4483/3995/3772 4495/4007/3784 4494/4006/3783
f 4484/3996/3773 4496/4008/3785 4495/4007/3784
f 4485/3998/3775 4497/4010/3787 4496/4008/3785
f 4486/4009/3786 4498/4021/3798 4497/4010/3787
f 4500/4011/3788 4499/4024/3801 4487/4012/3789
f 4501/4013/3790 4500/4011/3788 4488/3999/3776
f 4502/4014/3791 4501/4013/3790 4489/4001/3778
f 4503/4015/3792 4502/4014/3791 4490/4002/3779
f 4504/4016/3793 4503/4015/3792 4491/4003/3780
f 4505/4017/3794 4504/4016/3793 4492/4004/3781
f 4494/4006/3783 4506/4018/3795 4505/4017/3794
f 4495/4007/3784 4507/4019/3796 4506/4018/3795
f 4496/4008/3785 4508/4020/3797 4507/4019/3796
f 4497/4010/3787 4509/4022/3799 4508/4020/3797
f 4498/4021/3798 4510/4033/3810 4509/4022/3799
f 4512/4023/3800 4511/4036/3813 4499/4024/3801
f 4513/4025/3802 4512/4023/3800 4500/4011/3788
f 4514/4026/3803 4513/4025/3802 4501/4013/3790
f 4515/4027/3804 4514/4026/3803 4502/4014/3791
f 4516/4028/3805 4515/4027/3804 4503/4015/3792
f 4517/4029/3806 4516/4028/3805 4504/4016/3793
f 4506/4018/3795 4518/4030/3807 4517/4029/3806
f 4507/4019/3796 4519/4031/3808 4518/4030/3807
f 4508/4020/3797 4520/4032/3809 4519/4031/3808
f 4509/4022/3799 4521/4034/3811 4520/4032/3809
f 4510/4033/3810 4522/4044/3821 4521/4034/3811
f 4524/4035/3812 4523/4047/3824 4511/4036/3813
f 4525/4037/3814 4524/4035/3812 4512/4023/3800
f 4514/4026/3803 4526/4038/3815 4525/4037/3814
f 4515/4027/3804 4527/4039/3816 4526/4038/3815
f 4516/4028/3805 4528/4051/3828 4527/4039/3816
f 4529/4040/3817 4528/4051/3828 4516/4028/3805
f 4530/4041/3818 4529/4040/3817 4517/4029/3806
f 4531/4042/3819 4530/4041/3818 4518/4030/3807
f 4532/4043/3820 4531/4042/3819 4519/4031/3808
f 4521/4034/3811 4533/4045/3822 4532/4043/3820
f 4522/4044/3821 4534/4059/3836 4533/4045/3822
f 4524/4035/3812 4536/4048/3825 4535/4046/3823
f 4525/4037/3814 4537/4049/3826 4536/4048/3825
f 4526/4038/3815 4538/4050/3827 4537/4049/3826
f 4527/4039/3816 4539/4052/3829 4538/4050/3827
f 4528/4051/3828 4540/4063/3841 4539/4052/3829
f 4541/4053/3830 4540/4063/3841 4528/4051/3828
f 4542/4054/3831 4541/4053/3830 4529/4040/3817
f 4543/4055/3832 4542/4054/3831 4530/4041/3818
f 4544/4056/3833 4543/4055/3832 4531/4042/3819
f 4545/4057/3834 4544/4056/3833 4532/4043/3820
f 4546/4058/3835 4545/4057/3834 4533/4045/3822
f 4536/4048/3825 4548/4060/3838 4547/7/3837
f 4537/4049/3826 4549/4061/3839 4548/4060/3838
f 4538/4050/3827 4550/4062/3840 4549/4061/3839
f 4539/4052/3829 4551/4064/3842 4550/4062/3840
f 4540/4063/3841 4552/4075/3853 4551/4064/3842
f 4553/4065/3843 4552/4075/3853 4540/4063/3841
f 4554/4066/3844 4553/4065/3843 4541/4053/3830
f 4555/4067/3845 4554/4066/3844 4542/4054/3831
f 4556/4068/3846 4555/4067/3845 4543/4055/3832
f 4557/4069/3847 4556/4068/3846 4544/4056/3833
f 4558/4070/3848 4557/4069/3847 4545/4057/3834
f 4548/4060/3838 4560/4072/3850 4559/4071/3849
f 4549/4061/3839 4561/4073/3851 4560/4072/3850
f 4550/4062/3840 4562/4074/3852 4561/4073/3851
f 4551/4064/3842 4563/4076/3854 4562/4074/3852
f 4552/4075/3853 4564/4087/3865 4563/4076/3854
f 4565/4077/3855 4564/4087/3865 4552/4075/3853
f 4566/4078/3856 4565/4077/3855 4553/4065/3843
f 4567/4079/3857 4566/4078/3856 4554/4066/3844
f 4568/4080/3858 4567/4079/3857 4555/4067/3845
f 4569/4081/3859 4568/4080/3858 4556/4068/3846
f 4570/4082/3860 4569/4081/3859 4557/4069/3847
f 4560/4072/3850 4572/4084/3862 4571/4083/3861
f 4561/4073/3851 4573/4085/3863 4572/4084/3862
f 4562/4074/3852 4574/4086/3864 4573/4085/3863
f 4563/4076/3854 4575/4088/3866 4574/4086/3864
f 4564/4087/3865 4576/4099/3877 4575/4088/3866
f 4577/4089/3867 4576/4099/3877 4564/4087/3865
f 4578/4090/3868 4577/4089/3867 4565/4077/3855
f 4579/4091/3869 4578/4090/3868 4566/4078/3856
f 4580/4092/3870 4579/4091/3869 4567/4079/3857
f 4581/4093/3871 4580/4092/3870 4568/4080/3858
f 4582/4094/3872 4581/4093/3871 4569/4081/3859
f 4572/4084/3862 4584/4096/3874 4583/4095/3873
f 4573/4085/3863 4585/4097/3875 4584/4096/3874
f 4574/4086/3864 4586/4098/3876 4585/4097/3875
f 4575/4088/3866 4587/4100/3878 4586/4098/3876
f 4576/4099/3877 4588/4111/3889 4587/4100/3878
f 4589/4101/3879 4588/4111/3889 4576/4099/3877
f 4590/4102/3880 4589/4101/3879 4577/4089/3867
f 4591/4103/3881 4590/4102/3880 4578/4090/3868
f 4592/4104/3882 4591/4103/3881 4579/4091/3869
f 4593/4105/3883 4592/4104/3882 4580/4092/3870
f 4594/4106/3884 4593/4105/3883 4581/4093/3871
f 4584/4096/3874 4596/4108/3886 4595/4107/3885
f 4585/4097/3875 4597/4109/3887 4596/4108/3886
f 4586/4098/3876 4598/4110/3888 4597/4109/3887
f 4587/4100/3878 4599/4112/3890 4598/4110/3888
f 4588/4111/3889 4600/4123/3901 4599/4112/3890
f 4601/4113/3891 4600/4123/3901 4588/4111/3889
f 4602/4114/3892 4601/4113/3891 4589/4101/3879
f 4603/4115/3893 4602/4114/3892 4590/4102/3880
f 4604/4116/3894 4603/4115/3893 4591/4103/3881
f 4605/4117/3895 4604/4116/3894 4592/4104/3882
f 4606/4118/3896 4605/4117/3895 4593/4105/3883
f 4596/4108/3886 4608/4120/3898 4607/4119/3897
f 4597/4109/3887 4609/4121/3899 4608/4120/3898
f 4598/4110/3888 4610/4122/3900 4609/4121/3899
f 4599/4112/3890 4611/4124/3902 4610/4122/3900
f 4600/4123/3901 4612/4135/3913 4611/4124/3902
f 4613/4125/3903 4612/4135/3913 4600/4123/3901
f 4614/4126/3904 4613/4125/3903 4601/4113/3891
f 4615/4127/3905 4614/4126/3904 4602/4114/3892
f 4616/4128/3906 4615/4127/3905 4603/4115/3893
f 4617/4129/3907 4616/4128/3906 4604/4116/3894
f 4618/4130/3908 4617/4129/3907 4605/4117/3895
f 4608/4120/3898 4620/4132/3910 4619/4131/3909
f 4609/4121/3899 4621/4133/3911 4620/4132/3910
f 4610/4122/3900 4622/4134/3912 4621/4133/3911
f 4611/4124/3902 4623/4136/3914 4622/4134/3912
f 4612/4135/3913 4624/4146/3925 4623/4136/3914
f 4625/4137/3915 4624/4146/3925 4612/4135/3913
f 4626/4138/3916 4625/4137/3915 4613/4125/3903
f 4627/4139/3917 4626/4138/3916 4614/4126/3904
f 4628/4140/3918 4627/4139/3917 4615/4127/3905
f 4629/4141/3919 4628/4140/3918 4616/4128/3906
f 4630/4142/3920 4629/4141/3919 4617/4129/3907
f 4620/4132/3910 4632/4143/3922 4631/10/3921
f 4621/4133/3911 4633/4144/3923 4632/4143/3922
f 4622/4134/3912 4634/4145/3924 4633/4144/3923
f 4623/4136/3914 4635/4147/3926 4634/4145/3924
f 4624/4146/3925 4636/4158/3937 4635/4147/3926
f 4637/4148/3927 4636/4158/3937 4624/4146/3925
f 4638/4149/3928 4637/4148/3927 4625/4137/3915
f 4639/4150/3929 4638/4149/3928 4626/4138/3916
f 4640/4151/3930 4639/4150/3929 4627/4139/3917
f 4641/4152/3931 4640/4151/3930 4628/4140/3918
f 4642/4153/3932 4641/4152/3931 4629/4141/3919
f 4632/4143/3922 4644/4155/3934 4643/4154/3933
f 4633/4144/3923 4645/4156/3935 4644/4155/3934
f 4634/4145/3924 4646/4157/3936 4645/4156/3935
f 4635/4147/3926 4647/4159/3938 4646/4157/3936
f 4636/4158/3937 4648/4170/3949 4647/4159/3938
f 4649/4160/3939 4648/4170/3949 4636/4158/3937
f 4650/4161/3940 4649/4160/3939 4637/4148/3927
f 4651/4162/3941 4650/4161/3940 4638/4149/3928
f 4652/4163/3942 4651/4162/3941 4639/4150/3929
f 4653/4164/3943 4652/4163/3942 4640/4151/3930
f 4654/4165/3944 4653/4164/3943 4641/4152/3931
f 4644/4155/3934 4656/4167/3946 4655/4166/3945
f 4645/4156/3935 4657/4168/3947 4656/4167/3946
f 4646/4157/3936 4658/4169/3948 4657/4168/3947
f 4647/4159/3938 4659/4171/3950 4658/4169/3948
f 4648/4170/3949 4660/4182/3961 4659/4171/3950
f 4661/4172/3951 4660/4182/3961 4648/4170/3949
f 4662/4173/3952 4661/4172/3951 4649/4160/3939
f 4663/4174/3953 4662/4173/3952 4650/4161/3940
f 4664/4175/3954 4663/4174/3953 4651/4162/3941
f 4665/4176/3955 4664/4175/3954 4652/4163/3942
f 4666/4177/3956 4665/4176/3955 4653/4164/3943
f 4656/4167/3946 4668/4179/3958 4667/4178/3957
f 4657/4168/3947 4669/4180/3959 4668/4179/3958
f 4658/4169/3948 4670/4181/3960 4669/4180/3959
f 4659/4171/3950 4671/4183/3962 4670/4181/3960
f 4660/4182/3961 4672/4195/3974 4671/4183/3962
f 4673/4184/3963 4672/4195/3974 4660/4182/3961
f 4674/4185/3964 4673/4184/3963 4661/4172/3951
f 4675/4186/3965 4674/4185/3964 4662/4173/3952
f 4676/4187/3966 4675/4186/3965 4663/4174/3953
f 4677/4188/3967 4676/4187/3966 4664/4175/3954
f 4678/4189/3968 4677/4188/3967 4665/4176/3955
f 4680/4190/3969 4679/4202/3980 4667/4178/3957
f 4681/4191/3970 4680/4190/3969 4668/4179/3958
f 4682/4192/3971 4681/4191/3970 4669/4180/3959
f 4683/4193/3972 4682/4192/3971 4670/4181/3960
f 4684/4194/3973 4683/4193/3972 4671/4183/3962
f 4685/4196/3975 4684/4194/3973 4672/4195/3974
f 4674/4185/3964 4686/4197/3976 4685/4196/3975
f 4675/4186/3965 4687/4198/3977 4686/4197/3976
f 4676/4187/3966 4688/4199/3978 4687/4198/3977
f 4677/4188/3967 4689/4200/3979 4688/4199/3978
f 4678/4189/3968 4690/4213/3989 4689/4200/3979
f 4680/4190/3969 4692/4203/3981 4691/4201/3334
f 4681/4191/3970 4693/4204/3982 4692/4203/3981
f 4682/4192/3971 4694/4205/3983 4693/4204/3982
f 4683/4193/3972 4695/4206/3984 4694/4205/3983
f 4684/4194/3973 4696/4218/3994 4695/4206/3984
f 4697/4207/3985 4696/4218/3994 4684/4194/3973
f 4698/4208/3986 4697/4207/3985 4685/4196/3975
f 4699/4209/3987 4698/4208/3986 4686/4197/3976
f 4700/4210/3988 4699/4209/3987 4687/4198/3977
f 4701/4211/3332 4700/4210/3988 4688/4199/3978
f 4702/4212/3345 4701/4211/3332 4689/4200/3979
f 4692/4203/3981 4704/4215/3991 4703/4214/3990
f 4693/4204/3982 4705/4216/3992 4704/4215/3991
f 4694/4205/3983 4706/4217/3993 4705/4216/3992
f 4695/4206/3984 4707/4219/3995 4706/4217/3993
f 4696/4218/3994 4708/4226/4002 4707/4219/3995
f 4709/4220/3996 4708/4226/4002 4696/4218/3994
f 4710/4221/3997 4709/4220/3996 4697/4207/3985
f 4711/4222/3998 4710/4221/3997 4698/4208/3986
f 4712/4223/3999 4711/4222/3998 4699/4209/3987
f 4713/4224/4000 4712/4223/3999 4700/4210/3988
f 4714/4225/4001 4713/4224/4000 4701/4211/3332
f 3792/3147/3095 3791/11/3097 4703/4214/3990
f 3793/3148/3098 3792/3147/3095 4704/4215/3991
f 3794/3149/3100 3793/3148/3098 4705/4216/3992
f 3795/3150/3102 3794/3149/3100 4706/4217/3993
f 3796/3323/3104 3795/3150/3102 4707/4219/3995
f 3797/3151/3107 3796/3323/3104 4708/4226/4002
f 4710/4221/3997 3798/3152/3109 3797/3151/3107
f 4711/4222/3998 3799/3153/3111 3798/3152/3109
f 4712/4223/3999 3800/3154/3113 3799/3153/3111
f 4713/4224/4000 3801/3155/3115 3800/3154/3113
f 4714/4225/4001 3802/3156/3117 3801/3155/3115
f 4716/342/4003 4728/4228/4007 4727/4227/4004
f 4717/344/4006 4729/4229/4009 4728/4228/4007
f 4718/346/4008 4730/4230/4011 4729/4229/4009
f 4719/348/4010 4731/4231/4013 4730/4230/4011
f 4720/350/4012 4732/4238/4031 4731/4231/4013
f 4733/4232/4014 4732/4238/4031 4720/350/4012
f 4734/4233/4016 4733/4232/4014 4721/353/4015
f 4735/4234/4018 4734/4233/4016 4722/355/4017
f 4736/4235/4020 4735/4234/4018 4723/357/4019
f 4737/4236/4022 4736/4235/4020 4724/359/4021
f 4738/4237/4024 4737/4236/4022 4725/361/4023
f 4740/807/4026 4739/820/4038 4727/4227/4004
f 4741/809/4027 4740/807/4026 4728/4228/4007
f 4742/810/4028 4741/809/4027 4729/4229/4009
f 4743/811/4029 4742/810/4028 4730/4230/4011
f 4744/812/4030 4743/811/4029 4731/4231/4013
f 4745/813/4032 4744/812/4030 4732/4238/4031
f 4734/4233/4016 4746/814/4033 4745/813/4032
f 4735/4234/4018 4747/815/4034 4746/814/4033
f 4736/4235/4020 4748/816/4035 4747/815/4034
f 4737/4236/4022 4749/818/4036 4748/816/4035
f 4738/4237/4024 4750/829/4049 4749/818/4036
f 4740/807/4026 4752/3169/4039 4751/22/4037
f 4741/809/4027 4753/3170/4040 4752/3169/4039
f 4742/810/4028 4754/3171/4041 4753/3170/4040
f 4743/811/4029 4755/3172/4042 4754/3171/4041
f 4744/812/4030 4756/3173/4055 4755/3172/4042
f 4757/3175/4043 4756/3173/4055 4744/812/4030
f 4758/3176/4044 4757/3175/4043 4745/813/4032
f 4759/3177/4045 4758/3176/4044 4746/814/4033
f 4760/3178/4046 4759/3177/4045 4747/815/4034
f 4761/3179/4047 4760/3178/4046 4748/816/4035
f 4762/3191/4048 4761/3179/4047 4749/818/4036
f 4764/1277/4050 4763/1276/4062 4751/22/4037
f 4765/1278/4051 4764/1277/4050 4752/3169/4039
f 4766/1279/4052 4765/1278/4051 4753/3170/4040
f 4767/1281/4053 4766/1279/4052 4754/3171/4041
f 4768/1292/4054 4767/1281/4053 4755/3172/4042
f 4769/1282/4056 4768/1292/4054 4756/3173/4055
f 4758/3176/4044 4770/1283/4057 4769/1282/4056
f 4759/3177/4045 4771/1284/4058 4770/1283/4057
f 4760/3178/4046 4772/1285/4059 4771/1284/4058
f 4761/3179/4047 4773/1286/4060 4772/1285/4059
f 4762/3191/4048 4774/1287/4071 4773/1286/4060
f 4776/4239/4061 4775/4249/4074 4763/1276/4062
f 4777/4240/4063 4776/4239/4061 4764/1277/4050
f 4778/4241/4064 4777/4240/4063 4765/1278/4051
f 4779/4242/4065 4778/4241/4064 4766/1279/4052
f 4780/4243/4066 4779/4242/4065 4767/1281/4053
f 4781/4244/4067 4780/4243/4066 4768/1292/4054
f 4770/1283/4057 4782/4245/4068 4781/4244/4067
f 4771/1284/4058 4783/4246/4069 4782/4245/4068
f 4772/1285/4059 4784/4247/4070 4783/4246/4069
f 4773/1286/4060 4785/4248/4072 4784/4247/4070
f 4774/1287/4071 4786/4250/4083 4785/4248/4072
f 4788/1744/4073 4787/37/4086 4775/4249/4074
f 4789/1745/4075 4788/1744/4073 4776/4239/4061
f 4790/1746/4076 4789/1745/4075 4777/4240/4063
f 4791/1748/4077 4790/1746/4076 4778/4241/4064
f 4792/1759/4078 4791/1748/4077 4779/4242/4065
f 4793/1749/4079 4792/1759/4078 4780/4243/4066
f 4782/4245/4068 4794/1750/4080 4793/1749/4079
f 4783/4246/4069 4795/1751/4081 4794/1750/4080
f 4784/4247/4070 4796/1752/4082 4795/1751/4081
f 4785/4248/4072 4797/1753/4084 4796/1752/4082
f 4786/4250/4083 4798/1754/4097 4797/1753/4084
f 4788/1744/4073 4800/4252/4087 4799/4251/4085
f 4789/1745/4075 4801/4253/4088 4800/4252/4087
f 4790/1746/4076 4802/4254/4089 4801/4253/4088
f 4791/1748/4077 4803/4255/4090 4802/4254/4089
f 4792/1759/4078 4804/4262/4103 4803/4255/4090
f 4805/4256/4091 4804/4262/4103 4792/1759/4078
f 4806/4257/4092 4805/4256/4091 4793/1749/4079
f 4807/4258/4093 4806/4257/4092 4794/1750/4080
f 4808/4259/4094 4807/4258/4093 4795/1751/4081
f 4809/4260/4095 4808/4259/4094 4796/1752/4082
f 4810/4261/4096 4809/4260/4095 4797/1753/4084
f 4812/2212/4098 4811/2211/4110 4799/4251/4085
f 4813/2213/4099 4812/2212/4098 4800/4252/4087
f 4814/2214/4100 4813/2213/4099 4801/4253/4088
f 4815/2216/4101 4814/2214/4100 4802/4254/4089
f 4816/2227/4102 4815/2216/4101 4803/4255/4090
f 4817/2217/4104 4816/2227/4102 4804/4262/4103
f 4806/4257/4092 4818/2218/4105 4817/2217/4104
f 4807/4258/4093 4819/2219/4106 4818/2218/4105
f 4808/4259/4094 4820/2220/4107 4819/2219/4106
f 4809/4260/4095 4821/2221/4108 4820/2220/4107
f 4810/4261/4096 4822/2222/4119 4821/2221/4108
f 4824/3203/4109 4823/31/4122 4811/2211/4110
f 4825/3205/4111 4824/3203/4109 4812/2212/4098
f 4826/3206/4112 4825/3205/4111 4813/2213/4099
f 4827/3207/4113 4826/3206/4112 4814/2214/4100
f 4828/3208/4114 4827/3207/4113 4815/2216/4101
f 4829/3209/4115 4828/3208/4114 4816/2227/4102
f 4818/2218/4105 4830/3210/4116 4829/3209/4115
f 4819/2219/4106 4831/3211/4117 4830/3210/4116
f 4820/2220/4107 4832/3212/4118 4831/3211/4117
f 4821/2221/4108 4833/3214/4120 4832/3212/4118
f 4822/2222/4119 4834/3226/4131 4833/3214/4120
f 4836/2680/4121 4835/2679/4134 4823/31/4122
f 4837/2681/4123 4836/2680/4121 4824/3203/4109
f 4838/2682/4124 4837/2681/4123 4825/3205/4111
f 4839/2684/4125 4838/2682/4124 4826/3206/4112
f 4840/2695/4126 4839/2684/4125 4827/3207/4113
f 4841/2685/4127 4840/2695/4126 4828/3208/4114
f 4830/3210/4116 4842/2686/4128 4841/2685/4127
f 4831/3211/4117 4843/2687/4129 4842/2686/4128
f 4832/3212/4118 4844/2688/4130 4843/2687/4129
f 4833/3214/4120 4845/2689/4132 4844/2688/4130
f 4834/3226/4131 4846/2690/4145 4845/2689/4132
f 4836/2680/4121 4848/4264/4135 4847/4263/4133
f 4837/2681/4123 4849/4265/4136 4848/4264/4135
f 4838/2682/4124 4850/4266/4137 4849/4265/4136
f 4839/2684/4125 4851/4267/4138 4850/4266/4137
f 4840/2695/4126 4852/4274/4146 4851/4267/4138
f 4853/4268/4139 4852/4274/4146 4840/2695/4126
f 4854/4269/4140 4853/4268/4139 4841/2685/4127
f 4855/4270/4141 4854/4269/4140 4842/2686/4128
f 4856/4271/4142 4855/4270/4141 4843/2687/4129
f 4857/4272/4143 4856/4271/4142 4844/2688/4130
f 4858/4273/4144 4857/4272/4143 4845/2689/4132
f 4716/3147/4003 4715/11/4005 4847/4263/4133
f 4717/3148/4006 4716/3147/4003 4848/4264/4135
f 4718/3149/4008 4717/3148/4006 4849/4265/4136
f 4719/3150/4010 4718/3149/4008 4850/4266/4137
f 4720/3323/4012 4719/3150/4010 4851/4267/4138
f 4721/3151/4015 4720/3323/4012 4852/4274/4146
f 4854/4269/4140 4722/3152/4017 4721/3151/4015
f 4855/4270/4141 4723/3153/4019 4722/3152/4017
f 4856/4271/4142 4724/3154/4021 4723/3153/4019
f 4857/4272/4143 4725/3155/4023 4724/3154/4021
f 4858/4273/4144 4726/3156/4025 4725/3155/4023
